Age,Gender,Annual Income,Monthly Income,Employment Type,Job Experience,Loan Amount,Loan Term,Credit Score,Existing Loans,Debt To Income Ratio,Number of Dependents,Education,Home Ownership,Marital Status,Loan Purpose,Previous Defaults,Savings Balance,Current Balance,EMI,Loan Default
59,Male,87023.31,7251.94,Self-Employed,18,12676.95,24,714,2,0.159,3,Bachelor,Mortgage,Divorced,Education,0,0.0,1190.98,579.14,0
49,Male,195585.46,16298.79,Salaried,26,98526.21,36,667,1,0.2186,0,Bachelor,Mortgage,Single,Education,1,103662.89,45125.26,3319.74,0
35,Female,74927.91,6243.99,Salaried,0,32239.17,24,666,0,0.2455,0,Master,Mortgage,Single,Personal,0,0.0,3033.07,1532.71,0
63,Female,94474.5,7872.88,Salaried,15,18806.13,48,718,4,0.2569,1,Bachelor,Mortgage,Single,Auto,0,23371.63,4307.19,467.99,0
28,Male,68341.99,5695.17,Salaried,2,17614.29,36,717,0,0.0984,2,Bachelor,Rent,Single,Auto,0,27028.49,16584.89,560.13,0
41,Male,56789.47,4732.46,Salaried,4,115261.56,60,721,0,0.5056,1,Bachelor,Rent,Single,Business,0,16855.01,7894.38,2392.64,0
59,Male,128928.5,10744.04,Self-Employed,21,56881.52,36,693,0,0.1684,0,Bachelor,Rent,Divorced,Auto,1,12630.28,8149.64,1808.82,0
39,Male,2803.25,233.6,Unemployed,0,12017.22,36,550,1,1.1883,2,Bachelor,Mortgage,Single,Home,1,2738.07,3202.95,434.45,1
43,Male,119597.97,9966.5,Salaried,18,21530.22,36,639,0,0.0728,1,Bachelor,Mortgage,Single,Auto,0,23326.93,7820.6,725.44,0
31,Female,94070.16,7839.18,Salaried,3,32206.17,36,598,1,0.1657,0,Master,Own,Single,Personal,0,14551.44,9751.2,1085.15,0
31,Male,5382.65,448.55,Unemployed,0,2000.0,60,540,1,0.7881,0,Bachelor,Rent,Divorced,Education,2,6629.56,4074.7,50.79,1
44,Male,168297.77,14024.81,Salaried,4,501705.75,12,712,3,1.5,1,PhD,Rent,Divorced,Home,0,2490.67,2889.41,43874.91,0
56,Male,110404.99,9200.42,Self-Employed,4,347238.0,36,761,0,1.1482,2,Bachelor,Rent,Married,Home,0,7434.48,996.33,10563.65,0
60,Female,5559.99,463.33,Unemployed,0,18262.77,36,635,3,1.5,4,Bachelor,Mortgage,Married,Home,0,3376.31,3633.55,615.34,1
44,Female,7620.15,635.01,Student,0,2229.23,60,619,4,1.5,1,Master,Mortgage,Single,Auto,0,5346.54,1934.14,50.72,1
23,Female,49717.47,4143.12,Salaried,0,29095.94,48,661,1,0.2456,2,High School,Rent,Single,Auto,0,3141.73,2810.06,780.57,0
42,Female,96578.93,8048.24,Self-Employed,0,41367.21,48,623,0,0.1379,0,Bachelor,Rent,Married,Auto,0,55867.78,15378.99,1109.78,0
22,Male,89276.69,7439.72,Salaried,1,27326.36,12,704,2,0.3844,3,Bachelor,Mortgage,Married,Auto,0,30307.67,15114.19,2389.73,0
44,Male,62946.16,5245.51,Salaried,14,52833.05,48,617,0,0.2702,1,Bachelor,Rent,Single,Education,1,36907.45,13266.44,1417.38,0
64,Female,88193.66,7349.47,Salaried,20,38676.18,48,775,0,0.1236,1,High School,Rent,Single,Auto,0,42003.23,21428.91,908.31,0
50,Male,232590.55,19382.55,Salaried,27,91882.53,36,739,1,0.1682,0,Bachelor,Mortgage,Married,Auto,0,0.0,1600.68,2921.84,0
58,Female,110053.45,9171.12,Salaried,18,23884.2,24,670,4,0.2797,0,Bachelor,Rent,Single,Auto,0,13246.1,9091.42,1135.5,0
22,Male,70553.76,5879.48,Self-Employed,0,8646.51,24,586,1,0.1161,2,Bachelor,Rent,Married,Personal,0,0.0,307.64,411.07,0
41,Male,119685.82,9973.82,Salaried,13,70869.49,36,662,0,0.2394,0,Master,Mortgage,Single,Auto,0,52257.28,31700.79,2387.87,0
53,Female,119723.36,9976.95,Salaried,5,237397.25,12,737,2,1.5,0,Master,Rent,Single,Business,0,28720.27,12029.94,20760.74,0
32,Female,51551.86,4295.99,Self-Employed,1,34206.98,24,589,1,0.4204,0,Bachelor,Rent,Married,Education,0,8001.63,6145.72,1626.26,0
42,Female,4470.14,372.51,Unemployed,0,2000.0,36,513,2,1.5,0,Master,Rent,Divorced,Auto,1,4820.58,3019.34,72.3,1
64,Male,203571.7,16964.31,Salaried,31,205497.13,24,710,1,0.5614,1,Bachelor,Rent,Single,Business,0,72510.66,11952.58,9388.08,0
45,Female,3382.87,281.91,Unemployed,0,8193.09,48,649,0,0.4396,1,Bachelor,Mortgage,Single,Home,1,8836.66,4272.09,219.8,1
69,Male,11261.44,938.45,Unemployed,0,3999.02,48,538,0,0.1252,0,Bachelor,Mortgage,Single,Personal,2,5189.76,3511.07,117.47,1
47,Male,77564.2,6463.68,Salaried,7,320110.09,36,547,1,1.5,1,Bachelor,Rent,Married,Home,1,13103.79,6474.53,11572.75,1
62,Male,131153.06,10929.42,Self-Employed,36,119196.85,48,731,0,0.2714,2,High School,Mortgage,Married,Education,0,43516.92,27388.23,2966.22,0
48,Male,113412.63,9451.05,Salaried,21,33561.37,24,706,0,0.1622,3,Bachelor,Rent,Single,Personal,1,32149.01,7411.07,1533.24,0
36,Male,9780.31,815.03,Student,0,40096.01,48,648,0,1.3198,1,Bachelor,Mortgage,Single,Home,0,9606.96,6698.41,1075.68,1
35,Male,134764.93,11230.41,Self-Employed,7,137016.81,24,633,0,0.58,1,Bachelor,Mortgage,Divorced,Business,0,62926.87,37990.29,6514.03,0
67,Male,176258.96,14688.25,Salaried,37,126310.59,36,728,4,0.3227,0,PhD,Rent,Married,Auto,0,4764.82,7562.22,4016.64,0
64,Male,138346.95,11528.91,Salaried,9,100218.82,36,765,1,0.2942,1,Bachelor,Rent,Married,Auto,0,0.0,1981.39,3048.85,0
23,Male,57108.98,4759.08,Salaried,2,18803.57,36,763,4,0.3301,2,High School,Mortgage,Single,Auto,0,18309.28,8575.67,572.04,0
57,Male,129322.91,10776.91,Salaried,12,121789.11,36,742,1,0.3908,1,Bachelor,Mortgage,Single,Auto,0,29681.51,3983.91,3872.86,0
27,Male,51697.5,4308.12,Self-Employed,6,24331.2,48,589,0,0.1515,0,Bachelor,Mortgage,Married,Auto,0,13845.93,3438.49,652.75,0
41,Female,105957.53,8829.79,Salaried,3,348679.82,36,671,0,1.2557,1,Bachelor,Rent,Married,Home,0,51983.86,32252.66,11087.93,0
29,Male,37666.7,3138.89,Salaried,5,21026.51,24,671,0,0.306,3,High School,Mortgage,Married,Auto,0,15098.1,5672.87,960.59,0
59,Male,175778.54,14648.21,Self-Employed,15,61982.47,48,707,0,0.1053,3,Bachelor,Rent,Single,Education,0,46612.74,8417.34,1542.44,0
38,Male,9992.87,832.74,Unemployed,0,16992.58,24,615,2,1.5,2,Master,Mortgage,Married,Home,0,9780.74,6827.31,807.86,1
24,Female,77443.7,6453.64,Self-Employed,1,34646.67,24,647,0,0.2552,0,Bachelor,Mortgage,Married,Education,0,13112.57,5560.59,1647.17,0
45,Female,256350.05,21362.5,Self-Employed,20,148223.55,48,759,0,0.163,0,Master,Mortgage,Divorced,Education,0,131977.78,38890.73,3481.03,0
34,Female,3690.73,307.56,Unemployed,0,12386.5,60,625,1,1.1535,2,Master,Rent,Single,Home,0,7172.96,4163.75,281.83,1
29,Female,74583.2,6215.27,Salaried,0,64807.61,60,597,0,0.2372,0,High School,Rent,Married,Personal,0,32793.97,9038.48,1474.57,0
46,Male,175221.94,14601.83,Self-Employed,23,51055.15,24,664,0,0.1662,1,Bachelor,Mortgage,Married,Auto,0,33827.84,23153.53,2427.25,0
22,Female,46673.48,3889.46,Salaried,1,17802.31,48,733,0,0.1139,1,Bachelor,Mortgage,Divorced,Auto,0,6841.44,3996.09,443.01,0
40,Female,76707.77,6392.31,Self-Employed,12,49997.09,36,625,1,0.2847,1,High School,Mortgage,Married,Auto,1,9204.43,6251.19,1684.6,0
48,Male,181631.46,15135.96,Salaried,25,76426.42,36,665,0,0.1701,1,Bachelor,Mortgage,Divorced,Personal,0,25416.53,7330.97,2575.11,0
67,Male,8130.22,677.52,Unemployed,0,12661.47,36,629,1,0.9551,3,Bachelor,Own,Divorced,Home,0,4133.27,2907.12,426.61,1
27,Male,48045.37,4003.78,Salaried,1,19807.04,48,656,0,0.1327,0,High School,Rent,Single,Education,0,1670.77,1374.7,531.37,0
64,Female,131673.14,10972.76,Salaried,19,95215.04,36,704,2,0.3008,2,Master,Mortgage,Married,Education,0,20207.9,11729.83,3027.81,0
28,Female,64225.97,5352.16,Salaried,4,47435.38,12,637,0,0.7916,2,Bachelor,Mortgage,Married,Auto,0,3389.63,5626.61,4236.8,0
67,Female,171234.04,14269.5,Salaried,5,112854.83,12,803,2,0.7083,3,Master,Rent,Single,Business,1,44188.19,11659.43,9713.01,0
55,Male,72739.33,6061.61,Salaried,8,24435.51,36,728,1,0.1605,1,Bachelor,Rent,Single,Education,0,36530.97,19229.67,777.04,0
34,Male,169638.98,14136.58,Salaried,4,96445.66,36,621,0,0.2299,1,Master,Rent,Single,Education,0,22668.3,6089.29,3249.64,0
37,Male,4102.26,341.86,Unemployed,0,2000.0,48,515,2,0.9787,4,Bachelor,Own,Married,Personal,0,6682.95,2579.83,58.75,1
56,Male,70742.7,5895.22,Salaried,15,15617.05,24,695,0,0.121,1,High School,Mortgage,Single,Education,0,24790.45,7848.82,713.46,0
60,Female,43035.17,3586.26,Salaried,3,17206.62,36,739,1,0.2267,1,Bachelor,Mortgage,Divorced,Personal,0,15727.43,5525.52,547.17,0
24,Female,117864.09,9822.01,Self-Employed,3,267469.31,36,649,2,0.9522,0,Bachelor,Mortgage,Married,Home,1,28502.04,12135.79,9012.1,1
22,Male,47139.43,3928.29,Salaried,1,22912.73,24,681,0,0.2665,0,Bachelor,Rent,Married,Personal,0,10481.84,5448.05,1046.76,0
26,Female,5573.29,464.44,Unemployed,0,6564.5,24,621,0,0.6242,1,Bachelor,Mortgage,Single,Home,0,7150.36,4832.39,312.09,1
62,Male,142306.93,11858.91,Salaried,28,37780.06,48,707,2,0.1308,2,High School,Mortgage,Married,Education,1,69117.6,8666.44,940.16,0
24,Female,104643.73,8720.31,Salaried,2,158268.94,24,748,0,0.8292,2,Bachelor,Mortgage,Married,Business,0,38962.53,23089.04,7230.48,0
49,Male,148906.61,12408.88,Salaried,12,58308.15,24,683,1,0.236,0,Bachelor,Rent,Single,Education,0,35479.89,10665.71,2663.79,0
38,Male,173935.23,14494.6,Salaried,16,132933.6,24,638,2,0.4787,2,Bachelor,Own,Married,Auto,0,0.0,1829.51,6319.91,0
46,Male,139696.01,11641.33,Self-Employed,8,84553.57,36,502,0,0.2626,1,Bachelor,Rent,Married,Auto,1,16921.84,8935.55,3056.81,1
64,Male,311272.3,25939.36,Salaried,24,316565.25,36,773,0,0.3713,1,PhD,Rent,Single,Business,0,27300.4,13990.24,9630.53,0
54,Male,10824.24,902.02,Student,0,6951.53,60,598,1,0.5258,4,Bachelor,Mortgage,Married,Auto,0,4912.57,4065.54,158.17,0
30,Female,89170.14,7430.84,Salaried,3,40862.07,36,753,0,0.1673,0,Bachelor,Mortgage,Single,Personal,0,42749.48,11863.47,1243.1,0
56,Female,69757.06,5813.09,Self-Employed,9,179989.3,24,507,1,1.5,2,Master,Mortgage,Married,Home,2,34944.44,12572.29,8985.8,1
34,Female,12225.7,1018.81,Student,0,5620.93,36,658,2,0.9054,1,Bachelor,Mortgage,Married,Personal,0,8830.5,4057.61,189.39,1
51,Male,63947.55,5328.96,Salaried,19,107520.72,36,641,1,0.7288,2,High School,Mortgage,Single,Home,0,23592.19,5585.27,3622.8,0
68,Female,191332.43,15944.37,Self-Employed,47,322788.38,24,727,0,0.9249,1,High School,Rent,Married,Business,0,68954.0,10791.3,14746.5,0
35,Male,98003.78,8166.98,Salaried,6,219525.27,48,636,2,0.7491,0,Bachelor,Own,Married,Home,0,22173.85,12890.15,5889.31,0
28,Male,83285.88,6940.49,Self-Employed,3,46942.1,12,724,1,0.6425,1,High School,Rent,Married,Auto,1,41751.06,9459.34,4105.16,0
34,Female,53270.51,4439.21,Self-Employed,0,20343.27,12,576,1,0.5045,0,Bachelor,Rent,Single,Education,0,13037.47,4967.43,1865.07,0
43,Female,85642.58,7136.88,Salaried,10,14284.01,24,701,1,0.1356,0,High School,Rent,Single,Education,0,0.0,1679.22,652.56,0
60,Male,77517.5,6459.79,Salaried,12,7331.79,12,730,0,0.0993,2,High School,Mortgage,Single,Auto,0,24206.23,9024.07,641.18,0
41,Male,180407.66,15033.97,Salaried,17,45875.97,12,649,2,0.2956,1,Bachelor,Rent,Divorced,Education,1,29441.53,5071.79,4097.52,0
36,Female,4659.94,388.33,Unemployed,0,7307.67,12,644,0,1.3054,2,PhD,Rent,Single,Home,0,7890.38,2987.9,652.7,1
65,Male,2594.38,216.2,Unemployed,0,10744.89,36,559,3,1.47,1,Bachelor,Mortgage,Married,Home,0,7520.31,5665.86,388.45,1
38,Male,121088.41,10090.7,Self-Employed,4,222508.07,48,676,0,0.5487,1,Master,Rent,Divorced,Home,0,28884.71,18612.9,5537.12,0
67,Female,306483.91,25540.33,Salaried,35,169481.37,24,771,1,0.3052,4,PhD,Rent,Married,Auto,0,0.0,2970.42,7511.52,0
44,Male,5117.07,426.42,Unemployed,0,2451.04,24,545,0,0.2447,4,High School,Rent,Married,Auto,2,849.39,1569.0,122.37,1
46,Male,11865.38,988.78,Unemployed,0,36971.19,48,661,0,1.0031,0,Bachelor,Mortgage,Divorced,Home,1,5571.78,5959.55,991.84,1
45,Male,82038.45,6836.54,Salaried,23,33485.26,24,681,0,0.2238,3,Bachelor,Own,Single,Auto,0,10939.79,6056.94,1529.77,0
65,Female,128342.41,10695.2,Salaried,5,210992.21,24,678,1,0.9194,0,Master,Rent,Single,Business,0,11564.15,7507.04,9639.12,0
61,Female,4602.17,383.51,Unemployed,0,2000.0,36,627,1,0.4941,0,Bachelor,Mortgage,Single,Education,0,10039.82,6951.14,67.39,0
49,Female,2019.12,168.26,Unemployed,0,2000.0,36,548,1,0.8775,1,PhD,Own,Single,Auto,1,3914.71,2016.15,72.3,1
35,Female,116052.23,9671.02,Salaried,14,360268.37,36,665,0,1.2552,4,High School,Rent,Married,Home,0,0.0,1364.63,12138.87,0
65,Female,9816.13,818.01,Student,0,2000.0,36,574,0,0.0884,4,High School,Mortgage,Single,Auto,1,3095.12,2959.36,72.3,1
21,Male,101789.29,8482.44,Salaried,0,206444.88,36,713,1,0.8005,0,Bachelor,Own,Married,Home,0,43258.34,16990.77,6564.89,0
45,Male,13400.67,1116.72,Student,0,14798.54,24,715,3,1.2771,2,Bachelor,Rent,Single,Business,0,9844.38,7538.39,676.07,1
27,Female,81361.26,6780.1,Salaried,6,56593.33,24,805,1,0.4055,2,High School,Rent,Single,Auto,0,19863.21,10359.96,2508.25,0
29,Female,74803.35,6233.61,Salaried,1,198299.78,36,659,4,1.1512,0,Bachelor,Own,Married,Home,0,18708.75,8512.17,6681.5,0
44,Female,78171.87,6514.32,Salaried,3,42284.36,12,727,0,0.5676,2,High School,Rent,Single,Personal,0,11672.1,2710.91,3697.83,0
21,Female,5672.72,472.73,Unemployed,0,2823.46,24,561,3,1.2055,1,Bachelor,Rent,Married,Personal,0,6943.38,5318.24,140.96,1
64,Male,138074.81,11506.23,Salaried,13,75592.06,12,744,0,0.5745,0,Master,Mortgage,Divorced,Personal,0,31906.88,13263.5,6610.64,0
28,Male,84638.98,7053.25,Self-Employed,3,60704.21,24,746,1,0.4107,2,Master,Rent,Married,Personal,0,6330.39,5385.29,2773.26,0
44,Male,119458.72,9954.89,Salaried,17,363559.82,36,746,3,1.2481,0,Bachelor,Own,Single,Home,0,26957.31,9513.8,11561.11,0
31,Male,151623.02,12635.25,Self-Employed,9,115371.52,24,668,0,0.4341,0,Bachelor,Rent,Divorced,Personal,0,24454.66,9730.72,5484.97,0
37,Male,128788.88,10732.41,Salaried,15,38036.25,48,574,0,0.1041,0,Bachelor,Rent,Single,Personal,0,62644.66,24381.32,1117.31,0
28,Female,66554.89,5546.24,Salaried,0,17724.71,36,693,1,0.1387,2,High School,Mortgage,Married,Personal,0,32881.38,12218.21,563.64,0
55,Female,128241.61,10686.8,Salaried,31,72952.89,24,626,1,0.3489,1,Bachelor,Mortgage,Single,Auto,0,47239.48,14844.13,3468.31,0
55,Male,93178.92,7764.91,Salaried,7,54746.94,60,733,0,0.1464,1,High School,Own,Single,Education,0,11669.13,7213.1,1136.46,0
53,Male,75949.64,6329.14,Self-Employed,12,38594.8,36,694,0,0.1939,1,Master,Mortgage,Divorced,Business,0,4571.3,3163.67,1227.3,0
25,Male,154466.48,12872.21,Salaried,2,20548.48,48,605,2,0.0626,0,Master,Own,Single,Education,0,73380.84,12639.75,551.26,0
62,Male,138402.39,11533.53,Salaried,8,30930.25,48,690,1,0.0933,3,Bachelor,Mortgage,Married,Auto,0,18325.11,4210.2,769.7,0
59,Female,97017.91,8084.83,Salaried,32,169674.82,24,784,1,0.9582,1,Bachelor,Mortgage,Single,Home,0,27196.32,12757.59,7520.09,0
61,Female,79548.96,6629.08,Salaried,11,147816.63,36,786,0,0.6784,0,High School,Rent,Married,Home,0,26258.24,9863.06,4496.87,0
48,Female,111816.23,9318.02,Salaried,4,58014.21,36,821,1,0.2219,0,Bachelor,Own,Divorced,Auto,0,56202.09,21082.23,1764.9,0
27,Female,67785.59,5648.8,Salaried,0,34108.27,24,586,0,0.2871,0,Bachelor,Mortgage,Married,Education,0,5380.03,4289.94,1621.57,0
29,Female,58593.87,4882.82,Self-Employed,8,131869.47,12,679,0,1.5,3,Bachelor,Rent,Married,Home,1,25870.47,7624.44,11532.18,1
28,Male,79764.0,6647.0,Salaried,5,210460.66,12,719,0,1.5,1,High School,Rent,Married,Home,0,18059.91,5929.29,18405.1,0
32,Male,104381.82,8698.48,Salaried,2,298867.01,48,746,0,0.855,2,Master,Own,Divorced,Home,1,4085.07,4370.23,7437.32,0
54,Male,91590.01,7632.5,Salaried,15,27800.84,12,783,2,0.3412,0,Bachelor,Mortgage,Single,Auto,0,42344.39,27307.61,2392.72,0
53,Female,107320.82,8943.4,Salaried,22,33991.43,60,750,0,0.0789,1,Master,Rent,Married,Education,0,48510.53,30269.45,705.61,0
68,Male,145942.0,12161.83,Self-Employed,7,91414.11,24,789,0,0.3331,3,Master,Mortgage,Single,Education,0,0.0,973.16,4051.53,0
43,Male,2423.02,201.92,Unemployed,0,2000.0,36,611,1,0.5923,0,PhD,Own,Single,Business,0,8410.42,2197.04,67.39,0
44,Female,116198.45,9683.2,Salaried,20,11794.31,48,645,0,0.0327,1,High School,Rent,Single,Education,0,4168.4,4291.12,316.41,0
57,Female,68620.61,5718.38,Salaried,2,254709.59,24,616,1,1.5,3,High School,Rent,Married,Home,0,24801.82,6280.2,12109.36,1
55,Female,118503.75,9875.31,Salaried,23,70290.26,24,618,1,0.3768,2,Bachelor,Mortgage,Divorced,Education,0,38074.8,21484.01,3341.73,0
64,Male,6722.87,560.24,Unemployed,0,2458.95,12,661,0,0.392,0,High School,Rent,Single,Personal,0,7308.75,6426.86,219.63,0
60,Male,161352.31,13446.03,Self-Employed,21,472530.65,60,593,2,0.8583,0,Bachelor,Rent,Married,Home,0,1195.91,3054.12,10751.52,0
42,Male,11591.24,965.94,Unemployed,0,3875.71,36,599,0,0.1352,0,Bachelor,Rent,Married,Personal,0,7792.22,4473.68,130.59,0
47,Male,116297.22,9691.44,Salaried,13,92286.55,48,679,0,0.237,3,Bachelor,Mortgage,Married,Personal,1,0.0,3184.74,2296.55,0
55,Male,137694.54,11474.54,Self-Employed,21,10637.55,36,642,1,0.0589,1,High School,Rent,Divorced,Auto,0,55368.85,29482.06,358.42,0
21,Male,82510.58,6875.88,Self-Employed,0,23286.94,48,669,1,0.1223,4,Master,Rent,Single,Auto,1,0.0,1677.23,624.73,0
55,Female,119073.07,9922.76,Salaried,33,36734.67,12,689,0,0.3238,0,High School,Rent,Single,Auto,0,43210.75,23547.71,3212.5,0
57,Male,110810.8,9234.23,Salaried,35,463652.92,36,686,1,1.5,1,Bachelor,Rent,Single,Home,0,51712.56,19993.14,14744.04,0
67,Female,174312.53,14526.04,Salaried,30,132523.84,36,723,0,0.2901,0,Bachelor,Rent,Divorced,Auto,0,21976.95,5870.58,4214.22,0
34,Female,90159.26,7513.27,Self-Employed,4,77926.47,60,641,0,0.236,0,Bachelor,Rent,Divorced,Personal,0,40497.08,15422.0,1773.07,0
23,Male,10488.14,874.01,Unemployed,0,32955.28,36,581,0,1.2705,0,Bachelor,Rent,Single,Home,0,7129.21,4489.42,1110.39,1
21,Female,74827.58,6235.63,Salaried,0,158056.04,12,728,1,1.5,0,High School,Rent,Single,Business,0,35026.18,17932.53,13822.23,0
25,Male,120380.43,10031.7,Salaried,2,290673.37,60,651,0,0.6593,2,Bachelor,Rent,Married,Home,0,45357.98,9572.34,6613.71,0
46,Male,4363.01,363.58,Unemployed,0,4534.15,60,644,0,0.2063,0,High School,Mortgage,Married,Auto,1,5548.66,4296.54,103.17,0
34,Female,57014.3,4751.19,Salaried,9,148841.88,36,645,0,1.0555,1,High School,Own,Married,Home,0,8047.61,4063.21,5015.07,1
59,Male,67395.16,5616.26,Salaried,4,29661.25,48,661,1,0.2105,3,Bachelor,Mortgage,Divorced,Education,0,33660.69,18313.6,795.74,0
47,Female,90258.66,7521.56,Salaried,18,168214.76,12,705,0,1.5,4,Bachelor,Mortgage,Married,Home,0,39277.98,15627.35,14710.63,0
29,Male,56561.83,4713.49,Salaried,4,30415.45,36,662,0,0.2174,0,Bachelor,Own,Divorced,Personal,1,21773.54,13645.45,1024.82,0
35,Female,7117.44,593.12,Unemployed,0,2000.0,36,547,2,1.3327,3,Bachelor,Rent,Married,Personal,0,7259.73,4383.94,72.3,1
35,Male,199012.32,16584.36,Salaried,4,107394.23,48,715,2,0.1857,0,PhD,Mortgage,Single,Auto,0,48571.19,14547.07,2672.51,0
46,Male,141682.78,11806.9,Self-Employed,1,350389.79,12,560,0,1.5,1,PhD,Mortgage,Married,Business,0,38059.13,22849.09,32123.73,1
62,Male,111185.76,9265.48,Salaried,2,13272.78,36,741,1,0.0626,3,Bachelor,Rent,Married,Auto,0,0.0,337.17,422.07,0
33,Female,78812.71,6567.73,Salaried,2,8812.57,36,654,1,0.0894,2,High School,Mortgage,Single,Auto,0,47416.2,6059.21,296.93,0
52,Female,5831.41,485.95,Unemployed,0,4246.02,36,582,1,0.5888,3,Bachelor,Mortgage,Single,Auto,0,4357.82,3087.53,143.07,1
59,Female,144252.12,12021.01,Salaried,29,72342.46,12,816,0,0.5179,2,High School,Mortgage,Married,Auto,0,51028.46,33622.04,6226.26,0
69,Male,96106.33,8008.86,Salaried,33,144522.52,24,797,0,0.7998,0,Bachelor,Mortgage,Married,Business,0,24964.85,14112.73,6405.33,0
52,Female,9810.73,817.56,Student,0,20631.18,12,708,0,1.5,1,Bachelor,Rent,Married,Home,0,15241.22,10865.57,1804.23,1
24,Female,65122.24,5426.85,Salaried,0,32121.2,12,625,0,0.5287,0,Bachelor,Rent,Single,Auto,0,8869.74,4271.69,2868.98,0
50,Female,57093.0,4757.75,Salaried,2,6461.92,36,598,0,0.0458,1,Bachelor,Rent,Married,Auto,0,12980.47,9972.41,217.73,0
57,Male,99469.64,8289.14,Salaried,28,160716.81,24,822,1,0.8991,0,High School,Rent,Single,Home,0,27927.22,4586.8,7123.07,0
43,Female,101919.87,8493.32,Salaried,11,44453.28,36,610,0,0.1764,0,Bachelor,Mortgage,Married,Personal,0,4065.41,4178.25,1497.81,0
59,Female,184504.08,15375.34,Salaried,22,453612.93,48,787,0,0.6929,3,Bachelor,Rent,Married,Home,0,78503.58,28747.77,10653.11,0
65,Male,213551.3,17795.94,Salaried,27,520285.25,24,741,1,1.3526,3,Bachelor,Own,Married,Home,0,113672.28,19770.0,23769.1,0
35,Female,131892.35,10991.03,Salaried,13,199822.26,48,670,0,0.4877,1,Bachelor,Rent,Married,Business,1,24618.24,7347.01,5360.73,0
63,Female,139406.74,11617.23,Self-Employed,16,81745.73,48,688,1,0.2031,1,Bachelor,Rent,Married,Education,0,22710.96,8070.82,2034.25,0
49,Male,73221.89,6101.82,Salaried,15,59868.45,36,757,3,0.4733,2,Bachelor,Own,Married,Education,0,21516.21,4054.19,1821.31,0
56,Male,106450.92,8870.91,Self-Employed,8,17297.94,24,779,1,0.1182,1,Bachelor,Mortgage,Married,Education,0,37691.09,24376.19,766.66,0
33,Male,41820.02,3485.0,Salaried,2,86559.52,48,742,3,0.9175,4,High School,Mortgage,Single,Home,0,25461.65,5908.3,2154.04,0
52,Female,4947.63,412.3,Unemployed,0,4553.49,24,637,0,0.433,0,High School,Mortgage,Married,Auto,0,7905.39,2599.65,216.48,0
27,Female,2947.75,245.65,Unemployed,0,2000.0,36,704,1,0.3377,1,Bachelor,Rent,Married,Personal,0,6975.73,4967.27,63.6,0
42,Male,104499.87,8708.32,Salaried,21,33699.61,36,731,0,0.1231,3,High School,Mortgage,Married,Education,0,4660.71,3505.29,1071.64,0
48,Female,7838.08,653.17,Unemployed,0,2064.91,36,589,0,0.1065,3,Bachelor,Mortgage,Single,Education,1,5981.06,6171.89,69.57,1
22,Female,54020.44,4501.7,Salaried,0,181323.92,48,713,0,1.0023,1,Bachelor,Rent,Divorced,Home,0,15597.75,5255.62,4512.25,0
62,Male,115981.61,9665.13,Self-Employed,13,67870.95,24,697,1,0.3503,0,Master,Rent,Single,Education,0,38589.69,15555.33,3100.67,0
65,Female,171855.16,14321.26,Self-Employed,2,786659.97,60,723,1,1.148,2,PhD,Mortgage,Single,Home,0,28289.8,6377.28,16329.77,1
26,Female,77576.0,6464.67,Salaried,5,50540.0,12,729,1,0.7188,1,High School,Rent,Divorced,Business,0,12538.79,4289.54,4419.8,0
48,Female,233374.89,19447.91,Salaried,22,151333.88,24,729,3,0.404,2,PhD,Mortgage,Married,Personal,0,52525.52,17322.46,6913.65,0
48,Female,87615.36,7301.28,Salaried,20,200881.05,60,714,2,0.6121,1,Bachelor,Mortgage,Single,Home,0,39686.84,19512.21,4169.96,0
64,Female,80005.3,6667.11,Salaried,23,196671.04,12,690,1,1.5,0,Bachelor,Rent,Divorced,Home,0,28657.48,5638.68,17199.17,0
64,Female,86404.51,7200.38,Salaried,31,50699.39,36,850,2,0.2839,0,High School,Rent,Single,Education,0,26533.98,7359.03,1542.37,0
40,Male,182215.5,15184.62,Salaried,12,612608.56,24,708,1,1.5,1,Master,Mortgage,Married,Home,0,64351.99,10145.77,27986.86,0
50,Female,63847.36,5320.61,Salaried,4,38279.41,48,699,2,0.3103,0,High School,Mortgage,Married,Business,0,26386.94,3187.26,952.58,0
31,Female,121810.68,10150.89,Self-Employed,0,51536.28,12,691,1,0.4667,0,Master,Rent,Married,Personal,0,14850.85,9907.01,4506.92,0
48,Female,69965.85,5830.49,Salaried,11,129740.01,12,768,2,1.5,1,High School,Mortgage,Married,Home,0,9086.63,6329.98,11166.26,0
45,Male,146800.59,12233.38,Salaried,14,169718.02,24,706,0,0.6338,1,Bachelor,Mortgage,Single,Business,0,33619.61,8174.24,7753.52,0
59,Female,126523.95,10543.66,Salaried,18,103062.34,24,664,1,0.5003,0,Bachelor,Rent,Single,Education,0,2926.92,2879.78,4899.77,0
53,Male,31536.8,2628.07,Self-Employed,2,11220.05,48,651,0,0.1145,0,High School,Mortgage,Married,Auto,0,11081.45,7896.49,301.01,0
21,Female,2798.58,233.22,Unemployed,0,2036.71,48,496,1,0.8413,3,High School,Mortgage,Single,Auto,0,6025.15,4598.65,59.83,1
47,Male,123829.75,10319.15,Salaried,6,50741.7,24,686,1,0.2569,0,Bachelor,Rent,Divorced,Auto,0,0.0,0.0,2318.12,0
33,Male,81332.95,6777.75,Self-Employed,11,34969.28,36,648,2,0.2483,0,High School,Mortgage,Married,Education,0,1057.72,2618.53,1178.25,0
61,Male,4791.27,399.27,Unemployed,0,2000.0,36,617,1,0.6934,0,Bachelor,Mortgage,Single,Education,0,6899.05,2382.47,67.39,1
23,Male,12571.75,1047.65,Student,0,19562.36,36,697,0,0.5938,3,Bachelor,Rent,Married,Home,0,7785.95,7700.02,622.08,0
59,Female,89002.94,7416.91,Salaried,10,79209.67,60,642,3,0.3533,1,Master,Rent,Single,Auto,0,15820.7,6444.89,1802.26,0
26,Female,96200.45,8016.7,Salaried,3,337704.27,36,697,0,1.3396,0,Bachelor,Mortgage,Single,Home,0,29069.94,17888.96,10738.91,1
28,Female,77453.27,6454.44,Salaried,1,25703.7,36,606,1,0.1613,0,High School,Rent,Married,Personal,0,4620.7,3461.56,866.06,0
47,Male,62401.88,5200.16,Salaried,7,22937.11,36,765,2,0.2015,2,Bachelor,Own,Divorced,Personal,0,13498.45,8922.68,697.79,0
29,Male,33381.13,2781.76,Salaried,1,27552.16,48,549,1,0.3531,2,High School,Mortgage,Married,Personal,0,14336.13,2196.22,809.34,0
57,Female,197438.22,16453.19,Salaried,26,422270.45,24,724,1,1.1909,1,Master,Own,Single,Home,0,87535.88,41491.62,19291.32,0
53,Female,150831.31,12569.28,Self-Employed,8,26840.02,60,735,0,0.0443,0,Master,Mortgage,Married,Education,0,29411.54,9785.78,557.15,0
62,Male,99517.26,8293.1,Salaried,38,52955.33,24,744,0,0.2917,0,Bachelor,Rent,Single,Personal,0,14190.85,8410.33,2419.25,0
64,Male,49983.55,4165.3,Salaried,0,23277.71,36,657,0,0.1883,1,High School,Mortgage,Single,Auto,0,19092.05,4068.3,784.32,0
44,Male,5831.7,485.98,Student,0,2331.71,48,691,1,0.5855,2,Master,Mortgage,Married,Personal,0,6246.12,3877.18,58.02,0
35,Female,7413.24,617.77,Student,0,15914.31,60,659,2,1.5,0,Master,Mortgage,Divorced,Home,0,12268.3,5100.93,362.1,1
52,Female,121239.76,10103.31,Self-Employed,0,78457.05,36,575,0,0.2807,1,Master,Own,Single,Education,0,45850.63,23787.85,2836.41,0
52,Male,148663.79,12388.65,Salaried,5,285969.87,60,654,2,0.5846,0,Master,Mortgage,Married,Home,0,10269.37,6976.04,6506.69,0
44,Male,12297.32,1024.78,Student,0,26066.76,48,625,1,0.8938,1,Bachelor,Rent,Divorced,Home,1,2689.94,1926.9,699.31,1
61,Female,64426.68,5368.89,Salaried,32,28623.43,48,638,1,0.1958,1,High School,Mortgage,Single,Auto,0,9326.17,4761.32,767.89,0
69,Male,277940.83,23161.74,Self-Employed,47,75923.17,48,718,0,0.0816,3,Bachelor,Rent,Single,Auto,0,15913.12,12997.69,1889.35,0
69,Male,75508.77,6292.4,Salaried,2,32488.3,36,850,1,0.2113,1,Bachelor,Rent,Divorced,Education,0,4480.79,2871.17,988.36,0
32,Female,84851.93,7070.99,Salaried,4,22606.04,48,674,0,0.0796,1,Bachelor,Rent,Married,Personal,0,18725.77,6660.12,562.55,0
59,Male,77254.0,6437.83,Self-Employed,3,18522.04,24,644,0,0.1368,0,Bachelor,Rent,Single,Auto,0,7634.91,4723.46,880.57,0
22,Male,10570.22,880.85,Unemployed,0,10017.42,24,541,1,0.9613,0,High School,Own,Single,Business,0,9262.16,3047.28,500.11,1
23,Female,88497.78,7374.82,Self-Employed,0,173872.74,24,498,1,1.2102,0,Bachelor,Rent,Single,Home,0,16634.73,3230.53,8680.44,1
69,Female,7000.26,583.36,Unemployed,0,2658.71,36,541,0,0.1648,0,Bachelor,Mortgage,Married,Personal,1,2559.19,2715.73,96.12,1
57,Female,74720.07,6226.67,Salaried,3,14788.69,60,749,0,0.0493,0,High School,Mortgage,Married,Education,0,10729.02,5556.85,306.99,0
69,Female,172307.98,14359.0,Self-Employed,19,58703.87,36,679,0,0.13,4,Bachelor,Mortgage,Married,Auto,1,75650.13,34124.66,1866.77,0
37,Female,72726.36,6060.53,Salaried,11,9133.21,48,585,1,0.0625,1,Master,Mortgage,Married,Auto,0,19057.35,8011.75,245.02,0
69,Female,195775.99,16314.67,Salaried,25,193886.78,12,741,1,1.0457,0,Master,Mortgage,Single,Business,0,0.0,1666.56,16955.69,0
22,Male,40668.46,3389.04,Self-Employed,0,6852.87,48,614,1,0.1237,0,Bachelor,Rent,Single,Education,0,11963.07,6717.47,183.85,0
22,Female,5071.86,422.66,Unemployed,0,3340.35,60,610,1,0.403,0,Bachelor,Mortgage,Single,Auto,0,4142.66,3715.66,76.0,0
48,Female,73014.89,6084.57,Salaried,3,38434.67,36,654,0,0.2128,0,High School,Rent,Married,Education,0,10084.73,7029.67,1295.02,0
43,Male,173286.28,14440.52,Salaried,15,120441.57,48,815,4,0.2811,0,Bachelor,Rent,Married,Education,0,60436.35,17451.69,2828.57,0
57,Male,69012.2,5751.02,Salaried,6,8388.77,36,632,0,0.0491,1,Bachelor,Own,Single,Personal,0,22734.26,15008.06,282.65,0
52,Male,2214.25,184.52,Unemployed,0,7182.56,48,559,2,0.9739,3,Bachelor,Own,Married,Home,0,7466.31,3990.09,210.99,1
53,Male,205732.69,17144.39,Salaried,32,70736.37,36,603,0,0.139,1,Master,Rent,Married,Auto,0,98508.99,33629.1,2383.39,0
21,Male,62633.91,5219.49,Salaried,0,53432.14,24,622,0,0.4867,1,Bachelor,Mortgage,Married,Auto,0,23070.75,11629.47,2540.26,0
39,Female,94157.29,7846.44,Salaried,15,189262.6,24,679,1,1.1307,2,High School,Rent,Single,Home,0,47291.93,10888.51,8646.41,0
22,Female,51743.0,4311.92,Salaried,1,120056.59,24,706,0,1.272,0,High School,Mortgage,Single,Home,0,6044.93,4362.7,5484.75,0
64,Male,153702.88,12808.57,Self-Employed,32,405185.28,60,683,0,0.6567,0,Bachelor,Mortgage,Single,Home,0,0.0,2263.29,8410.98,0
46,Male,7295.56,607.96,Student,0,6456.58,36,698,1,0.7436,1,Bachelor,Rent,Married,Business,0,5912.46,5426.44,205.32,1
52,Male,201929.02,16827.42,Salaried,13,404328.43,36,751,1,0.7514,2,Master,Mortgage,Married,Home,0,21592.79,12399.5,12300.45,0
26,Female,62864.7,5238.72,Salaried,3,237454.99,24,630,1,1.5,1,Bachelor,Rent,Married,Home,0,21442.09,4895.14,11289.04,1
52,Male,2547.35,212.28,Unemployed,0,11648.53,48,539,2,1.5,0,Bachelor,Own,Divorced,Home,2,4805.47,3224.64,342.18,1
24,Male,7646.11,637.18,Unemployed,0,8594.56,24,578,0,0.6734,3,Bachelor,Own,Divorced,Business,0,7387.71,5310.69,429.08,1
31,Male,71109.34,5925.78,Salaried,4,50883.28,36,737,0,0.2731,0,Bachelor,Rent,Single,Education,0,15439.0,6358.06,1618.07,0
37,Male,141854.91,11821.24,Salaried,14,86270.59,12,773,0,0.6281,2,Bachelor,Mortgage,Single,Auto,0,1141.4,2657.54,7425.0,0
58,Male,5808.72,484.06,Student,0,4399.49,24,562,0,0.4393,3,Bachelor,Rent,Married,Business,0,6217.51,5869.5,219.64,0
44,Female,149563.37,12463.61,Self-Employed,9,59503.8,48,563,3,0.229,0,Bachelor,Rent,Single,Education,0,6527.96,4709.62,1747.92,0
25,Female,3868.58,322.38,Unemployed,0,2000.0,12,483,0,0.3667,2,High School,Own,Married,Personal,1,8650.64,5805.29,183.36,1
54,Female,154270.24,12855.85,Salaried,20,225700.85,12,780,1,1.5,2,Master,Rent,Divorced,Home,0,11802.01,7515.65,19425.27,0
26,Male,76514.49,6376.21,Salaried,1,153195.99,36,737,2,0.8074,3,Bachelor,Rent,Married,Business,0,33305.6,13165.37,4871.59,0
42,Female,97308.23,8109.02,Self-Employed,10,122926.99,36,650,1,0.5522,0,High School,Own,Single,Business,0,0.0,1155.26,4141.9,0
31,Female,9225.41,768.78,Unemployed,0,2803.34,12,582,0,0.3257,3,High School,Rent,Single,Personal,0,7547.24,5411.33,250.39,0
68,Male,6448.28,537.36,Student,0,24263.03,36,738,2,1.5,0,High School,Mortgage,Single,Home,0,6858.65,2484.55,771.56,1
36,Female,112633.63,9386.14,Salaried,15,348211.29,12,706,0,1.5,2,Bachelor,Mortgage,Married,Home,0,37879.39,13402.93,30451.59,0
53,Male,89690.42,7474.2,Salaried,18,69231.42,36,815,0,0.2818,1,High School,Mortgage,Single,Personal,0,39290.16,22481.53,2106.15,0
29,Female,67319.04,5609.92,Salaried,3,22631.7,48,647,1,0.1391,0,High School,Mortgage,Single,Auto,0,32441.06,22224.94,607.15,0
26,Male,83601.52,6966.79,Self-Employed,1,18183.71,48,673,0,0.065,0,Bachelor,Rent,Single,Auto,0,16062.23,9205.21,452.5,0
36,Female,86160.14,7180.01,Self-Employed,5,20761.56,60,653,1,0.0911,0,Bachelor,Mortgage,Divorced,Auto,0,4620.88,1488.75,472.39,0
49,Male,9655.48,804.62,Unemployed,0,2000.0,48,678,0,0.0619,0,High School,Own,Married,Auto,0,5537.89,3482.89,49.77,0
23,Female,68488.5,5707.38,Salaried,1,13420.44,36,699,2,0.1834,0,Bachelor,Own,Divorced,Education,0,25853.03,7147.46,426.77,0
40,Female,160614.65,13384.55,Salaried,11,36851.62,24,683,0,0.1258,0,Bachelor,Mortgage,Married,Auto,0,22229.55,11067.84,1683.56,0
56,Female,188211.73,15684.31,Salaried,1,102931.24,36,679,1,0.2243,0,PhD,Mortgage,Married,Education,1,35636.43,21562.4,3273.19,0
39,Male,94175.67,7847.97,Salaried,1,177944.85,60,671,0,0.4707,1,Bachelor,Mortgage,Single,Home,1,42833.04,23444.66,3693.84,0
46,Male,91252.39,7604.37,Salaried,8,383171.99,48,624,0,1.3518,1,High School,Mortgage,Single,Home,0,727.66,2522.99,10279.54,1
23,Female,5931.76,494.31,Unemployed,0,3767.45,36,623,0,0.2539,3,Bachelor,Mortgage,Married,Business,0,2509.29,4006.74,126.94,0
39,Male,116798.78,9733.23,Salaried,11,333434.93,60,655,3,0.8998,1,Bachelor,Rent,Divorced,Home,0,28310.71,17342.85,7586.67,0
40,Male,40178.07,3348.17,Salaried,1,14523.75,24,696,2,0.4319,0,High School,Rent,Single,Auto,0,5914.0,2635.93,663.51,0
52,Female,10856.39,904.7,Unemployed,0,15309.69,36,523,0,0.6118,1,Master,Mortgage,Single,Home,0,6237.0,4219.42,553.48,1
27,Female,6710.25,559.19,Unemployed,0,4461.08,36,599,0,0.2688,2,Bachelor,Mortgage,Married,Personal,0,4812.64,2850.9,150.31,0
61,Male,217590.16,18132.51,Salaried,17,72826.35,36,689,0,0.1277,0,PhD,Mortgage,Single,Auto,0,102345.47,12965.33,2315.86,0
53,Male,163748.1,13645.68,Salaried,15,120303.41,60,850,0,0.1704,1,Bachelor,Mortgage,Married,Education,0,37426.07,15631.48,2325.8,0
60,Male,167348.93,13945.74,Salaried,18,28779.02,24,756,0,0.0915,1,Bachelor,Rent,Single,Personal,0,34080.45,19375.08,1275.5,0
59,Female,120796.25,10066.35,Salaried,24,68422.52,12,587,1,0.6391,4,Bachelor,Rent,Single,Personal,0,4872.63,3892.43,6111.31,0
38,Female,70491.31,5874.28,Self-Employed,15,45129.51,12,726,0,0.6719,1,Bachelor,Mortgage,Single,Auto,0,0.0,2155.8,3946.64,0
60,Female,59588.39,4965.7,Self-Employed,5,32065.11,24,699,0,0.295,2,Bachelor,Rent,Married,Auto,1,8128.17,4297.39,1464.89,0
21,Female,83909.59,6992.47,Salaried,0,41067.62,36,564,1,0.2297,0,Master,Own,Married,Education,0,0.0,2609.88,1484.69,0
31,Male,5052.91,421.08,Unemployed,0,2152.08,48,511,1,0.7663,2,Bachelor,Rent,Single,Education,0,5386.9,3468.47,63.22,1
48,Male,109815.35,9151.28,Self-Employed,26,78872.54,24,605,2,0.4403,0,Master,Mortgage,Divorced,Auto,0,8464.26,3885.9,3749.74,0
45,Male,9320.65,776.72,Student,0,3518.05,24,753,0,0.2007,1,Master,Rent,Single,Personal,0,10300.21,6294.68,155.92,0
43,Male,3058.5,254.88,Unemployed,0,7120.81,24,523,0,0.711,1,PhD,Rent,Single,Home,0,3711.0,4220.67,355.5,1
51,Female,84344.1,7028.68,Salaried,14,128785.53,48,706,2,0.5361,3,Bachelor,Rent,Married,Business,0,32559.18,8361.7,3204.83,0
50,Female,139048.18,11587.35,Salaried,11,32852.2,24,648,1,0.16,0,Bachelor,Mortgage,Single,Education,0,64364.8,34084.36,1561.85,0
62,Male,91528.92,7627.41,Salaried,21,86960.64,36,681,0,0.3626,0,High School,Mortgage,Married,Education,0,43116.07,16163.96,2765.33,0
55,Male,94278.93,7856.58,Salaried,11,41503.51,36,734,0,0.168,2,Bachelor,Rent,Divorced,Education,0,39207.45,14074.69,1319.8,0
27,Female,35642.64,2970.22,Salaried,1,75267.92,12,696,1,1.5,1,High School,Rent,Married,Home,0,14173.02,9344.68,6582.29,0
36,Female,79244.25,6603.69,Salaried,4,64003.22,36,612,1,0.3853,0,High School,Mortgage,Married,Business,0,41324.54,13143.71,2156.52,0
46,Male,11036.9,919.74,Unemployed,0,8699.21,24,481,1,0.7838,0,High School,Mortgage,Married,Personal,1,10776.13,6440.51,434.3,1
68,Female,289304.56,24108.71,Salaried,46,64738.9,36,652,1,0.1058,0,Master,Rent,Single,Education,0,0.0,2343.95,2181.31,0
69,Female,11212.75,934.4,Unemployed,0,2384.9,36,618,1,0.44,1,Master,Own,Married,Education,0,8355.73,6304.76,80.36,0
22,Male,72359.17,6029.93,Salaried,0,44999.99,60,695,2,0.2269,2,Bachelor,Rent,Single,Auto,0,22345.61,13963.97,934.13,0
21,Female,45543.19,3795.27,Salaried,0,27446.01,36,688,2,0.3099,0,Bachelor,Own,Divorced,Education,0,13685.24,5772.17,872.78,0
68,Male,85311.53,7109.29,Salaried,30,170854.11,12,815,1,1.5,3,Bachelor,Rent,Single,Business,0,16177.06,7479.94,14704.8,0
32,Female,52783.74,4398.64,Salaried,3,37354.48,36,715,1,0.358,1,Bachelor,Mortgage,Married,Auto,0,18209.33,9973.35,1187.86,0
25,Female,87567.19,7297.27,Salaried,1,40680.68,48,620,0,0.1496,0,Bachelor,Rent,Divorced,Education,0,2597.81,2786.88,1091.36,0
57,Female,105896.77,8824.73,Self-Employed,18,41003.75,36,700,0,0.1478,1,Bachelor,Mortgage,Married,Auto,0,37339.72,10949.44,1303.91,0
52,Female,161911.57,13492.63,Salaried,22,613744.14,36,583,1,1.5,2,Bachelor,Mortgage,Divorced,Home,0,36702.03,19898.57,20679.47,1
29,Male,75598.21,6299.85,Self-Employed,0,112835.36,36,681,2,0.6288,0,Bachelor,Rent,Married,Home,1,36073.87,9161.86,3588.13,0
61,Female,127450.92,10620.91,Salaried,26,361006.75,12,759,0,1.5,2,Bachelor,Rent,Single,Home,1,45948.78,22039.83,31070.56,0
55,Female,56057.02,4671.42,Salaried,1,35275.33,24,642,1,0.4243,2,Bachelor,Rent,Married,Auto,0,6500.45,1309.81,1677.05,0
39,Female,101682.66,8473.56,Self-Employed,10,13892.29,36,764,1,0.0784,0,PhD,Mortgage,Single,Auto,1,13866.73,6171.76,422.63,0
68,Female,82073.03,6839.42,Salaried,7,213938.56,48,777,2,0.8064,0,High School,Own,Single,Home,0,32445.21,15971.53,5024.35,0
36,Female,106839.34,8903.28,Salaried,2,49557.14,36,760,1,0.2125,0,Bachelor,Rent,Married,Auto,0,15566.43,8639.5,1507.62,0
23,Female,78108.81,6509.07,Salaried,0,169573.32,36,723,2,0.8944,2,Bachelor,Mortgage,Married,Home,0,25416.82,10966.57,5392.39,0
40,Male,52567.57,4380.63,Salaried,15,114457.73,36,648,1,0.9287,0,High School,Rent,Divorced,Home,0,28493.39,9099.02,3856.53,0
44,Female,64136.44,5344.7,Salaried,3,26889.49,24,664,1,0.2789,2,Bachelor,Rent,Divorced,Auto,0,76.41,3186.09,1278.38,0
53,Female,110591.04,9215.92,Salaried,13,34842.04,24,654,0,0.1797,1,High School,Rent,Divorced,Education,0,8480.09,4813.07,1656.45,0
44,Female,100179.83,8348.32,Salaried,21,352563.44,24,549,1,1.5,2,Bachelor,Rent,Single,Home,1,23567.99,7322.44,17601.41,1
31,Female,41760.36,3480.03,Salaried,0,13713.43,36,711,1,0.2372,1,Bachelor,Rent,Married,Education,0,20459.0,6329.68,436.08,0
69,Male,7500.49,625.04,Unemployed,0,14958.33,36,721,2,1.5,0,Bachelor,Own,Married,Home,0,4074.99,2075.2,475.67,1
28,Male,61715.03,5142.92,Salaried,2,114179.1,48,664,0,0.5956,3,Bachelor,Own,Divorced,Business,0,4575.56,4182.04,3063.14,0
56,Female,11574.35,964.53,Unemployed,0,46531.37,12,801,0,1.5,2,High School,Own,Single,Home,0,7731.57,3372.19,4004.79,1
58,Female,161215.18,13434.6,Salaried,25,708266.97,24,678,1,1.5,1,Bachelor,Own,Single,Home,0,53755.98,15159.58,32356.99,0
60,Male,172966.14,14413.84,Self-Employed,34,423009.16,48,610,0,0.7873,1,High School,Mortgage,Divorced,Home,0,67947.82,18681.61,11348.28,1
40,Female,143984.58,11998.71,Self-Employed,3,56046.44,48,680,0,0.1162,1,Master,Rent,Single,Education,0,72613.75,22165.83,1394.72,0
55,Male,264186.32,22015.53,Salaried,29,94216.4,60,714,1,0.0956,0,Master,Mortgage,Married,Personal,0,99077.72,47966.0,1955.78,0
68,Female,13303.65,1108.64,Student,0,4167.88,60,751,1,0.4261,1,Bachelor,Mortgage,Single,Auto,0,10026.52,3690.05,80.58,0
45,Male,194459.85,16204.99,Salaried,19,31408.6,12,719,0,0.1695,0,Master,Mortgage,Married,Education,0,17906.23,12321.4,2746.73,0
55,Male,69001.37,5750.11,Salaried,20,12063.58,48,786,2,0.1292,4,Bachelor,Mortgage,Married,Personal,0,34335.89,20199.88,283.31,0
45,Male,157073.8,13089.48,Salaried,19,97020.73,36,602,0,0.2497,1,Master,Mortgage,Single,Education,1,38642.07,24694.48,3269.01,0
49,Male,7190.18,599.18,Student,0,2000.0,12,669,0,0.2981,0,Bachelor,Mortgage,Married,Auto,0,7623.31,3918.1,178.63,0
38,Male,6343.13,528.59,Unemployed,0,11032.23,60,572,1,1.2067,1,High School,Rent,Single,Home,0,6394.29,4226.01,280.15,1
66,Male,256225.07,21352.09,Salaried,41,58651.28,36,779,0,0.0836,0,Master,Mortgage,Single,Education,0,14822.3,11805.81,1784.29,0
38,Male,45203.84,3766.99,Salaried,11,31571.84,48,634,1,0.292,0,High School,Rent,Single,Personal,0,13848.82,6819.95,846.99,0
22,Female,27218.44,2268.2,Salaried,1,93941.02,36,602,0,1.3955,1,High School,Rent,Married,Home,0,15809.04,10273.47,3165.24,1
55,Female,75307.63,6275.64,Salaried,34,74951.15,24,707,2,0.6484,1,High School,Own,Single,Business,0,13297.11,9105.43,3424.12,0
36,Male,150674.41,12556.2,Salaried,12,374612.64,36,695,0,0.9487,4,Bachelor,Mortgage,Married,Home,0,48281.67,20804.41,11912.58,0
61,Female,116794.44,9732.87,Salaried,6,472128.61,48,748,0,1.2071,4,Bachelor,Mortgage,Married,Home,0,0.0,2761.27,11748.94,1
56,Male,132487.08,11040.59,Salaried,9,83826.65,24,656,0,0.361,0,Bachelor,Mortgage,Married,Education,1,65042.14,16273.35,3985.27,0
53,Female,4763.07,396.92,Unemployed,0,2000.0,36,662,0,0.1348,1,Master,Rent,Married,Auto,0,6297.19,3097.09,67.39,0
24,Female,39749.36,3312.45,Salaried,2,23778.0,36,591,0,0.2419,2,High School,Mortgage,Married,Education,0,9545.93,6147.41,801.17,0
53,Male,118221.93,9851.83,Self-Employed,19,205016.6,36,634,0,0.7012,0,PhD,Rent,Single,Home,0,29114.54,13734.56,6907.82,0
34,Male,140006.66,11667.22,Salaried,11,484229.54,24,672,2,1.5,2,Master,Own,Married,Home,0,4602.15,6502.16,22121.9,0
41,Male,8824.09,735.34,Student,0,2000.0,24,721,1,0.6259,3,High School,Mortgage,Single,Auto,0,4040.76,1886.79,91.37,1
68,Male,152291.02,12690.92,Salaried,13,147756.98,24,652,1,0.5835,2,Bachelor,Own,Divorced,Business,0,44494.89,27282.03,7024.64,0
40,Female,170188.93,14182.41,Salaried,11,24178.77,36,737,1,0.0684,0,Master,Own,Married,Auto,0,51582.75,32265.23,768.88,0
28,Male,61851.45,5154.29,Self-Employed,7,123433.96,24,638,0,1.1385,3,Bachelor,Rent,Single,Home,0,14400.19,8219.36,5868.28,1
27,Male,111536.64,9294.72,Self-Employed,0,75142.08,48,667,1,0.2577,3,Bachelor,Own,Married,Education,0,18840.97,8522.05,2015.87,0
23,Male,102921.9,8576.82,Salaried,2,155683.35,24,620,0,0.863,2,Bachelor,Mortgage,Divorced,Business,0,24331.94,13639.48,7401.47,0
37,Male,106160.66,8846.72,Salaried,4,15209.96,24,675,0,0.0785,0,Bachelor,Rent,Single,Auto,1,51063.51,12500.77,694.86,0
53,Female,35830.78,2985.9,Salaried,0,15216.25,24,728,1,0.3171,2,High School,Mortgage,Married,Auto,0,6527.12,4545.18,695.15,0
68,Male,299298.36,24941.53,Salaried,46,202366.07,24,838,0,0.3596,0,Bachelor,Own,Single,Business,0,73944.32,37915.34,8968.99,0
32,Female,64278.77,5356.56,Self-Employed,8,15321.86,48,559,2,0.2278,0,High School,Rent,Married,Education,0,1451.35,2817.84,450.08,0
42,Male,86146.84,7178.9,Salaried,11,24142.64,48,651,0,0.0902,1,Bachelor,Own,Divorced,Education,0,21636.08,14523.51,647.69,0
42,Male,212489.38,17707.45,Salaried,21,527662.75,36,657,0,1.004,4,Master,Mortgage,Married,Home,0,32885.04,7099.84,17779.04,0
66,Female,89680.75,7473.4,Salaried,17,68709.47,36,738,2,0.3309,2,Bachelor,Rent,Married,Education,0,3312.27,1908.23,2184.94,0
50,Male,246323.99,20527.0,Salaried,10,77021.26,24,611,0,0.1784,2,PhD,Mortgage,Divorced,Personal,0,4723.97,3376.84,3661.73,0
58,Female,138143.05,11511.92,Self-Employed,9,100833.15,24,602,0,0.4164,1,Bachelor,Mortgage,Married,Education,0,33109.74,11668.59,4793.79,0
58,Female,72368.35,6030.7,Salaried,0,159028.69,24,828,0,1.1687,0,Bachelor,Mortgage,Married,Home,0,1822.28,2895.35,7048.25,0
65,Male,91166.78,7597.23,Salaried,19,60639.77,24,713,0,0.3646,3,Bachelor,Mortgage,Married,Education,0,10961.27,5485.1,2770.31,0
28,Male,129545.54,10795.46,Salaried,1,62337.5,36,643,0,0.1946,1,PhD,Own,Married,Personal,0,0.0,1744.75,2100.4,0
47,Male,68159.51,5679.96,Salaried,10,8742.18,36,850,1,0.071,2,Bachelor,Own,Married,Auto,0,11530.97,5208.7,265.95,0
47,Male,40032.14,3336.01,Salaried,1,8034.96,12,668,0,0.2151,1,High School,Rent,Divorced,Personal,0,12817.14,9499.05,717.66,0
54,Male,245683.1,20473.59,Salaried,25,89655.43,36,680,1,0.1537,2,PhD,Rent,Married,Education,0,86910.88,27824.5,2851.02,0
41,Male,54719.67,4559.97,Self-Employed,10,8280.48,36,665,0,0.0612,3,Bachelor,Rent,Married,Auto,0,26268.46,5166.04,279.0,0
50,Male,12657.23,1054.77,Student,0,8371.84,12,722,2,1.1119,0,High School,Mortgage,Single,Education,0,9930.06,6424.31,732.13,0
53,Female,3969.15,330.76,Unemployed,0,2000.0,48,520,3,1.5,0,Bachelor,Own,Married,Education,1,5951.85,6400.71,58.75,1
48,Female,267855.81,22321.32,Salaried,24,189422.1,36,813,0,0.2582,0,Master,Rent,Married,Auto,0,18506.76,11243.23,5762.59,0
67,Female,90873.21,7572.77,Salaried,33,76579.85,24,783,0,0.4482,3,Bachelor,Rent,Married,Auto,0,0.0,450.94,3394.07,0
53,Male,7321.32,610.11,Unemployed,0,2260.41,36,654,1,0.6936,2,Bachelor,Own,Single,Auto,0,10007.92,8494.6,76.16,1
25,Male,137878.3,11489.86,Salaried,2,441757.72,60,629,1,0.9014,2,Master,Mortgage,Divorced,Home,0,37641.93,19331.35,10051.35,0
68,Female,143899.94,11991.66,Salaried,40,32431.5,12,721,2,0.2799,0,Bachelor,Rent,Single,Education,0,21006.69,5862.42,2836.18,0
39,Female,90566.48,7547.21,Salaried,0,156354.32,60,729,1,0.4668,2,Bachelor,Rent,Single,Home,0,47205.11,17441.3,3245.66,0
24,Female,63485.13,5290.43,Self-Employed,1,86280.9,36,600,2,0.6046,1,High School,Own,Married,Home,1,27982.62,9022.88,2907.14,1
55,Male,125162.8,10430.23,Salaried,30,134091.49,36,770,1,0.4194,0,High School,Mortgage,Married,Business,0,58960.65,18726.61,4079.32,0
69,Female,160751.01,13395.92,Self-Employed,37,250566.4,24,710,1,0.8708,4,Bachelor,Mortgage,Single,Home,0,16883.71,6324.29,11447.06,0
37,Female,133646.74,11137.23,Self-Employed,1,77702.24,12,561,2,0.7113,0,Master,Mortgage,Married,Auto,0,61008.4,15748.06,7123.74,0
64,Male,56421.69,4701.81,Self-Employed,0,57254.73,12,634,1,1.1106,0,High School,Mortgage,Single,Business,0,22015.31,8728.98,5113.84,1
48,Male,163558.23,13629.85,Salaried,25,22653.61,36,663,0,0.056,0,Bachelor,Mortgage,Single,Personal,1,58666.4,23306.94,763.29,0
50,Female,126639.48,10553.29,Self-Employed,23,50563.03,36,658,1,0.1776,0,High School,Rent,Single,Education,0,16551.13,5957.7,1703.67,0
49,Male,107227.88,8935.66,Salaried,23,80203.41,60,692,0,0.1863,1,Bachelor,Mortgage,Divorced,Personal,0,8403.29,2252.63,1664.89,0
66,Male,4324.88,360.41,Unemployed,0,12663.49,36,600,0,0.8534,0,High School,Own,Single,Home,0,7568.51,3029.81,426.68,1
26,Female,46095.24,3841.27,Salaried,1,31921.5,48,625,1,0.2986,2,High School,Own,Single,Personal,0,18074.62,6672.01,856.37,0
55,Female,66483.44,5540.29,Salaried,33,118534.24,36,700,0,0.6804,0,High School,Mortgage,Married,Home,0,23396.65,9977.89,3769.36,0
61,Male,82901.95,6908.5,Self-Employed,8,289926.64,48,677,0,1.0443,1,Bachelor,Mortgage,Married,Home,0,20590.56,3795.57,7214.84,0
57,Male,97877.38,8156.45,Salaried,11,49163.06,36,633,1,0.2333,1,Bachelor,Rent,Married,Personal,0,38193.9,21260.61,1656.5,0
44,Male,75624.42,6302.04,Salaried,13,169158.1,24,698,1,1.2742,2,High School,Rent,Divorced,Home,0,33475.52,10870.03,7727.94,0
49,Female,132706.37,11058.86,Salaried,19,284162.92,24,734,0,1.1739,0,Master,Own,Married,Home,0,44786.97,26746.77,12981.91,0
69,Male,14068.42,1172.37,Student,0,2298.33,24,717,0,0.0896,4,High School,Rent,Single,Personal,0,7375.72,2687.67,105.0,0
66,Female,65946.58,5495.55,Salaried,3,170910.18,24,699,0,1.4208,1,Bachelor,Rent,Married,Home,0,17575.15,6038.19,7807.99,0
51,Male,210841.92,17570.16,Salaried,14,531120.55,48,722,0,0.7522,0,Master,Mortgage,Married,Home,1,82310.8,39898.4,13216.96,0
55,Male,79376.0,6614.67,Self-Employed,3,41471.93,24,701,1,0.326,1,Bachelor,Mortgage,Single,Personal,0,34708.17,17911.72,1894.63,0
53,Female,105979.63,8831.64,Salaried,4,51321.16,24,735,1,0.2853,1,Bachelor,Mortgage,Single,Auto,0,24452.54,8762.05,2344.59,0
41,Female,41541.36,3461.78,Self-Employed,9,21636.59,36,688,1,0.2476,2,High School,Mortgage,Married,Personal,0,28383.61,16318.92,688.04,0
52,Male,112820.82,9401.74,Self-Employed,11,52622.85,24,703,0,0.2557,0,Bachelor,Mortgage,Single,Personal,0,3977.93,2669.96,2404.06,0
43,Male,11608.26,967.36,Unemployed,0,5183.72,12,518,0,0.4913,0,Bachelor,Rent,Divorced,Education,1,4979.64,4122.79,475.24,1
53,Female,8662.51,721.88,Unemployed,0,5337.29,48,588,2,1.1569,0,Master,Own,Married,Education,0,10469.93,4799.17,143.19,1
23,Male,71295.62,5941.3,Self-Employed,2,130189.95,36,575,1,0.8112,0,High School,Own,Single,Home,0,18651.75,8003.91,4706.68,0
38,Female,57080.28,4756.69,Salaried,0,197663.23,24,589,0,1.5,2,Bachelor,Rent,Single,Home,0,14104.53,8485.28,9397.27,0
45,Male,163821.28,13651.77,Salaried,17,26025.76,12,579,0,0.1748,1,Bachelor,Mortgage,Divorced,Personal,1,31766.01,4972.27,2386.04,0
62,Female,234094.68,19507.89,Salaried,30,152426.07,36,806,1,0.2436,0,PhD,Rent,Single,Auto,0,52362.77,9634.16,4637.1,0
51,Female,74865.94,6238.83,Salaried,13,302302.49,36,685,1,1.5,0,High School,Mortgage,Married,Home,0,13123.59,7064.81,9613.14,0
23,Male,68795.77,5732.98,Salaried,0,91804.16,24,753,1,0.7322,0,Master,Mortgage,Married,Business,0,2496.34,2853.13,4068.82,0
60,Female,88712.85,7392.74,Salaried,5,22432.75,24,794,0,0.1345,2,Bachelor,Rent,Divorced,Education,0,47041.76,23434.42,994.23,0
66,Male,7157.02,596.42,Unemployed,0,4085.06,48,593,1,0.7278,2,Bachelor,Rent,Married,Personal,1,7244.4,2374.3,109.59,1
44,Male,67339.63,5611.64,Salaried,5,58333.13,36,731,0,0.3306,0,High School,Mortgage,Single,Business,0,33004.96,22034.42,1854.98,0
52,Female,139600.65,11633.39,Self-Employed,9,19729.14,48,744,1,0.0622,0,Bachelor,Own,Single,Education,0,21523.09,9010.8,490.96,0
67,Male,103825.8,8652.15,Salaried,18,32159.21,36,721,1,0.1367,1,Bachelor,Rent,Married,Auto,0,20222.5,9480.83,1022.65,0
42,Female,151381.95,12615.16,Salaried,9,402322.21,36,730,0,1.0142,3,Bachelor,Mortgage,Divorced,Home,0,73908.29,25186.87,12793.74,0
43,Male,72775.26,6064.6,Salaried,2,240141.31,36,713,0,1.2592,1,High School,Rent,Single,Home,0,44212.83,20779.33,7636.43,0
22,Male,45146.13,3762.18,Salaried,0,18727.66,12,753,1,0.5197,0,High School,Rent,Married,Auto,0,24366.32,10683.68,1611.82,0
47,Male,122079.49,10173.29,Salaried,17,165734.75,12,681,1,1.4466,0,Master,Mortgage,Single,Home,0,44108.94,25893.35,14493.75,0
62,Male,157161.01,13096.75,Self-Employed,30,105840.16,48,727,2,0.2235,1,PhD,Mortgage,Divorced,Personal,0,11814.15,9506.67,2633.84,0
22,Male,55077.31,4589.78,Self-Employed,0,44002.0,36,607,0,0.323,2,Bachelor,Mortgage,Married,Education,0,21311.58,10697.8,1482.6,0
46,Female,121838.02,10153.17,Salaried,19,101679.66,24,635,0,0.4761,0,High School,Mortgage,Single,Business,0,36115.3,23500.47,4834.04,0
37,Female,66530.64,5544.22,Salaried,3,21188.55,36,606,3,0.2068,0,Bachelor,Own,Single,Education,0,32223.62,10534.15,713.93,0
60,Female,107180.61,8931.72,Self-Employed,31,206141.22,36,745,0,0.7339,1,Bachelor,Mortgage,Single,Business,0,13354.51,6041.83,6555.24,0
53,Male,109761.66,9146.8,Salaried,17,165430.51,48,758,0,0.4248,0,PhD,Own,Married,Home,0,9485.21,4899.44,3885.14,0
29,Male,71791.23,5982.6,Salaried,5,61858.54,36,704,0,0.3288,1,Bachelor,Rent,Married,Auto,0,7174.97,3822.14,1967.09,0
63,Male,117449.04,9787.42,Salaried,16,28786.7,36,772,1,0.1026,0,Master,Mortgage,Single,Auto,0,5213.54,1983.55,875.75,0
68,Male,198726.77,16560.56,Self-Employed,41,589121.62,36,699,2,1.1544,2,PhD,Rent,Divorced,Home,0,58819.94,30725.7,18733.91,0
59,Female,162521.61,13543.47,Self-Employed,3,79489.25,24,688,1,0.292,0,Master,Rent,Married,Personal,0,67985.49,37042.51,3631.45,0
49,Male,7676.22,639.69,Student,0,2000.0,48,709,0,0.0778,3,High School,Rent,Married,Auto,0,3964.22,2077.22,49.77,0
62,Male,61753.57,5146.13,Salaried,36,19081.01,36,738,4,0.2397,0,High School,Mortgage,Single,Auto,0,5477.98,4391.29,606.77,0
46,Female,134317.63,11193.14,Salaried,6,66817.52,24,649,1,0.3168,0,Bachelor,Rent,Single,Auto,0,20398.94,8777.53,3176.63,0
55,Male,103537.27,8628.11,Salaried,7,44364.81,60,739,2,0.1666,2,Bachelor,Rent,Married,Personal,0,29859.88,10273.57,920.94,0
45,Male,29140.65,2428.39,Self-Employed,0,49270.32,36,715,0,0.6452,3,High School,Mortgage,Married,Home,0,14454.59,8293.32,1566.78,0
44,Male,51016.51,4251.38,Salaried,23,21622.37,60,659,0,0.1157,0,High School,Mortgage,Married,Auto,0,20782.44,7715.68,491.98,0
33,Male,58353.51,4862.79,Salaried,7,69876.16,24,668,0,0.6832,3,Bachelor,Mortgage,Divorced,Business,0,11315.32,8146.84,3322.04,0
27,Female,88410.76,7367.56,Salaried,2,38032.43,36,759,1,0.1891,0,Bachelor,Mortgage,Married,Auto,0,42950.29,8061.41,1157.02,0
56,Male,69110.21,5759.18,Self-Employed,16,86412.69,36,662,0,0.5056,1,Bachelor,Own,Single,Business,0,17494.18,11150.48,2911.59,0
65,Male,208287.42,17357.28,Salaried,40,103166.93,12,688,2,0.5462,0,Bachelor,Own,Divorced,Auto,0,42672.15,12381.79,9022.1,0
40,Male,11525.41,960.45,Student,0,7779.44,36,751,0,0.2464,0,Bachelor,Rent,Married,Auto,0,8329.75,2000.93,236.67,0
21,Male,48568.26,4047.36,Salaried,0,26799.54,24,650,0,0.3148,1,Bachelor,Own,Single,Education,1,24348.9,5134.61,1274.1,0
28,Male,55352.23,4612.69,Salaried,3,42335.98,12,715,0,0.8026,1,High School,Rent,Single,Personal,0,22988.91,7480.56,3702.34,0
66,Female,144924.11,12077.01,Salaried,8,47630.3,48,645,0,0.1058,1,Bachelor,Mortgage,Married,Education,1,5290.81,3718.44,1277.8,0
36,Female,108255.56,9021.3,Salaried,2,21531.88,36,681,0,0.0759,1,Bachelor,Own,Married,Personal,0,49899.91,21475.38,684.71,0
34,Female,70955.13,5912.93,Self-Employed,4,71908.46,12,625,0,1.0862,4,High School,Mortgage,Single,Business,0,19426.85,7017.32,6422.67,0
32,Male,103808.98,8650.75,Self-Employed,9,92458.31,24,691,0,0.4883,0,Bachelor,Mortgage,Single,Personal,0,12091.17,5048.57,4223.93,0
43,Female,99264.5,8272.04,Salaried,12,51718.3,60,741,0,0.1298,0,Bachelor,Own,Married,Auto,0,55671.81,35553.88,1073.59,0
35,Female,77066.21,6422.18,Salaried,2,10645.18,48,610,1,0.0641,2,Bachelor,Own,Divorced,Education,0,6064.77,914.52,285.58,0
48,Male,110021.07,9168.42,Self-Employed,4,29951.16,60,731,1,0.1046,0,Bachelor,Rent,Single,Personal,0,58525.74,19891.64,621.74,0
54,Female,161307.59,13442.3,Salaried,26,561905.84,36,744,0,1.3293,1,Bachelor,Own,Divorced,Home,0,0.0,2575.58,17868.46,0
22,Male,98643.01,8220.25,Salaried,1,42402.25,48,732,2,0.1993,1,Bachelor,Rent,Single,Auto,0,19938.31,9621.21,1055.18,0
52,Male,329251.55,27437.63,Salaried,31,303240.71,36,753,0,0.3362,0,Master,Mortgage,Single,Education,0,0.0,1706.47,9225.17,0
43,Female,63868.79,5322.4,Salaried,3,32566.11,36,759,1,0.2356,3,High School,Mortgage,Single,Auto,1,34968.34,8824.07,990.72,0
42,Male,198558.64,16546.55,Salaried,11,464683.38,24,615,2,1.369,0,PhD,Own,Single,Home,0,0.0,3104.89,22091.89,1
45,Female,114176.41,9514.7,Salaried,17,196122.15,48,714,0,0.5129,0,Bachelor,Rent,Single,Business,0,40474.18,24070.04,4880.51,0
42,Male,37624.71,3135.39,Salaried,2,15664.03,36,794,0,0.152,0,High School,Own,Divorced,Auto,0,16364.71,7992.78,476.53,0
42,Female,5742.01,478.5,Unemployed,0,3493.97,24,585,2,1.5,0,High School,Own,Single,Education,0,8578.86,4997.1,166.11,1
69,Female,168316.04,14026.34,Salaried,30,88716.49,36,749,0,0.2011,0,Bachelor,Own,Single,Education,0,65344.0,37317.45,2821.16,0
62,Female,68996.38,5749.7,Salaried,18,280373.61,36,731,1,1.5,2,Bachelor,Rent,Single,Home,0,0.0,2080.26,8915.81,1
26,Male,50741.86,4228.49,Self-Employed,1,74481.75,12,718,2,1.5,2,High School,Mortgage,Married,Home,0,12628.62,7551.4,6513.54,0
35,Male,81728.96,6810.75,Salaried,5,68661.75,48,715,1,0.3042,2,High School,Mortgage,Divorced,Business,0,11813.88,4696.37,1708.65,0
63,Male,265792.39,22149.37,Salaried,35,81156.1,12,613,0,0.3273,0,Bachelor,Rent,Single,Personal,0,135490.18,77838.86,7248.64,0
57,Male,75910.73,6325.89,Salaried,3,157558.68,36,691,3,0.9431,0,High School,Own,Married,Home,0,33113.91,10004.26,5010.32,0
53,Male,3719.82,309.98,Unemployed,0,2508.14,36,563,0,0.1814,4,Master,Rent,Single,Personal,0,8147.18,3680.8,90.68,1
28,Female,62881.27,5240.11,Salaried,7,47134.01,12,669,1,0.8756,0,Bachelor,Rent,Married,Personal,1,11755.16,7542.21,4209.88,0
64,Female,5933.12,494.43,Unemployed,0,20065.75,24,620,1,1.5,4,Bachelor,Rent,Single,Home,0,4995.38,5661.08,953.96,1
64,Female,145811.52,12150.96,Self-Employed,42,375282.72,48,720,1,0.7844,2,Bachelor,Rent,Married,Home,0,0.0,1234.91,9338.93,0
25,Male,68207.68,5683.97,Self-Employed,4,24188.87,12,759,0,0.3663,3,High School,Mortgage,Married,Personal,0,5020.71,2602.29,2081.85,0
59,Male,128602.78,10716.9,Self-Employed,30,29892.5,36,654,3,0.1345,0,Master,Own,Married,Education,1,47794.15,6066.59,1007.2,0
24,Male,49073.4,4089.45,Salaried,1,44589.72,12,554,0,0.9996,0,High School,Own,Single,Business,0,17103.52,5362.01,4087.99,1
26,Female,60867.79,5072.32,Salaried,1,38045.11,60,669,0,0.1707,1,Bachelor,Rent,Single,Education,0,19330.39,8293.02,865.64,0
65,Female,121589.72,10132.48,Salaried,12,93029.31,24,708,1,0.4294,2,Bachelor,Rent,Married,Auto,0,22587.22,11991.91,4250.02,0
52,Female,116735.85,9727.99,Salaried,20,275728.67,36,657,2,0.9773,0,High School,Rent,Married,Home,0,4290.05,4767.53,9290.39,0
50,Female,14235.63,1186.3,Student,0,5811.48,36,666,0,0.1651,2,Bachelor,Mortgage,Single,Education,0,6787.08,6626.37,195.81,0
67,Female,392312.53,32692.71,Salaried,42,919302.84,36,644,0,0.9475,0,Master,Own,Married,Home,0,36309.02,14766.18,30974.95,0
55,Male,71500.34,5958.36,Salaried,3,19867.73,24,670,1,0.1791,1,Bachelor,Rent,Married,Auto,0,16217.93,3785.77,944.55,0
60,Male,347097.03,28924.75,Self-Employed,39,212407.47,36,625,2,0.2618,3,Master,Rent,Single,Auto,0,142762.03,27601.98,7156.85,0
36,Female,10919.63,909.97,Student,0,8423.54,60,581,0,0.2106,0,Master,Own,Single,Education,0,9804.59,4880.68,191.66,0
33,Male,11922.55,993.55,Student,0,45086.57,12,651,1,1.5,0,Bachelor,Mortgage,Divorced,Home,0,11365.11,7477.4,4027.01,1
62,Male,149975.49,12497.96,Self-Employed,12,294531.01,12,668,0,1.5,0,Bachelor,Rent,Single,Home,1,103.95,2421.91,26306.71,1
50,Female,92626.64,7718.89,Salaried,24,396496.44,60,758,0,0.9931,0,Bachelor,Mortgage,Divorced,Home,0,10396.08,7240.66,7665.39,0
39,Female,143293.32,11941.11,Salaried,8,72490.32,36,715,0,0.193,0,Bachelor,Rent,Married,Auto,0,0.0,2926.68,2305.17,0
37,Female,69128.21,5760.68,Salaried,8,17819.79,24,705,1,0.1659,0,High School,Own,Single,Personal,0,18357.68,4733.76,814.09,0
39,Female,108680.43,9056.7,Salaried,1,60241.96,24,777,0,0.2948,0,PhD,Mortgage,Married,Auto,0,0.0,1310.35,2669.96,0
48,Female,67937.23,5661.44,Salaried,2,25978.79,36,675,2,0.2776,2,Bachelor,Mortgage,Single,Personal,0,30856.24,18266.79,826.12,0
46,Male,9510.0,792.5,Unemployed,0,4385.64,36,685,2,0.548,3,Bachelor,Mortgage,Single,Education,0,1158.93,3780.21,139.46,0
57,Male,8786.6,732.22,Unemployed,0,5422.36,24,626,0,0.3521,1,Bachelor,Rent,Single,Education,0,8186.26,5154.73,257.79,0
46,Female,165979.81,13831.65,Self-Employed,20,103303.22,24,692,0,0.3412,0,Bachelor,Mortgage,Divorced,Personal,0,29632.93,14619.01,4719.38,0
43,Female,108431.35,9035.95,Self-Employed,11,20501.0,48,757,0,0.0533,0,Master,Rent,Married,Auto,0,9957.59,5645.6,481.47,0
29,Male,50264.72,4188.73,Salaried,0,103948.37,48,745,1,0.6759,2,Bachelor,Rent,Single,Home,0,15684.34,8752.11,2586.76,0
32,Female,68424.14,5702.01,Salaried,3,298505.11,48,667,0,1.4044,2,High School,Mortgage,Single,Home,0,13737.47,8799.04,8008.14,0
21,Male,4984.81,415.4,Unemployed,0,2670.59,36,600,0,0.18,4,High School,Rent,Married,Auto,0,5314.91,2382.31,89.98,0
21,Male,72243.62,6020.3,Salaried,0,37984.87,24,635,0,0.3,0,Master,Mortgage,Single,Auto,0,31294.35,7541.35,1805.87,0
67,Female,81465.37,6788.78,Self-Employed,13,32972.32,36,728,1,0.1826,2,Bachelor,Mortgage,Single,Education,0,30126.5,12012.34,1048.51,0
54,Male,145890.21,12157.52,Salaried,20,68495.8,36,751,0,0.1714,1,PhD,Rent,Single,Auto,0,0.0,3505.63,2083.77,0
52,Male,6268.16,522.35,Unemployed,0,14135.04,48,566,1,1.1587,3,High School,Rent,Married,Home,1,7118.25,9140.61,415.22,1
68,Male,98923.31,8243.61,Self-Employed,40,15048.48,36,685,0,0.058,1,High School,Own,Single,Auto,0,14177.2,7523.15,478.54,0
45,Female,89207.39,7433.95,Salaried,7,21234.12,36,806,0,0.0869,1,High School,Rent,Married,Personal,0,46246.93,16072.72,645.98,0
60,Male,203342.88,16945.24,Salaried,32,102369.4,36,729,4,0.2728,2,Bachelor,Mortgage,Married,Education,0,72303.21,41643.4,3255.32,0
65,Female,257479.44,21456.62,Salaried,44,118979.79,24,756,1,0.2628,2,Bachelor,Rent,Divorced,Auto,0,76070.85,12343.86,5273.26,0
21,Female,45180.52,3765.04,Salaried,0,104596.73,12,666,1,1.5,0,High School,Rent,Married,Home,1,7542.22,6305.5,9342.29,1
36,Male,118822.63,9901.89,Salaried,11,59357.66,36,618,0,0.202,0,Bachelor,Mortgage,Married,Education,0,59965.0,35374.6,1999.99,0
59,Female,7007.98,584.0,Unemployed,0,9605.86,36,501,0,0.5946,1,Bachelor,Own,Married,Business,0,3593.62,3061.19,347.27,1
25,Male,36042.38,3003.53,Self-Employed,2,28744.83,24,662,4,0.9004,0,High School,Mortgage,Divorced,Education,0,11297.11,8718.9,1366.58,0
42,Female,62455.32,5204.61,Salaried,13,44234.32,36,598,0,0.2864,1,Bachelor,Mortgage,Married,Personal,1,21841.59,14958.65,1490.43,0
49,Female,152673.88,12722.82,Salaried,18,55372.96,48,690,0,0.1083,4,Bachelor,Mortgage,Married,Education,0,37322.42,12513.18,1377.96,0
23,Female,33543.31,2795.28,Self-Employed,2,66244.69,24,662,0,1.1267,1,High School,Mortgage,Single,Home,0,20020.47,10122.98,3149.39,0
32,Male,33440.95,2786.75,Salaried,5,25657.27,36,658,0,0.3102,2,High School,Mortgage,Divorced,Education,0,17362.53,9721.8,864.49,0
46,Male,79116.86,6593.07,Salaried,3,16942.6,24,644,1,0.1599,2,Bachelor,Rent,Single,Education,0,4556.66,3034.07,805.48,0
36,Male,103994.22,8666.18,Salaried,3,52580.87,36,700,1,0.2074,2,Bachelor,Mortgage,Single,Auto,0,32146.38,13669.55,1672.06,0
57,Male,126886.84,10573.9,Salaried,0,67905.12,36,685,3,0.2696,3,Master,Rent,Married,Business,0,0.0,1461.36,2159.36,0
42,Female,140093.9,11674.49,Salaried,9,104511.84,48,746,2,0.2426,2,Bachelor,Mortgage,Married,Auto,0,51563.4,24077.49,2600.78,0
49,Male,51741.84,4311.82,Salaried,12,93778.58,48,697,0,0.5412,1,High School,Mortgage,Married,Home,0,26290.3,5137.22,2333.68,0
34,Female,213929.91,17827.49,Self-Employed,11,578037.1,24,656,0,1.5,0,Master,Own,Married,Home,1,25571.5,10877.25,27480.94,1
48,Male,221061.59,18421.8,Self-Employed,10,114132.02,48,738,1,0.1717,0,PhD,Rent,Married,Auto,0,88778.55,52273.92,2840.18,0
25,Male,55205.92,4600.49,Salaried,3,24157.0,12,648,1,0.4986,0,Bachelor,Mortgage,Married,Personal,0,19691.91,13091.07,2157.64,0
67,Female,274847.86,22903.99,Salaried,16,915331.4,36,656,1,1.3557,0,PhD,Mortgage,Married,Home,0,64166.27,33246.5,30841.13,1
69,Male,6989.59,582.47,Unemployed,0,5244.81,24,555,2,1.105,2,Bachelor,Mortgage,Married,Personal,0,4376.91,1405.1,261.84,1
50,Female,66285.93,5523.83,Self-Employed,14,236768.42,48,686,0,1.0666,1,Bachelor,Rent,Divorced,Home,0,925.01,2721.73,5891.99,0
66,Female,100494.64,8374.55,Salaried,28,65964.93,12,737,0,0.6888,0,Bachelor,Rent,Married,Education,0,28509.86,14691.61,5768.73,0
25,Female,75645.36,6303.78,Salaried,2,12213.98,48,677,0,0.0482,4,Bachelor,Mortgage,Divorced,Auto,0,4523.26,2976.43,303.95,0
32,Male,70074.46,5839.54,Salaried,9,198539.1,48,722,3,1.0131,1,High School,Mortgage,Single,Home,0,27208.66,6697.46,4940.65,0
36,Female,167909.12,13992.43,Salaried,4,104530.48,36,674,0,0.2376,1,Master,Mortgage,Single,Auto,0,50565.5,7335.79,3324.04,0
46,Female,7157.12,596.43,Student,0,2000.0,60,805,0,0.0648,2,Master,Mortgage,Single,Auto,0,5913.88,2981.11,38.67,0
46,Female,111047.91,9253.99,Salaried,13,35943.12,36,735,0,0.1235,1,Bachelor,Rent,Married,Auto,0,12391.8,6901.28,1142.98,0
68,Male,93639.74,7803.31,Self-Employed,18,332610.9,60,685,0,0.8848,0,Bachelor,Mortgage,Divorced,Home,0,18494.57,8420.86,6904.46,0
41,Female,95256.06,7938.0,Salaried,20,251247.49,12,596,1,1.5,2,High School,Own,Single,Home,1,25496.38,14439.47,22440.74,1
59,Female,11093.18,924.43,Unemployed,0,19144.82,36,582,0,0.6978,0,High School,Rent,Single,Home,0,8811.22,3739.27,645.06,1
56,Female,59794.03,4982.84,Salaried,3,36957.19,12,786,1,0.6638,1,High School,Mortgage,Single,Education,0,12941.59,3593.8,3180.77,0
53,Male,109087.62,9090.64,Salaried,11,502238.83,24,791,0,1.5,0,Bachelor,Rent,Married,Home,1,16150.05,10500.69,22259.53,1
50,Male,270027.95,22502.33,Salaried,29,134632.64,36,771,1,0.1977,1,Master,Own,Single,Personal,0,32156.25,13427.16,4095.79,0
57,Female,33675.9,2806.32,Salaried,1,7035.58,36,665,2,0.3263,0,High School,Mortgage,Single,Personal,0,6966.31,5003.49,237.06,0
43,Male,115260.43,9605.04,Salaried,16,347024.1,24,697,1,1.5,2,High School,Rent,Married,Home,0,33121.95,13840.65,15853.71,0
30,Female,80822.55,6735.21,Salaried,0,145332.23,24,702,0,0.9858,0,Bachelor,Rent,Single,Business,0,24457.55,8707.79,6639.47,0
25,Male,59315.47,4942.96,Salaried,0,116132.46,48,747,0,0.5847,3,High School,Mortgage,Married,Home,0,12003.71,9116.73,2889.96,0
56,Female,258516.31,21543.03,Salaried,24,1040398.67,12,725,1,1.5,3,Master,Mortgage,Married,Home,0,74197.46,29765.02,90984.4,0
54,Male,98748.29,8229.02,Salaried,4,44197.27,48,680,0,0.1337,0,Bachelor,Mortgage,Married,Auto,0,33833.21,21659.56,1099.85,0
51,Male,91296.41,7608.03,Self-Employed,15,244638.18,12,612,0,1.5,0,High School,Mortgage,Single,Home,0,25460.5,16021.81,21850.42,1
30,Female,68858.8,5738.23,Salaried,3,29508.32,12,709,0,0.4497,2,High School,Mortgage,Divorced,Personal,0,14138.9,8880.72,2580.55,0
39,Female,37552.09,3129.34,Self-Employed,9,164507.26,60,537,1,1.3879,0,High School,Own,Married,Home,1,1889.58,3387.43,4177.4,1
52,Female,5822.11,485.18,Unemployed,0,2563.58,24,618,1,1.0012,0,Bachelor,Own,Single,Auto,0,7678.22,6561.91,121.88,1
21,Male,73146.84,6095.57,Self-Employed,0,301624.91,24,702,0,1.5,0,High School,Rent,Single,Home,0,29468.11,19084.52,13779.66,1
25,Female,65940.42,5495.04,Salaried,4,27275.79,24,695,1,0.2971,1,Bachelor,Mortgage,Single,Personal,0,5638.45,1189.19,1246.09,0
65,Female,153211.55,12767.63,Salaried,24,17521.68,36,756,2,0.0877,0,Bachelor,Rent,Married,Auto,0,63254.62,20396.97,533.04,0
24,Female,36473.08,3039.42,Salaried,2,23083.81,48,598,3,0.4817,0,High School,Rent,Married,Education,0,15367.54,10366.94,619.28,0
36,Male,44456.81,3704.73,Salaried,2,20714.32,36,601,0,0.1884,1,High School,Mortgage,Single,Education,0,8934.05,5213.04,697.95,0
44,Female,153352.09,12779.34,Salaried,17,599600.84,24,675,0,1.5,0,Bachelor,Rent,Single,Home,0,5419.03,4487.3,27392.61,0
36,Female,109737.03,9144.75,Salaried,7,44489.36,24,628,1,0.2457,0,Bachelor,Rent,Divorced,Auto,0,8757.64,7072.51,2115.11,0
22,Female,91431.64,7619.3,Salaried,0,162286.33,24,647,0,1.0126,3,Master,Own,Divorced,Home,0,40410.79,10415.96,7715.39,0
69,Male,172569.14,14380.76,Salaried,35,133831.44,24,772,3,0.4365,2,High School,Rent,Married,Auto,0,15046.72,5631.82,5931.49,0
48,Female,79052.9,6587.74,Salaried,6,27791.79,36,726,0,0.1342,0,High School,Own,Married,Personal,0,30569.64,19072.44,883.77,0
52,Female,38396.19,3199.68,Salaried,0,141468.58,36,685,1,1.5,0,High School,Rent,Married,Home,0,15542.59,6228.52,4498.66,0
47,Male,115853.56,9654.46,Salaried,15,55703.33,36,684,0,0.1835,1,Bachelor,Rent,Married,Auto,0,30906.06,14739.77,1771.35,0
40,Male,169498.24,14124.85,Salaried,16,484925.94,24,659,1,1.5,0,Bachelor,Rent,Married,Home,0,75903.18,28340.01,23054.26,0
44,Male,66875.41,5572.95,Salaried,7,27741.85,12,721,0,0.4353,4,Master,Own,Single,Personal,0,33197.06,20158.48,2426.07,0
32,Male,7814.66,651.22,Unemployed,0,6624.55,36,739,2,1.1063,2,Bachelor,Own,Married,Personal,0,5262.52,3676.77,210.66,1
55,Male,43917.62,3659.8,Self-Employed,5,18220.84,48,640,0,0.1336,4,High School,Mortgage,Single,Auto,0,0.0,2030.71,488.82,0
53,Female,84573.02,7047.75,Salaried,25,11664.75,48,660,2,0.082,2,Bachelor,Rent,Single,Auto,0,689.33,2567.5,312.94,0
53,Female,11128.61,927.38,Unemployed,0,6989.42,24,626,0,0.3583,1,Master,Mortgage,Married,Education,0,10990.18,5167.96,332.29,0
63,Female,260624.04,21718.67,Salaried,41,515386.45,36,660,0,0.7996,2,Bachelor,Mortgage,Married,Business,0,0.0,2198.03,17365.41,0
57,Female,113073.44,9422.79,Salaried,30,110435.63,24,745,1,0.5714,2,Bachelor,Own,Divorced,Business,0,49363.19,11138.17,5045.22,0
32,Male,167118.31,13926.53,Salaried,0,91853.06,24,813,0,0.2923,1,PhD,Own,Married,Auto,0,40935.64,21234.68,4070.98,0
23,Male,52360.62,4363.38,Self-Employed,2,23624.16,48,755,2,0.2677,0,Bachelor,Mortgage,Divorced,Personal,0,300.17,1119.8,554.81,0
21,Female,73212.1,6101.01,Salaried,0,43489.23,24,633,0,0.3389,1,Bachelor,Mortgage,Single,Auto,1,40204.3,12984.29,2067.56,0
53,Male,127480.42,10623.37,Salaried,27,43643.98,36,650,1,0.1708,0,High School,Rent,Married,Auto,0,67297.25,25602.64,1470.54,0
60,Male,186085.01,15507.08,Salaried,35,267233.38,24,778,0,0.7638,2,Bachelor,Rent,Single,Home,0,51503.69,9327.46,11843.95,0
30,Male,10507.81,875.65,Unemployed,0,10554.37,24,630,1,0.7889,2,High School,Mortgage,Single,Business,0,7175.47,4333.65,501.77,1
63,Male,123973.44,10331.12,Salaried,12,59883.37,60,750,0,0.1203,4,Bachelor,Rent,Single,Education,0,35422.71,7542.33,1243.08,0
64,Female,83875.65,6989.64,Salaried,20,47000.85,48,713,1,0.2008,1,High School,Rent,Married,Personal,0,29822.65,5828.13,1169.62,0
49,Male,290733.07,24227.76,Salaried,26,134955.49,24,733,2,0.2747,2,Master,Mortgage,Single,Education,0,87277.26,25710.23,6165.41,0
33,Male,72936.07,6078.01,Self-Employed,9,189053.08,36,633,0,1.048,0,Master,Mortgage,Married,Home,0,31358.37,17625.46,6369.95,0
32,Male,80060.31,6671.69,Salaried,2,26104.54,48,715,0,0.0974,0,Bachelor,Mortgage,Single,Auto,0,0.0,1504.1,649.61,0
51,Female,127685.97,10640.5,Salaried,30,28699.45,48,724,1,0.0783,3,High School,Rent,Single,Auto,0,0.0,2170.28,714.19,0
66,Male,106884.67,8907.06,Salaried,15,53998.33,36,720,0,0.1928,2,High School,Mortgage,Married,Auto,0,11575.28,5771.74,1717.13,0
22,Female,78086.74,6507.23,Salaried,0,272961.27,60,709,0,0.8708,2,Bachelor,Mortgage,Divorced,Home,0,14962.54,5113.68,5666.23,0
55,Male,153792.47,12816.04,Salaried,12,116521.22,36,637,0,0.3063,0,Bachelor,Own,Single,Auto,0,48053.69,13660.76,3926.06,0
43,Male,80586.08,6715.51,Salaried,4,144786.9,12,741,0,1.5,2,Bachelor,Rent,Married,Home,1,6634.56,3592.07,12661.83,1
37,Female,5171.29,430.94,Unemployed,0,12052.9,60,647,2,1.0821,3,Bachelor,Mortgage,Divorced,Home,0,6186.49,4657.11,274.24,1
46,Male,159171.7,13264.31,Self-Employed,11,79819.32,60,616,2,0.1723,0,Bachelor,Rent,Married,Personal,0,6650.54,3213.01,1816.13,0
28,Male,11671.81,972.65,Student,0,6808.97,48,586,1,0.4171,2,Bachelor,Rent,Married,Auto,0,6566.06,4888.64,182.67,0
49,Male,86097.37,7174.78,Self-Employed,6,48108.95,48,567,1,0.2118,0,Bachelor,Rent,Single,Auto,0,44641.71,8326.85,1413.2,0
46,Female,136440.78,11370.06,Salaried,8,73514.74,36,748,0,0.2056,0,Bachelor,Rent,Married,Auto,0,61566.12,8484.48,2337.75,0
30,Male,102928.0,8577.33,Self-Employed,4,76394.48,36,646,0,0.3001,2,Bachelor,Mortgage,Single,Education,1,51665.41,13354.84,2574.03,0
46,Female,63724.34,5310.36,Self-Employed,3,204814.92,24,605,3,1.5,0,High School,Own,Married,Home,0,24539.27,9432.65,9737.27,1
54,Male,130225.02,10852.08,Salaried,28,253807.42,24,769,1,1.0709,0,High School,Rent,Married,Business,0,32099.4,21139.29,11248.9,0
61,Male,241467.16,20122.26,Salaried,40,195544.68,36,694,0,0.309,2,Bachelor,Rent,Married,Education,0,107448.84,66912.55,6218.27,0
27,Male,57593.04,4799.42,Salaried,4,19397.9,24,625,0,0.1922,2,High School,Rent,Single,Auto,0,220.99,2998.48,922.21,0
24,Female,68948.07,5745.67,Salaried,0,19122.19,24,736,2,0.2459,0,Bachelor,Rent,Divorced,Personal,0,38573.77,23218.0,873.59,0
65,Male,147974.68,12331.22,Salaried,10,34937.69,36,672,0,0.0901,3,Bachelor,Rent,Married,Auto,1,30859.46,15069.49,1111.01,0
31,Male,6972.48,581.04,Unemployed,0,11046.96,36,578,0,0.6873,0,Master,Rent,Divorced,Home,0,5040.38,4652.65,399.37,1
49,Male,70866.34,5905.53,Self-Employed,8,75320.67,12,652,1,1.1679,4,Bachelor,Rent,Married,Business,0,25525.09,6242.52,6727.44,0
56,Male,106246.69,8853.89,Salaried,27,49796.52,36,696,2,0.2428,2,High School,Mortgage,Single,Auto,0,32483.61,5968.2,1583.52,0
45,Male,49166.83,4097.24,Salaried,21,19650.05,36,653,0,0.1616,0,High School,Rent,Married,Education,0,28478.7,4677.38,662.09,0
41,Female,171264.57,14272.05,Salaried,10,315638.18,36,745,2,0.7416,0,Master,Mortgage,Married,Business,0,16529.05,6275.86,10037.21,0
56,Male,56428.57,4702.38,Salaried,20,117608.9,48,701,2,0.783,0,High School,Rent,Single,Home,0,16748.98,4414.67,2926.7,0
30,Male,55055.18,4587.93,Salaried,5,187245.9,24,649,0,1.5,0,Bachelor,Mortgage,Married,Home,0,13690.2,4662.3,8902.01,0
57,Female,216953.42,18079.45,Self-Employed,25,103679.83,48,679,3,0.1643,1,Bachelor,Rent,Married,Personal,0,75288.1,28371.77,2580.08,0
29,Male,9725.57,810.46,Unemployed,0,4826.79,60,540,2,0.4294,0,Bachelor,Rent,Married,Auto,2,5730.5,3929.21,122.57,1
44,Male,109707.45,9142.29,Salaried,15,69356.87,60,729,0,0.1575,0,Bachelor,Mortgage,Single,Education,0,52023.57,15803.78,1439.73,0
55,Male,84311.68,7025.97,Salaried,13,303463.51,60,694,2,0.9549,2,Bachelor,Own,Married,Home,0,22173.69,10679.27,6299.4,0
69,Female,317063.75,26421.98,Salaried,34,225816.8,48,796,1,0.2055,0,Master,Mortgage,Single,Education,0,78521.61,24426.34,5303.31,0
55,Male,135109.71,11259.14,Salaried,21,24834.16,36,835,0,0.0671,1,High School,Mortgage,Married,Education,0,30255.0,8959.57,755.5,0
68,Male,104868.83,8739.07,Salaried,1,70102.42,48,677,3,0.3272,0,Master,Rent,Single,Auto,0,30628.76,15398.85,1744.5,0
56,Male,7800.76,650.06,Unemployed,0,4013.39,12,494,0,0.566,2,Bachelor,Rent,Single,Personal,0,5354.51,5308.56,367.95,1
38,Female,7430.53,619.21,Student,0,4336.2,24,644,0,0.3329,1,PhD,Mortgage,Single,Auto,1,8236.81,5932.94,206.15,0
69,Male,7892.5,657.71,Unemployed,0,2000.0,60,592,0,0.0692,2,High School,Mortgage,Single,Auto,0,1149.02,1433.57,45.51,0
59,Female,6005.98,500.5,Unemployed,0,13062.55,12,572,2,1.5,0,High School,Mortgage,Married,Home,0,4646.62,4527.08,1197.57,1
52,Female,13455.78,1121.32,Student,0,35031.06,12,637,0,1.5,0,Master,Rent,Divorced,Home,0,9012.81,3340.21,3128.88,1
44,Female,5771.13,480.93,Unemployed,0,9966.03,24,622,0,0.9476,0,Master,Mortgage,Married,Home,0,5005.27,4838.72,473.8,1
43,Male,127514.49,10626.21,Self-Employed,12,25352.14,36,539,0,0.0863,0,Bachelor,Mortgage,Married,Auto,0,41250.27,11135.21,916.54,0
52,Male,73863.93,6155.33,Salaried,10,9843.06,24,767,1,0.1235,0,Bachelor,Rent,Divorced,Auto,0,41634.58,20303.9,436.25,0
57,Male,85056.89,7088.07,Salaried,11,77084.88,12,792,0,0.936,1,Master,Rent,Divorced,Business,0,5733.06,4261.77,6634.42,0
32,Male,27017.76,2251.48,Salaried,0,6848.12,12,621,2,0.4168,1,High School,Rent,Divorced,Auto,0,13861.8,7873.99,611.66,0
69,Male,126359.07,10529.92,Salaried,21,74442.53,36,681,1,0.2463,2,Bachelor,Mortgage,Single,Auto,0,54011.01,20220.6,2367.25,0
33,Female,76969.33,6414.11,Self-Employed,4,19616.9,36,647,1,0.14,1,Master,Mortgage,Married,Education,1,39605.28,23230.36,660.97,0
43,Male,147854.54,12321.21,Salaried,8,25197.47,24,676,3,0.184,1,Bachelor,Mortgage,Married,Personal,0,40262.02,21603.02,1151.14,0
45,Male,140225.41,11685.45,Salaried,11,184167.83,60,692,0,0.3272,4,Bachelor,Mortgage,Married,Business,0,22677.11,9542.08,3823.02,0
55,Female,110983.7,9248.64,Salaried,6,80520.86,48,709,1,0.2576,1,Bachelor,Own,Married,Business,0,53448.57,10080.2,2003.77,0
61,Female,160308.17,13359.01,Salaried,16,44377.68,36,676,2,0.1222,1,Bachelor,Rent,Single,Personal,0,65427.99,15793.35,1411.2,0
50,Male,80851.21,6737.6,Salaried,28,287155.9,24,695,1,1.5,4,High School,Rent,Divorced,Home,0,23284.84,14769.33,13118.64,0
37,Female,234474.88,19539.57,Salaried,9,382903.82,48,634,0,0.5257,4,PhD,Rent,Married,Home,1,73259.39,30122.94,10272.35,0
69,Male,278188.37,23182.36,Salaried,37,210581.44,24,762,0,0.4026,1,Bachelor,Own,Single,Auto,0,20065.27,12404.47,9333.1,0
40,Female,97941.95,8161.83,Salaried,6,25649.72,36,654,0,0.1059,1,Master,Mortgage,Single,Personal,1,29294.19,16438.05,864.24,0
68,Female,415701.63,34641.8,Salaried,45,311116.64,36,646,2,0.3089,1,Master,Mortgage,Married,Personal,0,97926.72,45396.57,10482.75,0
45,Female,80398.86,6699.9,Salaried,24,32323.7,48,605,3,0.2861,2,High School,Mortgage,Single,Education,0,0.0,2476.32,867.16,0
42,Female,35820.62,2985.05,Self-Employed,10,62829.18,24,661,0,1.0007,3,High School,Rent,Single,Home,1,23267.92,5382.14,2987.01,1
33,Male,67642.7,5636.89,Salaried,1,140394.32,24,672,2,1.1802,0,Bachelor,Rent,Divorced,Business,0,16003.26,10186.43,6413.88,0
39,Male,112313.63,9359.47,Salaried,0,91728.07,36,641,0,0.3302,2,Bachelor,Own,Single,Personal,0,26004.89,16439.83,3090.68,0
69,Female,190705.41,15892.12,Salaried,31,150346.03,48,782,0,0.2222,2,Bachelor,Rent,Married,Business,0,18349.02,13283.1,3530.88,0
56,Male,129111.03,10759.25,Salaried,11,25636.57,12,803,0,0.2051,0,Bachelor,Own,Married,Auto,0,10398.01,6682.43,2206.45,0
32,Female,73096.37,6091.36,Salaried,8,45437.66,60,749,2,0.2626,2,Bachelor,Rent,Married,Auto,0,10292.34,5192.24,943.21,0
61,Male,3459.2,288.27,Unemployed,0,2000.0,36,715,3,1.5,1,High School,Rent,Single,Education,0,8278.62,3915.57,63.6,1
39,Male,145478.6,12123.22,Salaried,10,63657.96,12,742,0,0.4592,0,Bachelor,Rent,Married,Education,0,0.0,2635.89,5566.98,0
32,Male,68504.42,5708.7,Salaried,0,74002.48,36,717,0,0.4122,4,Bachelor,Own,Single,Business,0,11586.66,5127.21,2353.26,0
29,Male,2041.08,170.09,Unemployed,0,2000.0,36,626,2,1.1317,1,Bachelor,Rent,Single,Education,0,5249.83,2631.63,67.39,1
27,Female,4942.46,411.87,Unemployed,0,2000.0,36,618,0,0.1348,1,High School,Rent,Married,Personal,0,1829.35,2619.19,67.39,1
48,Female,91836.64,7653.05,Salaried,19,79522.17,36,705,0,0.3304,2,Bachelor,Rent,Divorced,Auto,0,51094.54,20375.73,2528.78,0
34,Female,75056.51,6254.71,Self-Employed,9,302709.48,48,668,4,1.4484,4,High School,Rent,Married,Home,0,3653.81,4362.69,8120.94,1
51,Female,199723.58,16643.63,Self-Employed,28,172999.42,48,687,1,0.2815,3,Bachelor,Mortgage,Single,Auto,0,80139.38,8647.77,4305.1,0
39,Female,128677.31,10723.11,Salaried,18,495014.77,36,800,1,1.4347,1,Bachelor,Own,Married,Home,0,25147.87,7246.91,15059.31,0
67,Female,64474.51,5372.88,Self-Employed,22,44970.06,12,702,0,0.732,1,High School,Own,Single,Personal,0,3627.33,1360.6,3932.7,0
36,Male,66955.74,5579.64,Salaried,15,21839.66,36,688,0,0.1245,0,Bachelor,Rent,Married,Personal,0,28850.56,15508.33,694.5,0
25,Female,70777.46,5898.12,Salaried,4,50382.49,12,731,0,0.747,1,Bachelor,Own,Single,Personal,0,0.0,164.46,4406.02,0
55,Male,154103.68,12841.97,Self-Employed,34,22569.0,12,702,1,0.1814,3,High School,Mortgage,Divorced,Auto,0,22318.8,6649.62,1973.69,0
32,Male,64365.95,5363.83,Salaried,10,32992.02,36,713,3,0.3917,2,High School,Rent,Single,Personal,0,22857.46,13190.93,1049.14,0
45,Female,4522.51,376.88,Unemployed,0,2000.0,60,612,1,0.4827,0,Master,Mortgage,Single,Auto,0,3350.43,4328.15,45.51,0
41,Male,62486.97,5207.25,Self-Employed,15,32761.77,24,663,0,0.2991,0,Bachelor,Rent,Married,Education,0,9478.95,4252.14,1557.55,0
56,Male,6960.62,580.05,Unemployed,0,16673.3,48,677,1,1.1083,3,PhD,Own,Single,Home,0,4540.79,4369.15,414.92,1
43,Male,163505.45,13625.45,Salaried,21,272734.06,12,590,0,1.5,2,Bachelor,Mortgage,Married,Home,1,71669.98,41492.35,24359.86,1
36,Male,70413.61,5867.8,Salaried,9,17963.9,12,694,0,0.2677,1,Bachelor,Rent,Divorced,Education,0,17147.87,6429.5,1570.97,0
59,Female,80900.73,6741.73,Self-Employed,1,31268.13,48,580,2,0.1835,1,Bachelor,Mortgage,Single,Education,1,1156.45,2837.04,918.5,0
65,Male,165732.97,13811.08,Salaried,35,163150.55,24,623,0,0.5616,0,Bachelor,Mortgage,Single,Business,0,9378.79,3319.31,7756.47,0
62,Male,72236.86,6019.74,Salaried,5,27591.88,60,586,1,0.1567,2,High School,Mortgage,Divorced,Personal,0,9823.53,8234.95,627.8,0
59,Male,167354.4,13946.2,Self-Employed,16,146098.21,12,718,0,0.9161,1,Bachelor,Rent,Married,Personal,0,10069.16,6100.45,12776.5,0
34,Male,72634.4,6052.87,Salaried,5,44564.65,24,604,0,0.35,2,Bachelor,Mortgage,Divorced,Education,0,20314.05,11316.38,2118.68,0
51,Female,78667.18,6555.6,Salaried,3,36800.81,36,664,0,0.1891,0,High School,Mortgage,Single,Auto,0,41043.41,24697.81,1239.96,0
25,Male,60347.59,5028.97,Salaried,0,21936.69,36,715,0,0.1387,1,High School,Mortgage,Single,Auto,0,1818.77,3493.54,697.58,0
55,Female,56939.61,4744.97,Salaried,28,30342.86,36,688,0,0.2034,0,High School,Own,Single,Personal,0,18695.12,7080.91,964.89,0
43,Female,162696.61,13558.05,Salaried,17,252813.37,48,658,2,0.5452,3,Bachelor,Rent,Single,Home,0,53455.45,27821.06,6782.35,0
49,Female,113387.49,9448.96,Salaried,13,52515.3,36,770,0,0.1691,3,Bachelor,Mortgage,Married,Education,0,7087.1,4595.8,1597.62,0
63,Female,150327.93,12527.33,Salaried,1,39996.82,60,747,1,0.0932,2,Master,Mortgage,Single,Education,0,4724.49,3505.13,830.27,0
31,Female,49417.89,4118.16,Self-Employed,5,174256.27,48,619,1,1.2014,3,High School,Rent,Married,Home,0,4999.6,1690.57,4674.86,1
38,Male,85114.67,7092.89,Salaried,14,44809.86,60,703,0,0.1311,2,High School,Own,Single,Auto,0,40486.62,21225.8,930.18,0
67,Male,131053.16,10921.1,Salaried,5,19932.17,48,657,0,0.049,0,Bachelor,Rent,Married,Personal,0,48007.24,24900.41,534.73,0
32,Male,101793.08,8482.76,Salaried,8,270982.58,24,638,0,1.5,2,Master,Mortgage,Single,Home,0,15372.06,6720.92,12883.01,1
29,Female,60261.12,5021.76,Salaried,6,14089.65,36,759,0,0.0854,0,High School,Mortgage,Single,Education,0,32175.59,7554.41,428.63,0
30,Male,12524.95,1043.75,Student,0,5068.24,24,562,0,0.2424,1,Bachelor,Mortgage,Married,Auto,0,13975.4,7735.1,253.03,0
64,Male,103625.59,8635.47,Salaried,4,513809.99,36,681,0,1.5,0,Bachelor,Own,Single,Home,0,18790.76,10549.47,16339.02,1
37,Male,85677.01,7139.75,Salaried,7,32608.86,36,659,0,0.1539,1,High School,Own,Married,Personal,0,20836.59,9812.72,1098.72,0
58,Male,76484.75,6373.73,Salaried,0,12112.34,60,676,1,0.0708,2,Bachelor,Own,Married,Auto,0,13873.55,5797.91,251.43,0
27,Male,42583.9,3548.66,Salaried,1,72955.54,48,689,0,0.5116,0,High School,Mortgage,Divorced,Business,0,5084.44,1929.68,1815.5,0
66,Female,7350.85,612.57,Unemployed,0,2570.58,48,644,1,0.359,0,Master,Rent,Married,Education,0,5481.86,6767.06,68.96,0
33,Male,89245.8,7437.15,Self-Employed,10,33842.68,60,679,0,0.0945,2,Bachelor,Own,Married,Auto,0,29347.61,11105.82,702.52,0
60,Female,103493.87,8624.49,Salaried,26,326317.49,12,756,0,1.5,2,Bachelor,Mortgage,Divorced,Home,0,14644.53,7201.38,28084.98,0
62,Female,7549.7,629.14,Unemployed,0,3974.04,48,662,2,0.9634,1,Bachelor,Rent,Divorced,Education,0,1738.62,3329.67,106.61,1
29,Male,50999.39,4249.95,Salaried,6,13748.48,48,753,0,0.076,0,Bachelor,Own,Married,Auto,0,26189.64,10736.11,322.88,0
47,Male,70827.94,5902.33,Self-Employed,19,49504.45,36,726,2,0.3027,1,Bachelor,Mortgage,Married,Education,0,20313.92,6686.21,1574.23,0
22,Male,28228.68,2352.39,Salaried,0,4795.94,24,647,1,0.2405,2,High School,Mortgage,Married,Education,0,3349.08,2155.58,228.01,0
25,Male,102017.17,8501.43,Salaried,4,162493.6,12,751,0,1.5,2,Bachelor,Mortgage,Single,Home,0,252.98,2256.94,13985.24,0
49,Female,76186.9,6348.91,Salaried,17,38652.39,60,664,1,0.1973,0,High School,Own,Divorced,Education,0,22351.44,7479.32,879.46,0
57,Male,6941.15,578.43,Unemployed,0,2478.01,36,596,0,0.1443,4,Bachelor,Rent,Married,Education,0,6016.55,4420.84,83.49,0
58,Male,57351.12,4779.26,Self-Employed,9,6347.24,12,688,1,0.1905,0,High School,Rent,Single,Personal,0,8838.63,4954.99,555.08,0
39,Female,92697.26,7724.77,Salaried,16,47227.88,36,735,0,0.1944,0,Bachelor,Mortgage,Single,Business,0,3269.04,2672.98,1501.83,0
28,Female,46348.48,3862.37,Salaried,2,10833.87,48,687,0,0.0698,1,High School,Own,Single,Auto,0,26852.28,9847.9,269.6,0
68,Female,166410.76,13867.56,Self-Employed,35,89282.61,60,689,0,0.1336,0,Master,Mortgage,Single,Personal,0,966.7,1518.04,1853.36,0
65,Female,229857.79,19154.82,Salaried,40,85735.18,36,716,1,0.1499,4,Bachelor,Mortgage,Single,Auto,0,0.0,1097.37,2726.36,0
21,Female,45130.16,3760.85,Salaried,0,118926.13,48,727,3,0.8728,0,Bachelor,Rent,Married,Home,0,18350.52,10083.38,2959.48,0
42,Male,170839.32,14236.61,Salaried,17,168209.34,48,686,1,0.3146,0,Master,Mortgage,Single,Business,0,11127.56,4298.95,4185.9,0
37,Female,117219.24,9768.27,Salaried,15,89474.77,24,725,2,0.4592,0,Bachelor,Rent,Married,Education,0,39860.65,10366.43,4087.63,0
27,Male,124298.16,10358.18,Salaried,6,197459.98,36,533,0,0.6892,1,PhD,Mortgage,Single,Home,2,29353.27,14112.62,7138.65,1
45,Female,59024.36,4918.7,Salaried,24,33220.11,36,583,0,0.2276,0,High School,Mortgage,Single,Business,0,6114.79,4802.02,1119.32,0
65,Female,245484.97,20457.08,Salaried,43,219933.82,36,802,1,0.3355,0,Bachelor,Own,Married,Auto,0,0.0,1908.71,6690.81,0
24,Male,83424.15,6952.01,Salaried,1,36163.15,60,520,0,0.1321,0,Bachelor,Rent,Divorced,Education,2,1572.03,1933.47,918.31,1
56,Female,13094.76,1091.23,Student,0,33916.29,24,571,1,1.5,1,Master,Rent,Married,Business,1,5126.23,4524.07,1693.24,1
26,Female,41189.33,3432.44,Self-Employed,3,10842.3,48,637,0,0.0847,2,High School,Rent,Married,Auto,0,18857.1,10428.19,290.87,0
51,Male,232481.54,19373.46,Salaried,20,107937.81,24,756,0,0.2469,2,Master,Rent,Married,Education,0,76557.93,37028.5,4783.87,0
39,Female,85530.14,7127.51,Salaried,11,229121.52,60,554,1,0.8572,1,Bachelor,Rent,Single,Home,0,26636.8,7167.17,5818.18,0
64,Male,88213.07,7351.09,Salaried,11,55757.72,12,720,1,0.6996,0,Master,Mortgage,Single,Personal,0,5366.86,4421.97,4876.09,0
59,Female,95237.44,7936.45,Salaried,25,53230.15,48,762,0,0.1575,3,Bachelor,Rent,Single,Auto,0,42608.6,14641.84,1250.11,0
47,Male,40379.27,3364.94,Self-Employed,3,22275.29,36,635,0,0.223,1,High School,Mortgage,Married,Auto,1,15861.97,7740.51,750.54,0
30,Female,146621.18,12218.43,Salaried,6,336919.78,12,655,0,1.5,0,Master,Rent,Married,Home,1,51569.47,18982.76,30092.76,1
46,Female,95227.1,7935.59,Salaried,7,13661.22,48,743,0,0.0428,1,Master,Own,Married,Auto,0,6620.85,5015.29,339.96,0
39,Female,8038.71,669.89,Unemployed,0,12595.63,36,607,3,1.2229,2,Bachelor,Rent,Single,Business,0,3581.23,3190.94,424.4,1
59,Female,72626.19,6052.18,Salaried,23,46655.63,48,709,0,0.1918,0,High School,Own,Married,Auto,0,34117.32,12079.21,1161.03,0
23,Male,5652.23,471.02,Unemployed,0,15862.25,36,523,2,1.5,0,High School,Mortgage,Single,Home,0,6686.45,6140.24,573.46,1
65,Female,10897.21,908.1,Unemployed,0,5540.42,60,592,0,0.1388,0,Bachelor,Rent,Single,Education,0,6745.65,4305.04,126.06,0
33,Male,54019.55,4501.63,Salaried,2,26552.08,48,694,0,0.1468,2,High School,Mortgage,Single,Auto,0,1994.65,4256.86,660.75,0
48,Female,8002.52,666.88,Unemployed,0,5729.78,24,590,0,0.4085,0,Bachelor,Own,Married,Auto,0,7760.97,4963.23,272.4,0
40,Male,82713.22,6892.77,Salaried,15,259904.6,24,629,1,1.5,1,Bachelor,Mortgage,Single,Home,0,35640.06,7768.68,12356.34,0
48,Male,6315.06,526.26,Student,0,8410.28,12,598,0,1.4274,0,Bachelor,Rent,Married,Business,0,8829.65,5070.62,751.18,1
28,Female,47485.37,3957.11,Salaried,1,26152.89,12,535,1,0.688,0,High School,Mortgage,Divorced,Education,0,23897.1,11285.56,2397.7,0
61,Male,252101.7,21008.48,Self-Employed,37,171375.72,48,646,0,0.2188,0,Bachelor,Own,Single,Education,1,58139.82,7087.2,4597.58,0
59,Male,115584.09,9632.01,Self-Employed,27,481913.58,24,685,0,1.5,0,Bachelor,Own,Married,Home,0,54083.73,10098.77,22016.1,0
21,Male,84126.93,7010.58,Salaried,0,44671.99,36,732,0,0.2026,0,Bachelor,Mortgage,Single,Auto,0,37690.33,5618.91,1420.56,0
23,Male,102907.22,8575.6,Salaried,0,71856.14,48,713,1,0.2444,2,Bachelor,Rent,Single,Education,0,44556.27,6811.51,1788.14,0
33,Male,11344.1,945.34,Unemployed,0,6046.28,48,564,0,0.1879,1,Bachelor,Mortgage,Single,Business,1,11868.24,3051.0,177.61,1
48,Male,11937.9,994.82,Unemployed,0,6134.36,48,579,0,0.1811,2,Bachelor,Own,Divorced,Education,0,6514.2,4164.26,180.2,1
69,Male,343524.35,28627.03,Self-Employed,43,224767.04,48,663,0,0.2106,0,Master,Mortgage,Married,Business,0,83021.16,18254.42,6029.94,0
45,Male,56926.0,4743.83,Self-Employed,8,7133.88,36,567,0,0.0544,3,Bachelor,Rent,Married,Education,0,13041.77,4432.84,257.91,0
53,Female,170061.29,14171.77,Salaried,6,513568.03,24,628,1,1.5,4,Master,Mortgage,Single,Home,1,62921.76,34307.31,24415.96,1
58,Male,133021.14,11085.1,Self-Employed,7,499895.11,48,657,1,1.2448,0,Bachelor,Rent,Married,Home,0,41593.53,22120.58,13410.93,1
26,Female,91983.61,7665.3,Salaried,4,18924.07,12,655,1,0.2353,4,Bachelor,Own,Divorced,Auto,0,0.0,1853.03,1690.25,0
64,Female,69226.66,5768.89,Self-Employed,36,68209.74,24,668,3,0.6451,0,High School,Mortgage,Married,Business,0,3969.9,2510.91,3242.82,0
65,Male,90829.87,7569.16,Self-Employed,6,52693.95,24,625,0,0.331,2,Bachelor,Rent,Divorced,Auto,0,7486.38,3035.01,2505.17,0
52,Female,89548.2,7462.35,Salaried,17,48505.14,36,674,0,0.2067,0,Bachelor,Own,Single,Personal,0,34303.87,19599.23,1542.45,0
65,Female,79136.99,6594.75,Salaried,17,279668.21,60,666,0,0.9649,1,High School,Own,Married,Home,0,4089.09,4891.43,6363.31,0
67,Female,231359.9,19279.99,Salaried,38,69157.31,36,801,2,0.1256,1,Bachelor,Rent,Married,Education,0,57462.87,20266.81,2103.9,0
41,Female,105079.56,8756.63,Salaried,20,20114.36,36,734,1,0.1177,0,High School,Mortgage,Married,Auto,0,50096.13,24703.69,639.63,0
36,Male,99839.36,8319.95,Salaried,1,203896.52,36,669,0,0.8257,2,Bachelor,Rent,Divorced,Home,0,54511.13,20223.66,6870.08,0
41,Female,120112.3,10009.36,Salaried,16,202927.6,12,758,0,1.5,1,Bachelor,Rent,Single,Home,0,25149.83,9046.9,17465.25,0
31,Female,100068.42,8339.04,Salaried,8,66222.58,24,697,1,0.4088,1,Bachelor,Mortgage,Single,Auto,0,24997.34,10129.57,3025.36,0
57,Female,366100.76,30508.4,Salaried,26,145499.48,60,723,1,0.105,4,PhD,Rent,Single,Auto,0,151347.36,69237.71,3020.33,0
56,Male,108593.63,9049.47,Salaried,7,285617.06,24,715,1,1.4673,3,Bachelor,Own,Divorced,Home,0,56752.46,11676.25,13048.34,0
55,Female,217072.07,18089.34,Salaried,33,198733.64,36,616,0,0.3702,4,Bachelor,Own,Divorced,Education,0,33513.89,14662.19,6696.12,0
39,Female,146729.17,12227.43,Salaried,17,116481.85,36,712,0,0.3029,3,Bachelor,Rent,Married,Personal,0,22806.9,14585.84,3704.09,0
40,Male,196163.49,16346.96,Self-Employed,18,51299.04,48,712,1,0.1008,0,Master,Rent,Married,Education,0,38310.89,14999.94,1276.58,0
38,Male,139940.67,11661.72,Salaried,8,108591.52,36,717,0,0.2961,0,Bachelor,Rent,Married,Personal,0,11180.16,3472.42,3453.18,0
67,Male,92500.47,7708.37,Salaried,11,82270.79,36,733,0,0.3394,0,Bachelor,Own,Married,Auto,1,43760.93,25457.26,2616.19,0
61,Female,6276.9,523.07,Unemployed,0,4381.88,36,651,0,0.2823,4,High School,Mortgage,Single,Personal,0,2833.09,1028.47,147.64,0
69,Female,121405.56,10117.13,Salaried,21,415270.16,36,764,0,1.2487,0,Bachelor,Mortgage,Married,Home,0,26104.92,12445.02,12633.32,0
34,Female,68320.63,5693.39,Self-Employed,2,25256.6,36,700,3,0.2258,0,High School,Mortgage,Married,Personal,0,9852.01,4129.65,803.15,0
35,Male,13684.2,1140.35,Student,0,29095.43,36,679,0,0.8114,0,Bachelor,Rent,Married,Home,1,5764.0,4242.29,925.23,1
51,Female,185220.52,15435.04,Salaried,29,52541.12,36,786,0,0.1036,0,Master,Rent,Single,Education,0,51623.72,20689.67,1598.4,0
21,Male,48176.03,4014.67,Salaried,0,122156.52,36,629,1,1.1056,0,Bachelor,Rent,Married,Home,0,20998.43,8130.99,4115.94,0
23,Male,80522.64,6710.22,Salaried,2,60871.79,36,646,0,0.3057,1,Bachelor,Mortgage,Married,Auto,0,9149.17,5906.33,2051.01,0
36,Female,142495.54,11874.63,Salaried,7,67846.78,60,729,2,0.1754,0,Bachelor,Mortgage,Married,Auto,0,0.0,664.85,1408.39,0
43,Female,97108.08,8092.34,Salaried,21,110039.3,12,724,2,1.2871,1,Bachelor,Rent,Married,Business,0,49569.63,25680.58,9623.1,0
31,Female,91392.09,7616.01,Salaried,7,13320.0,36,697,0,0.0556,2,Bachelor,Rent,Married,Auto,0,16398.82,11570.7,423.57,0
32,Female,78681.45,6556.79,Salaried,9,24869.24,24,745,1,0.1976,2,Bachelor,Mortgage,Married,Education,0,24030.78,10849.73,1136.14,0
30,Male,73979.3,6164.94,Self-Employed,1,16697.84,24,561,1,0.1528,0,High School,Rent,Single,Auto,0,3583.11,5318.4,833.62,0
52,Male,81971.55,6830.96,Salaried,14,37293.77,24,730,0,0.2494,3,High School,Rent,Married,Auto,0,8824.87,5789.98,1703.76,0
36,Female,103559.47,8629.96,Self-Employed,7,92562.54,48,619,0,0.2877,2,Bachelor,Rent,Married,Education,0,21312.12,6256.21,2483.22,0
28,Female,48793.08,4066.09,Self-Employed,7,91144.17,24,682,0,1.0241,0,Bachelor,Rent,Married,Home,0,12660.09,6811.98,4163.9,0
58,Male,80694.58,6724.55,Salaried,10,68813.8,36,682,0,0.3254,2,High School,Mortgage,Married,Education,0,39947.21,22454.04,2188.26,0
32,Male,70152.66,5846.06,Salaried,4,8845.87,36,731,1,0.0976,2,Bachelor,Rent,Married,Education,0,10292.01,8858.14,281.3,0
44,Male,77019.64,6418.3,Salaried,13,7536.4,36,764,0,0.0357,1,High School,Own,Married,Personal,0,36904.58,15660.31,229.27,0
48,Female,80423.26,6701.94,Self-Employed,14,20334.79,24,627,1,0.1949,0,High School,Rent,Married,Personal,0,18816.71,7209.41,966.75,0
28,Male,98300.21,8191.68,Salaried,5,72902.67,36,598,0,0.2999,1,Bachelor,Mortgage,Married,Auto,1,19804.03,9967.74,2456.38,0
48,Male,142942.25,11911.85,Self-Employed,11,53945.4,36,691,1,0.1541,2,Bachelor,Own,Married,Auto,0,20624.09,9468.23,1715.45,0
56,Male,143808.23,11984.02,Self-Employed,35,100548.96,12,756,0,0.7221,0,Bachelor,Rent,Divorced,Personal,0,66207.16,36067.92,8653.89,0
46,Male,61249.07,5104.09,Self-Employed,2,61909.82,48,756,1,0.3318,2,Bachelor,Rent,Married,Business,0,8085.03,8253.41,1453.95,0
28,Female,181413.24,15117.77,Salaried,3,117483.1,48,773,0,0.1825,0,PhD,Rent,Single,Auto,0,78557.88,28074.63,2759.09,0
48,Male,179151.63,14929.3,Salaried,24,441890.47,36,641,0,0.9973,1,Bachelor,Rent,Married,Business,0,0.0,1823.5,14889.04,0
48,Female,72561.49,6046.79,Salaried,25,72871.32,12,679,0,1.0539,0,High School,Mortgage,Married,Business,0,41032.28,9385.79,6372.7,0
57,Female,46577.78,3881.48,Salaried,6,135862.99,24,669,0,1.5,0,Bachelor,Rent,Divorced,Home,1,13208.99,6370.51,6459.17,1
61,Female,146907.98,12242.33,Salaried,38,83586.71,36,709,2,0.2504,3,High School,Rent,Married,Auto,1,75479.48,10300.57,2658.04,0
56,Male,65717.8,5476.48,Self-Employed,0,13486.51,48,693,0,0.0613,2,Master,Own,Single,Personal,0,22499.26,13146.58,335.61,0
47,Female,14569.96,1214.16,Student,0,31188.37,12,721,0,1.5,0,High School,Mortgage,Single,Home,0,5424.11,5968.63,2727.47,1
37,Female,102709.88,8559.16,Salaried,6,385704.36,36,718,0,1.433,1,Bachelor,Rent,Married,Home,0,1914.98,1606.02,12265.3,1
29,Female,89077.02,7423.08,Salaried,8,23372.99,36,745,0,0.1001,2,High School,Mortgage,Married,Education,1,5458.91,5027.15,743.25,0
53,Female,287236.73,23936.39,Salaried,30,946149.39,24,685,0,1.5,2,Master,Rent,Married,Home,0,48926.22,17208.73,43224.59,0
40,Male,107895.37,8991.28,Self-Employed,9,58691.74,36,743,1,0.2449,2,Bachelor,Rent,Single,Auto,0,45009.56,18854.04,1866.38,0
33,Male,121985.59,10165.47,Salaried,1,75814.32,12,674,0,0.6522,1,PhD,Rent,Married,Auto,0,0.0,2145.82,6630.07,0
48,Male,73763.08,6146.92,Salaried,12,52703.35,36,721,1,0.2979,4,High School,Mortgage,Married,Personal,0,10125.84,6460.35,1675.95,0
68,Female,83391.28,6949.27,Salaried,7,139993.55,12,822,1,1.5,2,High School,Rent,Single,Home,0,27106.17,7128.61,12048.75,0
49,Male,75269.75,6272.48,Self-Employed,8,22273.7,12,558,1,0.3791,0,High School,Mortgage,Single,Education,0,12162.06,5856.87,2042.05,0
33,Male,95977.54,7998.13,Salaried,9,82665.06,12,680,2,0.9802,1,Master,Rent,Single,Business,0,14785.19,10547.76,7229.18,0
66,Male,173059.4,14421.62,Salaried,14,474921.62,48,621,0,0.8835,1,Master,Mortgage,Single,Home,0,17085.19,10982.47,12740.96,0
55,Male,57898.66,4824.89,Salaried,7,162521.52,24,624,2,1.5,2,High School,Rent,Single,Home,1,31812.23,18429.18,7726.57,1
26,Male,28064.88,2338.74,Salaried,0,5459.01,36,670,0,0.0786,0,High School,Mortgage,Single,Personal,0,3276.77,4560.15,183.94,0
38,Male,66095.19,5507.93,Salaried,0,205359.62,12,626,0,1.5,1,Bachelor,Rent,Divorced,Home,0,31701.57,14959.75,18342.16,1
25,Male,4276.02,356.34,Unemployed,0,2028.66,12,601,0,0.3624,0,High School,Rent,Single,Auto,1,6441.81,5287.53,181.19,0
67,Male,10385.85,865.49,Unemployed,0,2000.0,48,642,1,0.1901,0,High School,Mortgage,Single,Auto,0,7177.22,2216.35,53.65,1
45,Male,32669.97,2722.5,Salaried,2,2644.41,48,651,0,0.0261,0,High School,Rent,Single,Auto,0,16548.2,11610.33,70.94,0
22,Male,43031.17,3585.93,Self-Employed,0,17249.17,12,537,0,0.441,2,High School,Own,Married,Auto,2,9906.84,8296.08,1581.4,1
30,Female,78902.47,6575.21,Salaried,8,29829.39,36,741,0,0.1443,0,High School,Mortgage,Married,Education,0,41524.8,20708.49,948.57,0
50,Female,10973.92,914.49,Unemployed,0,6192.74,24,622,0,0.3219,1,High School,Rent,Single,Personal,1,6053.77,4887.69,294.41,1
65,Male,5353.17,446.1,Unemployed,0,2477.25,48,584,1,0.7886,1,Bachelor,Own,Married,Auto,0,6048.91,3725.69,66.46,1
25,Male,119495.36,9957.95,Salaried,2,253296.36,36,618,3,0.9136,1,Master,Rent,Married,Home,0,63255.57,37367.95,8534.56,0
53,Female,131047.44,10920.62,Salaried,25,94799.21,60,642,0,0.1975,1,Bachelor,Rent,Single,Personal,0,12433.99,7397.87,2156.97,0
21,Female,52716.09,4393.01,Salaried,0,94798.32,36,664,0,0.7271,0,Bachelor,Own,Married,Business,0,29746.52,12925.15,3194.13,0
38,Female,41285.89,3440.49,Self-Employed,0,91053.31,24,700,1,1.3031,0,High School,Own,Married,Home,0,16077.32,7755.22,4159.75,0
52,Female,11359.02,946.58,Student,0,34820.68,36,700,1,1.3421,2,Bachelor,Rent,Single,Home,0,7667.39,6207.83,1107.29,1
67,Male,98523.49,8210.29,Salaried,2,76066.54,36,801,1,0.3112,1,Bachelor,Mortgage,Married,Business,0,28555.5,4770.37,2314.09,0
69,Male,151485.38,12623.78,Self-Employed,33,235625.95,36,718,1,0.6146,2,Bachelor,Rent,Married,Home,0,44159.0,8940.57,7492.84,0
31,Male,43067.12,3588.93,Self-Employed,8,40616.72,36,734,1,0.4251,1,High School,Mortgage,Married,Auto,0,3739.59,3154.7,1291.6,0
41,Female,63955.75,5329.65,Salaried,0,244625.41,12,685,3,1.5,0,Master,Rent,Single,Home,0,7875.28,3086.05,21392.85,0
46,Female,110259.58,9188.3,Salaried,17,75737.16,36,583,1,0.3102,2,High School,Rent,Divorced,Auto,0,20024.45,8667.26,2551.88,0
45,Female,86495.51,7207.96,Salaried,0,401172.05,24,617,0,1.5,0,Bachelor,Rent,Married,Home,0,14691.35,9856.34,19072.45,1
42,Male,202625.08,16885.42,Self-Employed,8,468556.31,24,638,2,1.3393,3,PhD,Mortgage,Single,Business,1,70425.61,12552.58,22276.02,1
47,Female,91907.64,7658.97,Salaried,6,289070.77,24,678,0,1.5,0,Bachelor,Mortgage,Married,Home,0,33793.01,17325.66,13206.12,0
69,Male,9573.2,797.77,Student,0,2016.08,36,658,0,0.0851,1,Bachelor,Rent,Married,Auto,0,7575.96,3354.51,67.93,0
33,Male,4111.5,342.62,Unemployed,0,14632.92,36,618,0,0.9861,0,Master,Mortgage,Married,Home,1,5879.29,3544.75,493.04,1
53,Male,108271.03,9022.59,Salaried,29,62359.45,12,773,0,0.5948,3,Bachelor,Mortgage,Single,Education,0,40461.43,23311.51,5367.06,0
54,Female,48389.59,4032.47,Salaried,12,38193.95,36,572,0,0.3424,4,High School,Rent,Single,Business,0,19138.15,3482.1,1380.8,0
61,Male,305816.67,25484.72,Self-Employed,16,848715.29,24,733,0,1.5,0,PhD,Mortgage,Married,Home,0,122001.14,18122.72,38773.34,0
55,Female,97745.99,8145.5,Self-Employed,12,23551.88,36,648,1,0.1348,0,High School,Rent,Divorced,Education,0,41281.33,19357.41,793.56,0
21,Male,112612.96,9384.41,Self-Employed,0,300785.72,36,526,0,1.1587,0,Master,Mortgage,Single,Home,2,0.0,1340.14,10874.12,1
41,Female,52865.89,4405.49,Salaried,12,194580.68,12,609,3,1.5,2,High School,Mortgage,Married,Home,0,13721.36,5821.87,17379.42,1
68,Female,165856.44,13821.37,Self-Employed,41,105160.96,36,667,0,0.2564,0,Bachelor,Rent,Married,Auto,0,32270.0,6813.78,3543.29,0
26,Male,71466.0,5955.5,Salaried,3,72355.53,60,630,1,0.3378,1,Bachelor,Mortgage,Married,Business,0,37597.54,14851.23,1646.31,0
48,Female,146651.01,12220.92,Salaried,5,45577.4,12,641,1,0.3493,0,PhD,Mortgage,Married,Auto,0,31954.87,10354.57,4070.85,0
37,Female,80213.72,6684.48,Salaried,4,75527.04,60,603,0,0.2571,2,Bachelor,Mortgage,Single,Auto,0,21168.15,9578.68,1718.47,0
25,Female,11341.53,945.13,Unemployed,0,39661.2,48,688,1,1.4222,1,High School,Mortgage,Married,Home,0,8529.66,2815.67,986.97,1
51,Female,124522.59,10376.88,Salaried,9,44574.04,36,707,1,0.1621,2,Bachelor,Mortgage,Divorced,Education,0,0.0,1084.23,1417.44,0
25,Female,5814.05,484.5,Student,0,2814.09,12,670,1,0.9063,2,High School,Mortgage,Single,Auto,0,8309.74,6086.75,251.35,0
58,Male,98035.08,8169.59,Self-Employed,13,49693.86,48,742,2,0.2331,0,Bachelor,Mortgage,Married,Auto,0,23056.33,7101.12,1236.63,0
23,Female,68359.96,5696.66,Salaried,2,38633.09,36,629,0,0.2285,1,Master,Rent,Single,Education,0,28623.17,4575.97,1301.7,0
43,Male,81832.23,6819.35,Salaried,10,305957.51,36,677,2,1.5,1,Bachelor,Mortgage,Single,Home,1,24651.41,10972.06,9729.37,1
57,Male,126923.69,10576.97,Salaried,4,63133.62,12,722,0,0.522,1,Bachelor,Rent,Married,Business,0,71075.14,40816.79,5521.13,0
57,Male,144631.63,12052.64,Salaried,35,102709.74,36,646,0,0.2871,0,High School,Rent,Single,Personal,0,0.0,2735.54,3460.7,0
30,Female,41136.03,3428.0,Salaried,2,13865.22,36,608,2,0.363,2,Bachelor,Mortgage,Married,Auto,0,21831.71,10745.38,467.17,0
30,Female,79570.68,6630.89,Salaried,7,133588.51,36,799,1,0.6494,4,Bachelor,Own,Married,Business,0,32974.69,12339.76,4064.02,0
39,Male,81667.05,6805.59,Salaried,4,48784.47,36,838,1,0.2354,4,Bachelor,Rent,Divorced,Business,0,8616.27,2057.02,1484.12,0
37,Female,79380.1,6615.01,Salaried,11,170151.27,36,589,1,0.9221,2,High School,Rent,Single,Home,0,32546.94,18766.33,5733.07,0
41,Female,101972.16,8497.68,Salaried,9,44224.18,36,721,1,0.1815,1,Bachelor,Rent,Single,Personal,0,35075.48,19168.64,1406.32,0
34,Male,29628.18,2469.02,Salaried,1,28676.49,24,710,1,0.5754,0,High School,Rent,Single,Auto,0,4981.83,3114.7,1310.08,0
29,Male,10155.47,846.29,Student,0,8279.68,48,656,0,0.2625,0,Bachelor,Mortgage,Married,Business,0,7128.65,2288.94,222.12,0
66,Female,69328.52,5777.38,Salaried,30,59923.14,36,673,0,0.3298,1,High School,Own,Married,Auto,0,34772.47,6527.82,1905.54,0
21,Male,101919.98,8493.33,Self-Employed,0,40987.18,36,568,0,0.1745,0,Master,Rent,Single,Personal,0,13294.2,8709.06,1481.78,0
65,Female,46256.25,3854.69,Salaried,6,133048.74,12,801,0,1.5,0,High School,Rent,Divorced,Home,0,27013.52,8787.62,11451.03,0
33,Male,59909.88,4992.49,Salaried,6,89702.25,48,784,1,0.4457,3,Bachelor,Own,Divorced,Business,0,6656.82,6332.07,2106.66,0
24,Male,44123.68,3676.97,Salaried,3,28695.6,24,660,2,0.4883,4,High School,Rent,Married,Education,0,5105.02,2891.18,1364.24,0
21,Female,44971.66,3747.64,Self-Employed,0,123312.22,36,545,3,1.4875,3,Bachelor,Rent,Single,Home,0,7946.62,2656.49,4458.03,1
69,Female,159932.68,13327.72,Salaried,43,64190.75,36,717,0,0.1532,0,Bachelor,Rent,Single,Education,0,9659.45,4000.18,2041.25,0
60,Female,229644.69,19137.06,Salaried,31,136476.34,12,687,1,0.6404,3,Bachelor,Rent,Married,Auto,0,27599.44,10667.23,11935.06,0
52,Female,83945.75,6995.48,Self-Employed,27,32013.53,36,626,1,0.1718,0,High School,Rent,Married,Personal,0,38063.5,8791.98,1078.66,0
54,Female,81498.65,6791.55,Salaried,3,130640.44,48,692,0,0.4787,1,Bachelor,Rent,Single,Home,0,3325.32,2391.97,3250.99,0
48,Female,63228.12,5269.01,Salaried,6,19111.84,48,748,0,0.0903,1,High School,Mortgage,Single,Auto,0,19022.14,7692.95,475.6,0
51,Male,59689.59,4974.13,Salaried,19,35401.97,36,755,2,0.3431,1,High School,Mortgage,Divorced,Education,0,17883.76,8095.89,1077.0,0
28,Female,81935.25,6827.94,Salaried,4,68927.51,12,683,2,0.9317,4,Bachelor,Mortgage,Single,Auto,0,8802.94,4460.56,6027.81,0
59,Male,13529.81,1127.48,Student,0,2038.57,48,708,2,0.2772,0,High School,Own,Married,Auto,0,0.0,3513.0,50.73,0
46,Female,37153.73,3096.14,Salaried,7,114059.93,24,709,0,1.5,1,High School,Mortgage,Married,Home,0,3108.94,1926.34,5210.8,1
54,Male,216268.58,18022.38,Salaried,13,61871.2,24,669,4,0.2284,0,Master,Rent,Married,Auto,1,15016.7,5773.03,2941.47,0
23,Female,10711.14,892.59,Unemployed,0,23789.71,48,648,1,1.0687,3,PhD,Mortgage,Married,Business,0,11238.14,4492.82,638.22,1
32,Male,10558.3,879.86,Unemployed,0,2000.0,24,504,1,0.2623,1,Bachelor,Mortgage,Married,Auto,1,1811.23,2046.06,99.85,1
21,Female,34927.14,2910.6,Salaried,0,35164.47,36,683,1,0.4339,2,High School,Own,Single,Business,0,6884.79,2828.38,1118.22,0
64,Female,6843.14,570.26,Unemployed,0,2000.0,24,653,0,0.1667,2,High School,Rent,Married,Auto,0,3181.39,2271.18,95.08,0
25,Male,90408.59,7534.05,Salaried,2,74690.44,60,783,0,0.1917,2,Bachelor,Mortgage,Single,Education,0,27930.05,6625.17,1443.98,0
50,Female,2999.5,249.96,Unemployed,0,6439.71,36,539,3,1.5,1,High School,Mortgage,Married,Home,1,6161.99,4723.41,232.81,1
50,Male,109911.93,9159.33,Salaried,1,226022.41,24,688,0,1.1274,0,Master,Mortgage,Married,Home,0,18248.4,5646.07,10325.78,0
37,Female,91122.94,7593.58,Salaried,9,44407.32,24,628,0,0.278,1,High School,Rent,Married,Auto,1,32278.69,9107.77,2111.2,0
68,Female,215483.09,17956.92,Salaried,5,141889.47,36,807,0,0.2404,4,PhD,Rent,Single,Auto,0,68802.64,11180.61,4316.55,0
67,Male,7783.29,648.61,Student,0,4558.76,36,650,0,0.2368,2,Bachelor,Mortgage,Single,Education,0,3402.62,3759.67,153.6,0
43,Female,111212.24,9267.69,Salaried,22,68798.85,36,664,2,0.2732,0,Bachelor,Rent,Married,Auto,0,40308.41,22107.96,2318.11,0
35,Male,47785.3,3982.11,Salaried,6,93852.71,48,768,2,0.7536,0,High School,Rent,Single,Home,0,13381.79,5945.56,2204.13,0
57,Male,104552.01,8712.67,Salaried,15,60680.96,24,651,0,0.3311,1,Master,Own,Divorced,Education,0,8604.68,3504.71,2884.88,0
41,Female,55842.83,4653.57,Salaried,5,107665.75,60,663,0,0.5264,2,High School,Rent,Divorced,Home,0,27391.96,8266.37,2449.73,0
34,Male,134869.23,11239.1,Self-Employed,10,64631.15,36,710,0,0.1829,0,Bachelor,Rent,Single,Personal,0,52010.82,20810.18,2055.25,0
22,Female,126057.22,10504.77,Self-Employed,1,50258.18,12,724,2,0.4497,2,Master,Mortgage,Single,Education,0,56624.44,29506.85,4395.15,0
31,Female,84019.16,7001.6,Self-Employed,5,13376.16,48,605,0,0.0513,3,High School,Rent,Married,Auto,0,22122.07,7200.3,358.85,0
59,Male,100121.75,8343.48,Salaried,14,217790.11,48,785,2,0.6727,1,Bachelor,Rent,Divorced,Home,0,7897.64,3250.68,5114.81,0
58,Female,147966.26,12330.52,Salaried,21,103701.38,36,721,0,0.2674,0,Bachelor,Mortgage,Married,Personal,0,62314.43,36419.51,3297.68,0
54,Male,148184.65,12348.72,Salaried,14,652270.22,48,689,0,1.3144,3,Bachelor,Rent,Single,Home,0,5096.33,3391.84,16231.77,0
58,Male,13981.73,1165.14,Student,0,38994.87,36,740,0,1.0643,1,Bachelor,Rent,Married,Home,0,13057.91,6196.65,1240.03,0
54,Male,193417.36,16118.11,Salaried,22,44970.08,12,679,0,0.244,1,Bachelor,Rent,Single,Auto,0,20092.05,8409.76,3932.7,0
38,Male,86896.58,7241.38,Salaried,5,80159.21,36,600,1,0.3926,0,Bachelor,Rent,Single,Education,0,0.0,554.75,2700.88,0
50,Male,173043.51,14420.29,Salaried,16,687487.66,48,581,1,1.2995,1,Bachelor,Own,Single,Home,0,5904.89,4795.58,18443.57,1
35,Male,73636.35,6136.36,Salaried,1,44346.08,36,697,2,0.3509,2,Bachelor,Own,Married,Personal,0,18665.41,5190.25,1410.19,0
47,Female,72947.28,6078.94,Salaried,1,238624.22,24,715,1,1.5,1,High School,Rent,Single,Home,0,0.0,1887.24,10901.49,0
54,Female,219638.98,18303.25,Self-Employed,18,750396.55,36,689,0,1.3037,0,Master,Rent,Married,Home,0,36363.51,11364.53,23862.41,0
58,Female,83711.16,6975.93,Salaried,4,115507.61,12,659,2,1.5,2,Master,Rent,Divorced,Home,0,6225.65,4777.4,10316.83,0
53,Female,120092.08,10007.67,Salaried,3,58658.26,36,755,0,0.1783,0,Bachelor,Rent,Married,Personal,0,0.0,989.64,1784.5,0
44,Female,93550.54,7795.88,Salaried,17,40202.06,36,735,0,0.164,0,Bachelor,Mortgage,Married,Education,0,12602.86,4601.49,1278.41,0
35,Male,135208.32,11267.36,Salaried,7,65400.71,60,745,1,0.1441,2,Bachelor,Own,Single,Education,0,11763.21,10325.7,1357.61,0
50,Female,8151.09,679.26,Unemployed,0,4392.59,24,602,0,0.3074,3,Bachelor,Rent,Married,Auto,0,5471.2,5069.93,208.83,0
62,Female,227638.34,18969.86,Salaried,40,63259.43,36,741,0,0.106,0,Bachelor,Rent,Single,Education,0,89452.34,46315.42,2011.63,0
37,Male,42653.34,3554.44,Salaried,10,173650.64,36,681,0,1.5,0,High School,Rent,Married,Home,0,12332.37,6452.69,5522.04,1
25,Female,2657.41,221.45,Unemployed,0,2000.0,12,502,0,0.3667,2,Bachelor,Mortgage,Single,Personal,1,6202.39,3162.11,183.36,1
49,Female,117467.28,9788.94,Salaried,15,89961.25,60,718,3,0.2822,1,High School,Mortgage,Single,Education,0,17922.04,11242.33,1867.45,0
24,Female,46867.95,3905.66,Salaried,3,35878.6,36,648,0,0.3095,1,High School,Rent,Single,Education,0,645.07,2123.88,1208.89,0
30,Female,112927.17,9410.6,Salaried,3,168422.19,36,630,1,0.6224,0,Bachelor,Own,Single,Business,0,56219.06,30051.53,5674.81,0
37,Male,119243.07,9936.92,Salaried,8,76100.55,36,789,0,0.233,0,Bachelor,Own,Married,Auto,0,13831.67,8266.0,2315.13,0
30,Male,109309.7,9109.14,Salaried,8,278974.03,12,571,0,1.5,2,Bachelor,Rent,Married,Home,0,29969.98,10525.31,25576.34,1
37,Male,113780.16,9481.68,Salaried,7,297308.21,60,680,0,0.6509,1,Bachelor,Rent,Single,Home,0,25973.15,16052.19,6171.63,0
40,Female,82514.2,6876.18,Salaried,10,353547.93,36,681,0,1.5,3,Master,Rent,Married,Home,0,25671.44,14215.59,11242.73,1
44,Male,123173.36,10264.45,Salaried,20,116705.39,36,710,0,0.3616,1,Bachelor,Rent,Married,Business,0,54283.7,25761.42,3711.2,0
25,Female,83030.73,6919.23,Salaried,0,278102.14,24,629,1,1.5,1,Bachelor,Mortgage,Married,Home,0,41033.85,11520.46,13221.48,0
54,Male,114875.29,9572.94,Salaried,17,354435.1,12,570,1,1.5,3,High School,Mortgage,Married,Home,1,62383.0,38375.81,32494.61,1
26,Male,68022.49,5668.54,Salaried,3,40364.77,48,629,1,0.2327,0,High School,Mortgage,Single,Auto,0,14246.09,5835.72,1082.89,0
22,Male,56460.54,4705.04,Salaried,0,242476.88,36,625,0,1.5,1,Bachelor,Rent,Single,Home,0,31883.09,12837.15,8170.0,1
33,Female,14849.26,1237.44,Student,0,9618.44,24,729,1,0.6303,0,Bachelor,Mortgage,Married,Education,0,7352.37,3923.56,439.42,0
63,Male,185171.93,15430.99,Salaried,29,433178.26,24,752,2,1.2845,0,Bachelor,Mortgage,Divorced,Home,0,0.0,999.37,19198.72,0
63,Male,126165.89,10513.82,Salaried,17,67801.74,36,746,2,0.2741,0,Bachelor,Rent,Married,Personal,0,1516.45,2623.49,2156.08,0
68,Male,165297.87,13774.82,Salaried,18,262775.56,12,822,0,1.5,0,Bachelor,Mortgage,Married,Home,0,19121.67,5775.49,22616.15,0
31,Male,72778.23,6064.85,Self-Employed,8,201224.63,60,698,1,0.7223,3,High School,Own,Married,Home,0,27701.89,14547.17,4177.09,0
67,Male,9099.89,758.32,Unemployed,0,5059.77,36,756,2,0.6232,1,High School,Rent,Married,Education,0,5607.78,6431.46,153.93,0
43,Female,8171.33,680.94,Unemployed,0,12402.57,24,584,0,0.8659,3,Master,Rent,Married,Home,0,7131.26,6428.57,589.64,1
36,Female,65168.45,5430.7,Salaried,7,230388.22,48,737,3,1.2725,1,Bachelor,Rent,Married,Home,0,38050.65,9702.58,5733.22,0
51,Male,87641.91,7303.49,Salaried,17,272650.61,12,693,1,1.5,1,High School,Rent,Married,Home,0,37037.35,5844.99,23843.7,0
31,Female,70479.1,5873.26,Salaried,5,31525.52,24,612,0,0.2552,0,Bachelor,Mortgage,Married,Auto,0,27397.0,14167.08,1498.78,0
36,Female,128434.61,10702.88,Salaried,15,49112.96,24,641,1,0.2518,1,Bachelor,Mortgage,Married,Auto,0,0.0,1629.18,2334.92,0
28,Female,56295.32,4691.28,Self-Employed,5,35656.44,60,648,1,0.2126,1,Bachelor,Mortgage,Married,Auto,0,0.0,2025.68,811.29,0
24,Female,39526.15,3293.85,Salaried,2,30731.82,24,717,2,0.5012,0,High School,Mortgage,Single,Auto,0,4049.73,4187.53,1403.98,0
60,Female,208086.89,17340.57,Self-Employed,28,111664.88,36,764,0,0.1959,2,Bachelor,Own,Married,Auto,0,23694.09,13371.17,3397.06,0
24,Female,6052.71,504.39,Unemployed,0,3377.69,36,500,0,0.2421,0,High School,Rent,Married,Auto,2,6045.87,3588.65,122.11,1
45,Female,215976.42,17998.04,Salaried,21,302036.63,48,684,2,0.4495,1,Master,Mortgage,Divorced,Home,0,9080.96,7751.8,7516.19,0
23,Male,77832.18,6486.02,Self-Employed,1,147275.09,36,607,2,0.8314,1,Bachelor,Rent,Married,Home,0,0.0,3536.44,4962.28,1
52,Female,98361.58,8196.8,Salaried,14,66296.24,36,850,1,0.2662,4,Bachelor,Rent,Single,Auto,0,0.0,2188.32,2016.86,0
23,Female,74638.14,6219.84,Salaried,0,50366.38,48,653,1,0.2492,0,Bachelor,Own,Single,Auto,0,18304.57,11831.67,1351.2,0
47,Male,131370.01,10947.5,Salaried,25,130250.44,36,660,0,0.4009,1,High School,Mortgage,Married,Business,0,54470.88,11922.64,4388.65,0
49,Male,43769.64,3647.47,Salaried,3,13555.32,36,693,3,0.4042,1,High School,Rent,Single,Education,0,25341.5,15616.56,431.06,0
52,Female,165859.85,13821.65,Salaried,11,103645.45,48,744,2,0.2071,0,PhD,Rent,Divorced,Personal,0,13610.53,6727.87,2579.22,0
39,Female,43560.16,3630.01,Salaried,6,9914.26,48,784,2,0.1416,1,High School,Mortgage,Single,Auto,0,19522.57,12249.58,232.84,0
41,Male,59583.23,4965.27,Self-Employed,10,51810.84,36,537,0,0.3772,0,High School,Own,Divorced,Education,1,11354.53,407.35,1873.09,0
25,Female,180064.26,15005.36,Salaried,1,20238.67,48,639,4,0.118,0,PhD,Mortgage,Married,Education,0,91817.37,24250.32,542.95,0
38,Male,9857.23,821.44,Unemployed,0,14072.8,24,581,0,0.8145,0,Bachelor,Rent,Divorced,Home,0,5105.66,3838.91,669.05,1
48,Male,81246.22,6770.52,Self-Employed,6,25139.58,48,661,1,0.1265,2,Bachelor,Rent,Single,Auto,0,14259.63,11148.8,674.43,0
62,Female,55650.72,4637.56,Self-Employed,19,35338.15,24,841,2,0.493,0,High School,Rent,Married,Auto,0,17425.95,3615.96,1566.21,0
42,Male,74517.57,6209.8,Salaried,2,40962.72,24,674,0,0.3014,1,Bachelor,Mortgage,Single,Auto,0,2047.81,2606.82,1871.37,0
41,Male,106824.68,8902.06,Salaried,3,185246.89,24,807,0,0.9223,0,Bachelor,Rent,Single,Home,0,25050.17,11690.86,8210.26,0
26,Female,42416.48,3534.71,Self-Employed,1,19843.11,12,598,0,0.5014,0,Bachelor,Rent,Single,Auto,0,23920.25,15393.47,1772.33,0
21,Male,9453.41,787.78,Unemployed,0,5687.09,24,485,1,0.5658,0,High School,Mortgage,Married,Personal,1,5296.5,4737.96,283.92,1
25,Male,99112.43,8259.37,Salaried,3,20504.07,24,702,0,0.1134,1,Bachelor,Mortgage,Single,Personal,0,52477.92,34555.5,936.72,0
61,Female,74533.66,6211.14,Self-Employed,19,12406.62,36,677,0,0.0635,0,Bachelor,Mortgage,Divorced,Auto,0,11999.73,9319.94,394.53,0
32,Female,122649.15,10220.76,Salaried,11,314374.24,36,592,0,1.0364,0,Bachelor,Own,Single,Home,0,5686.94,6569.57,10592.51,0
46,Female,107818.54,8984.88,Self-Employed,20,494205.52,36,717,2,1.5,2,Bachelor,Mortgage,Single,Home,0,44243.39,24327.81,15715.6,1
66,Female,55537.4,4628.12,Salaried,16,6660.92,36,801,0,0.0438,1,High School,Rent,Single,Education,0,0.0,4423.78,202.64,0
54,Male,74330.08,6194.17,Salaried,17,32430.43,12,732,0,0.4579,0,High School,Mortgage,Married,Personal,0,7184.83,5657.8,2836.09,0
69,Female,135434.45,11286.2,Salaried,39,76919.92,36,750,2,0.2563,1,Bachelor,Rent,Single,Auto,0,37358.35,20636.32,2446.03,0
34,Female,127157.36,10596.45,Salaried,7,138129.43,60,693,1,0.2894,0,Bachelor,Rent,Divorced,Business,0,50491.45,31039.64,2867.34,0
46,Female,198720.08,16560.01,Salaried,7,91558.6,36,736,0,0.1758,1,PhD,Mortgage,Married,Auto,0,55651.56,28261.01,2911.54,0
65,Female,11807.53,983.96,Unemployed,0,3581.26,24,694,0,0.1663,0,Bachelor,Rent,Divorced,Personal,0,13016.68,7946.96,163.61,0
47,Female,89964.51,7497.04,Salaried,4,53845.61,24,628,3,0.4751,0,Bachelor,Rent,Single,Auto,0,33582.32,8260.48,2559.92,0
29,Male,75418.35,6284.86,Salaried,7,179695.08,48,645,1,0.8019,0,Master,Mortgage,Married,Home,0,31654.69,10399.8,4820.77,0
46,Male,57272.73,4772.73,Salaried,8,210653.31,12,701,0,1.5,0,High School,Own,Married,Home,0,33420.31,17535.05,18421.94,0
67,Female,10386.37,865.53,Unemployed,0,30289.15,24,631,0,1.5,2,Bachelor,Mortgage,Married,Home,0,10464.48,4566.32,1440.0,1
42,Female,78923.96,6577.0,Salaried,19,35650.93,24,711,0,0.2476,0,High School,Rent,Married,Education,0,29024.46,11877.15,1628.7,0
67,Female,6556.75,546.4,Unemployed,0,3196.76,24,652,1,0.6295,0,High School,Rent,Divorced,Personal,0,5388.41,1488.33,151.98,0
50,Male,120380.15,10031.68,Salaried,19,62248.3,12,713,1,0.5759,1,Bachelor,Rent,Single,Auto,0,35539.2,22039.6,5443.71,0
63,Female,103688.4,8640.7,Salaried,22,87860.64,48,684,0,0.253,1,Bachelor,Rent,Married,Personal,0,51323.59,7761.87,2186.42,0
68,Female,104894.72,8741.23,Self-Employed,36,73548.16,24,660,1,0.4164,0,Bachelor,Mortgage,Single,Auto,0,48270.57,16885.03,3496.61,0
37,Female,6805.6,567.13,Student,0,12367.27,24,749,3,1.5,0,Bachelor,Mortgage,Single,Home,0,6009.17,4758.68,565.0,1
46,Female,88122.19,7343.52,Salaried,9,244498.39,12,674,0,1.5,0,Bachelor,Mortgage,Single,Home,0,13255.44,9716.39,21381.75,0
56,Female,84979.9,7081.66,Salaried,32,296934.36,12,850,2,1.5,0,High School,Own,Divorced,Home,0,37369.18,22499.15,25556.08,0
21,Female,80455.14,6704.6,Salaried,0,15988.54,24,554,1,0.1379,0,Bachelor,Mortgage,Divorced,Personal,0,9625.5,6087.01,798.21,0
28,Female,106934.94,8911.25,Salaried,7,222588.43,24,637,0,1.1875,0,Bachelor,Mortgage,Single,Home,0,50888.75,21582.58,10582.26,0
69,Female,10700.66,891.72,Student,0,2429.82,48,732,1,0.4715,2,Master,Rent,Divorced,Personal,0,11247.55,2504.2,60.47,0
55,Female,46793.52,3899.46,Salaried,15,152805.15,60,736,0,0.8134,4,High School,Mortgage,Married,Home,0,5123.3,2663.52,3171.98,0
35,Female,60676.74,5056.39,Self-Employed,1,22441.38,60,590,0,0.101,1,High School,Own,Married,Personal,0,28172.35,9466.93,510.61,0
67,Female,137994.4,11499.53,Salaried,27,465510.41,24,850,1,1.5,0,Bachelor,Own,Single,Home,0,61353.67,32327.04,20631.71,0
42,Female,198454.86,16537.9,Salaried,11,272720.11,12,651,0,1.4729,2,Master,Own,Married,Business,0,4072.82,4376.61,24358.62,1
34,Female,86151.61,7179.3,Salaried,3,47050.07,36,630,0,0.2208,1,Bachelor,Own,Single,Education,0,21290.06,13450.29,1585.3,0
46,Male,68388.22,5699.02,Salaried,14,21384.85,24,690,0,0.1714,2,Bachelor,Mortgage,Single,Education,0,36735.34,22256.66,976.96,0
48,Male,106935.8,8911.32,Self-Employed,17,61008.29,12,600,1,0.6422,1,PhD,Mortgage,Married,Education,0,7170.57,3231.12,5449.09,0
43,Female,174364.28,14530.36,Salaried,4,481587.42,36,643,0,1.1167,1,PhD,Rent,Married,Home,1,34732.43,11101.61,16226.58,1
34,Female,91852.1,7654.34,Salaried,9,53375.78,24,637,1,0.3735,0,Bachelor,Mortgage,Married,Auto,0,27461.03,14033.7,2537.58,0
44,Female,4879.96,406.66,Unemployed,0,7262.61,24,516,0,0.7252,1,Bachelor,Mortgage,Divorced,Business,1,6582.33,5331.69,362.58,1
22,Female,49253.31,4104.44,Self-Employed,1,168100.19,36,645,1,1.4612,0,High School,Mortgage,Married,Home,0,5361.6,3517.25,5663.96,1
65,Female,70976.72,5914.73,Salaried,6,30632.43,36,657,0,0.1745,0,Master,Mortgage,Single,Auto,0,19235.72,7610.59,1032.13,0
46,Female,5919.84,493.32,Unemployed,0,2000.0,12,623,1,0.6909,0,Bachelor,Own,Single,Auto,0,6120.11,5956.88,178.63,1
34,Female,142572.46,11881.04,Salaried,10,17217.11,12,616,1,0.145,1,PhD,Mortgage,Married,Personal,0,16228.22,5977.74,1537.79,0
27,Female,80611.73,6717.64,Self-Employed,6,14013.35,48,703,0,0.0519,1,High School,Rent,Divorced,Auto,0,0.0,1546.66,348.72,0
23,Male,50614.05,4217.84,Salaried,0,14878.28,24,705,0,0.1612,3,Bachelor,Rent,Divorced,Auto,0,27262.35,7284.64,679.71,0
67,Male,252519.7,21043.31,Salaried,42,189968.16,36,766,1,0.2887,0,Bachelor,Mortgage,Married,Education,0,108920.63,24516.26,5779.2,0
43,Male,93037.44,7753.12,Self-Employed,6,229539.27,48,657,1,0.8356,0,Bachelor,Rent,Married,Home,0,18284.34,4072.54,6157.96,0
66,Male,54697.47,4558.12,Salaried,22,36418.52,12,808,0,0.6877,3,High School,Rent,Married,Education,0,8909.25,4706.1,3134.41,0
63,Female,193997.57,16166.46,Salaried,19,119324.84,48,742,2,0.229,3,Bachelor,Rent,Single,Personal,0,0.0,2149.69,2969.4,0
67,Male,162915.67,13576.31,Salaried,19,357421.36,36,698,1,0.8483,1,Bachelor,Rent,Single,Business,1,0.0,986.7,11365.9,1
65,Male,127695.84,10641.32,Salaried,31,55056.35,12,655,4,0.5594,0,Bachelor,Own,Married,Personal,0,42433.43,14323.63,4917.48,0
38,Male,60578.18,5048.18,Self-Employed,3,11492.4,36,683,1,0.0994,1,High School,Rent,Divorced,Education,0,22400.26,6822.96,365.46,0
58,Male,201590.72,16799.23,Salaried,23,78024.5,12,658,0,0.4148,0,Bachelor,Rent,Divorced,Auto,0,7294.17,5676.62,6968.94,0
55,Female,71540.35,5961.7,Salaried,0,32133.25,24,740,2,0.3726,3,High School,Mortgage,Single,Auto,0,5328.4,4311.49,1468.0,0
35,Female,9311.58,775.96,Unemployed,0,5748.88,36,585,0,0.2496,2,High School,Own,Married,Auto,1,8096.43,4047.79,193.7,1
45,Female,165735.47,13811.29,Salaried,20,56168.59,36,695,1,0.1397,0,Bachelor,Mortgage,Divorced,Education,0,38556.25,7521.27,1786.15,0
57,Male,161691.14,13474.26,Salaried,27,528080.36,24,763,2,1.5,3,Master,Rent,Married,Home,0,27189.19,11527.93,23404.84,0
48,Male,223464.29,18622.02,Salaried,25,144171.37,24,760,0,0.3431,1,Bachelor,Mortgage,Single,Education,0,80183.19,39057.11,6389.76,0
30,Male,57991.53,4832.63,Salaried,1,225341.15,48,653,0,1.2509,4,Bachelor,Mortgage,Married,Home,0,18741.11,8068.06,6045.34,1
59,Female,88410.96,7367.58,Salaried,25,192509.71,36,722,0,0.8309,4,Bachelor,Rent,Married,Home,0,21911.12,11313.37,6121.76,0
37,Male,124099.93,10341.66,Salaried,3,448648.0,24,751,3,1.5,0,Bachelor,Mortgage,Married,Home,0,0.0,0.0,19884.35,1
59,Female,37865.04,3155.42,Self-Employed,4,29205.63,36,780,3,0.4298,0,High School,Mortgage,Married,Auto,0,10004.26,9317.36,888.49,0
42,Male,7216.13,601.34,Unemployed,0,4034.22,24,637,0,0.3189,1,PhD,Mortgage,Married,Auto,0,6949.94,6884.84,191.79,1
46,Female,185902.73,15491.89,Self-Employed,23,58953.34,36,796,0,0.1158,4,Master,Own,Single,Education,1,90186.28,17112.04,1793.47,0
64,Male,10482.06,873.5,Unemployed,0,8330.42,48,564,0,0.2801,4,Bachelor,Mortgage,Single,Auto,0,5688.07,4788.01,244.71,0
45,Male,8966.59,747.22,Student,0,2000.0,12,621,0,0.2391,1,Bachelor,Mortgage,Married,Education,0,4239.09,1673.09,178.63,0
37,Female,78170.15,6514.18,Self-Employed,1,272741.61,24,520,2,1.5,0,Bachelor,Rent,Single,Home,2,0.0,3360.35,13616.38,1
33,Male,2437.38,203.12,Unemployed,0,6258.54,24,536,2,1.5,0,Bachelor,Mortgage,Divorced,Home,0,4598.69,3771.01,312.45,1
40,Male,36807.54,3067.3,Self-Employed,1,136133.37,48,589,0,1.1907,2,High School,Mortgage,Single,Home,0,18882.61,10014.92,3652.12,0
45,Female,111971.64,9330.97,Salaried,17,381282.09,60,749,0,0.8482,1,High School,Mortgage,Married,Home,0,4307.53,2158.55,7914.79,0
24,Female,76312.17,6359.35,Salaried,1,115548.35,36,671,2,0.6915,1,Bachelor,Mortgage,Divorced,Home,0,26108.52,9552.1,3674.41,0
30,Female,93559.26,7796.6,Salaried,7,33545.84,36,787,2,0.1687,1,Master,Mortgage,Single,Education,0,33258.54,6675.06,1020.53,0
23,Male,5689.07,474.09,Unemployed,0,2000.0,36,601,3,1.055,2,High School,Mortgage,Married,Personal,0,8255.87,7280.03,67.39,1
61,Male,81649.94,6804.16,Self-Employed,27,15060.75,36,589,0,0.0746,3,High School,Mortgage,Married,Education,0,38163.77,9190.56,507.46,0
65,Male,85553.89,7129.49,Self-Employed,2,18164.27,36,612,0,0.0858,0,Bachelor,Mortgage,Single,Education,1,8401.48,2340.65,612.03,0
38,Male,92642.93,7720.24,Salaried,17,19280.97,48,668,3,0.1252,0,Master,Rent,Divorced,Education,1,0.0,4449.26,517.26,0
67,Female,49297.95,4108.16,Salaried,9,16908.78,48,705,0,0.1024,2,High School,Mortgage,Single,Personal,0,2112.83,2351.95,420.78,0
56,Female,51297.9,4274.82,Salaried,5,19308.45,12,727,0,0.395,3,High School,Mortgage,Married,Personal,0,9270.61,5760.79,1688.55,0
67,Male,11282.14,940.18,Unemployed,0,8258.95,48,553,0,0.258,0,Bachelor,Mortgage,Single,Auto,0,11212.97,5927.36,242.61,0
42,Female,8232.78,686.06,Unemployed,0,4810.17,24,579,1,0.6499,0,Bachelor,Mortgage,Single,Auto,0,8132.14,3317.29,240.14,1
54,Male,116493.42,9707.78,Self-Employed,33,63370.07,48,744,1,0.1998,0,High School,Rent,Divorced,Personal,0,41902.11,13052.81,1576.97,0
67,Female,75990.58,6332.55,Salaried,30,199290.83,12,737,2,1.5,0,High School,Rent,Married,Home,0,6013.7,4711.42,17428.28,0
28,Male,88859.65,7404.97,Salaried,3,163362.17,24,674,0,1.0079,0,Bachelor,Mortgage,Single,Business,0,30883.34,13099.71,7463.16,0
60,Male,158620.06,13218.34,Salaried,12,30207.71,48,776,0,0.0537,1,Bachelor,Mortgage,Married,Personal,0,5210.02,3908.8,709.43,0
69,Female,335887.43,27990.62,Salaried,38,62255.92,60,693,2,0.0626,0,PhD,Rent,Married,Auto,0,172481.65,22022.93,1292.33,0
64,Female,87750.18,7312.52,Self-Employed,19,58830.78,36,610,1,0.3147,1,Bachelor,Rent,Divorced,Auto,0,47610.28,8526.54,1982.24,0
39,Female,101804.09,8483.67,Salaried,9,11100.62,24,618,0,0.0622,0,High School,Rent,Married,Auto,1,1840.62,4620.68,527.74,0
62,Male,149828.64,12485.72,Salaried,25,422201.69,48,779,1,0.804,0,Bachelor,Rent,Divorced,Home,0,47566.32,8083.52,9915.42,0
61,Male,105722.63,8810.22,Salaried,18,288286.71,48,690,0,0.8143,1,Bachelor,Rent,Married,Home,0,48655.56,8954.31,7174.03,0
57,Male,106357.87,8863.16,Salaried,28,72405.77,36,668,2,0.3133,1,High School,Rent,Married,Auto,0,0.0,1398.8,2439.64,0
26,Male,88588.13,7382.34,Salaried,4,37976.99,24,645,1,0.2642,0,Master,Rent,Divorced,Auto,0,2601.81,1929.39,1805.5,0
46,Female,5303.73,441.98,Student,0,2000.0,24,628,1,0.7538,2,Master,Mortgage,Single,Personal,0,5396.95,2901.2,95.08,1
54,Male,102824.58,8568.72,Salaried,12,19822.84,36,692,0,0.0736,0,High School,Mortgage,Single,Auto,0,1049.83,1958.86,630.36,0
65,Male,107749.43,8979.12,Self-Employed,33,13082.35,60,712,4,0.188,0,High School,Mortgage,Single,Education,0,50625.94,17646.58,271.57,0
26,Female,70161.99,5846.83,Salaried,3,334956.1,12,605,1,1.5,1,High School,Mortgage,Single,Home,1,36669.85,23055.78,29917.37,1
57,Male,123585.45,10298.79,Self-Employed,17,21662.06,24,554,1,0.1367,3,High School,Rent,Single,Auto,0,64333.53,39311.1,1081.46,0
53,Female,108728.41,9060.7,Salaried,7,62510.92,48,668,2,0.2562,1,Bachelor,Mortgage,Married,Auto,0,9145.85,5437.01,1677.01,0
42,Female,142993.96,11916.16,Self-Employed,15,95220.1,60,638,0,0.1818,0,Bachelor,Mortgage,Married,Auto,0,0.0,2032.23,2166.55,0
41,Male,230918.55,19243.21,Salaried,7,84302.64,12,749,3,0.4046,1,PhD,Own,Single,Auto,0,44461.69,19335.92,7372.39,0
26,Female,60993.27,5082.77,Salaried,5,46264.07,36,690,0,0.2894,0,High School,Own,Single,Education,0,31232.69,6377.6,1471.19,0
26,Female,71331.29,5944.27,Salaried,4,26063.64,36,622,0,0.1477,2,Bachelor,Mortgage,Single,Personal,0,24991.29,17172.43,878.19,0
68,Male,11213.84,934.49,Unemployed,0,4064.54,36,658,1,0.5584,0,Master,Mortgage,Married,Education,0,12002.05,7440.89,136.95,0
24,Male,44381.54,3698.46,Salaried,1,16741.43,12,761,1,0.4716,2,Bachelor,Own,Married,Auto,0,24833.14,11493.49,1440.88,0
50,Male,42876.48,3573.04,Self-Employed,5,28774.33,24,746,1,0.4348,0,High School,Rent,Single,Personal,0,7155.21,5777.42,1314.55,0
31,Female,42063.23,3505.27,Self-Employed,0,18660.31,36,616,1,0.2248,4,High School,Mortgage,Divorced,Education,0,602.51,882.85,628.74,0
50,Female,100004.71,8333.73,Salaried,1,53170.44,36,713,1,0.2346,0,Bachelor,Mortgage,Married,Education,1,0.0,2864.65,1690.81,0
51,Female,217604.72,18133.73,Salaried,6,30553.6,60,754,2,0.0535,3,PhD,Rent,Divorced,Personal,0,63631.96,12828.81,590.69,0
44,Female,140864.41,11738.7,Salaried,12,241190.48,24,788,1,0.9241,0,Master,Rent,Single,Home,0,69000.34,30200.58,10689.71,0
29,Female,88046.3,7337.19,Salaried,3,44713.05,12,665,1,0.5894,0,Master,Mortgage,Married,Auto,1,20758.94,13778.85,3993.65,0
23,Female,85321.07,7110.09,Salaried,0,253625.33,12,668,1,1.5,0,Master,Rent,Married,Home,0,41051.96,8661.54,22653.12,0
51,Male,8565.47,713.79,Unemployed,0,3441.68,24,599,0,0.2292,3,Bachelor,Rent,Married,Personal,0,5708.76,5884.98,163.62,0
60,Female,115809.25,9650.77,Salaried,19,34716.39,48,667,0,0.0965,0,Master,Rent,Married,Education,0,0.0,3108.56,931.35,0
57,Male,141403.16,11783.6,Self-Employed,2,151758.22,36,659,0,0.4339,0,PhD,Mortgage,Divorced,Business,0,58969.55,33145.87,5113.33,0
56,Female,153470.51,12789.21,Salaried,22,81154.76,48,750,2,0.1812,0,Bachelor,Rent,Married,Education,0,34391.03,19028.8,2019.54,0
44,Male,62808.5,5234.04,Self-Employed,1,168544.45,60,787,0,0.6225,4,High School,Mortgage,Married,Home,0,3728.93,5692.47,3258.44,0
51,Male,132467.75,11038.98,Salaried,15,368133.58,12,640,0,1.5,0,Bachelor,Mortgage,Divorced,Home,0,57455.12,15665.43,32880.69,0
26,Male,31041.69,2586.81,Salaried,1,56816.46,36,737,0,0.6984,0,High School,Mortgage,Married,Business,0,15217.63,7460.8,1806.75,0
22,Male,61817.54,5151.46,Self-Employed,1,49724.54,36,734,1,0.3439,3,High School,Rent,Married,Business,0,16374.37,7569.7,1581.23,0
40,Female,75131.63,6260.97,Self-Employed,11,131131.0,36,646,0,0.7057,3,Master,Rent,Single,Home,0,0.0,1952.02,4418.32,0
48,Male,149571.88,12464.32,Salaried,17,23261.09,36,707,2,0.1187,0,Master,Rent,Divorced,Auto,0,20810.24,15176.94,739.7,0
31,Female,47687.27,3973.94,Self-Employed,1,7803.55,12,645,1,0.2248,3,High School,Mortgage,Married,Auto,1,9115.53,6884.01,696.99,0
24,Male,48097.18,4008.1,Salaried,1,157374.16,12,766,1,1.5,0,Bachelor,Rent,Married,Home,0,4244.24,3486.43,13544.63,0
35,Female,2098.57,174.88,Unemployed,0,2000.0,12,526,0,0.3667,0,Master,Mortgage,Single,Auto,0,6082.66,4351.22,183.36,0
26,Male,47977.59,3998.13,Salaried,3,11800.6,36,660,0,0.0994,2,Bachelor,Mortgage,Married,Auto,0,4672.03,1769.46,397.61,0
69,Male,124911.6,10409.3,Salaried,19,54089.82,12,763,0,0.4472,2,Bachelor,Own,Married,Education,0,22068.0,8743.35,4655.32,0
50,Female,106611.01,8884.25,Self-Employed,23,22464.53,24,631,1,0.1501,0,Bachelor,Rent,Married,Auto,1,49166.3,12014.35,1068.0,0
58,Male,106968.31,8914.03,Salaried,22,23163.76,60,614,0,0.0591,0,Master,Mortgage,Married,Personal,0,44475.17,10313.95,527.05,0
22,Male,78666.16,6555.51,Salaried,1,167931.76,24,607,0,1.2179,0,Master,Mortgage,Single,Business,0,1591.78,826.6,7983.78,1
35,Male,111112.81,9259.4,Salaried,11,28800.99,36,602,2,0.1423,2,Bachelor,Rent,Single,Auto,0,0.0,3336.55,970.42,0
31,Male,9421.39,785.12,Unemployed,0,6778.26,48,606,0,0.2316,4,High School,Rent,Married,Auto,0,4567.39,2514.79,181.84,0
28,Female,113088.17,9424.01,Self-Employed,6,75483.96,24,712,0,0.3659,0,Master,Rent,Single,Education,0,24944.11,15987.67,3448.47,0
46,Male,82373.02,6864.42,Salaried,12,47180.52,12,713,2,0.6589,2,High School,Mortgage,Married,Personal,0,39878.73,22118.27,4126.01,0
65,Female,125031.17,10419.26,Self-Employed,13,232079.9,48,626,1,0.6112,0,Bachelor,Mortgage,Married,Home,0,4751.52,1666.1,6226.12,0
64,Female,10963.15,913.6,Unemployed,0,8136.87,48,664,0,0.2389,2,High School,Rent,Divorced,Education,0,7703.19,4625.81,218.29,0
25,Male,59107.3,4925.61,Salaried,4,25491.1,60,649,0,0.1178,0,Bachelor,Rent,Single,Personal,1,0.0,2192.26,580.0,0
26,Female,76161.57,6346.8,Salaried,1,54476.3,36,765,0,0.2611,1,Bachelor,Rent,Single,Education,0,0.0,3294.14,1657.27,0
46,Female,65646.12,5470.51,Salaried,4,57070.16,24,676,2,0.5677,0,High School,Rent,Married,Education,0,326.18,4616.42,2607.24,0
24,Female,110130.01,9177.5,Salaried,2,49192.13,12,619,0,0.4787,3,Master,Rent,Married,Business,0,41502.48,24518.45,4393.71,0
39,Female,62722.54,5226.88,Salaried,8,36954.85,12,723,1,0.6428,0,High School,Rent,Single,Education,0,0.0,3854.64,3231.76,0
40,Female,200390.42,16699.2,Salaried,9,69514.32,36,658,3,0.1798,0,Master,Rent,Married,Auto,0,20115.98,8865.6,2342.21,0
53,Female,294170.82,24514.24,Salaried,26,76339.82,24,711,0,0.1423,2,Master,Mortgage,Married,Personal,0,91740.44,38167.76,3487.57,0
40,Male,8114.55,676.21,Unemployed,0,2778.51,48,503,0,0.1207,1,Bachelor,Mortgage,Single,Auto,0,4914.17,3985.99,81.62,1
69,Male,166304.9,13858.74,Salaried,34,54278.26,12,702,0,0.3425,0,Bachelor,Rent,Single,Personal,1,0.0,2339.14,4746.71,0
32,Male,62769.11,5230.76,Salaried,0,14382.76,60,685,0,0.0571,1,High School,Rent,Divorced,Education,0,6779.95,4466.49,298.56,0
67,Male,94202.93,7850.24,Salaried,6,21727.86,12,749,1,0.2806,2,Bachelor,Own,Single,Education,0,30430.07,7474.38,1900.13,0
21,Male,112167.72,9347.31,Salaried,0,26814.44,48,631,0,0.077,1,Bachelor,Rent,Single,Education,0,16028.22,3847.05,719.36,0
46,Male,138754.66,11562.89,Salaried,14,73300.25,48,773,2,0.2085,0,Bachelor,Rent,Single,Education,0,29068.6,18834.75,1721.46,0
34,Male,46020.96,3835.08,Salaried,2,7601.51,36,618,2,0.2257,0,Bachelor,Rent,Married,Auto,1,5360.4,3138.18,256.12,0
58,Female,6019.11,501.59,Unemployed,0,3395.33,60,665,0,0.154,4,Bachelor,Mortgage,Married,Personal,0,7694.01,3898.3,77.25,0
57,Female,157473.88,13122.82,Salaried,7,72721.92,12,789,1,0.4949,0,Master,Rent,Single,Education,0,22149.88,14884.13,6258.92,0
31,Female,93965.85,7830.49,Salaried,10,61282.9,36,664,3,0.3058,1,High School,Own,Single,Education,0,33028.85,20123.74,2064.86,0
56,Male,228526.29,19043.86,Salaried,33,173667.82,12,850,0,0.7849,1,Bachelor,Rent,Single,Education,0,87693.3,55030.01,14946.97,0
33,Female,82725.31,6893.78,Salaried,3,29906.03,36,613,1,0.1878,0,High School,Rent,Married,Auto,1,23438.02,7043.38,1007.65,0
63,Female,205737.06,17144.76,Salaried,27,312868.68,24,702,0,0.8337,0,Master,Mortgage,Single,Business,0,33116.77,12718.57,14293.33,0
23,Male,33283.49,2773.62,Salaried,1,12431.98,36,665,0,0.151,3,High School,Rent,Divorced,Auto,1,11991.45,7731.74,418.88,0
53,Male,152096.1,12674.68,Salaried,19,69492.91,12,719,1,0.4922,0,Bachelor,Rent,Single,Auto,0,54380.26,22608.27,6077.26,0
26,Female,31961.94,2663.5,Self-Employed,3,15211.93,36,664,1,0.2423,2,High School,Mortgage,Single,Auto,0,17210.48,4680.95,512.55,0
30,Female,110514.25,9209.52,Salaried,0,37671.05,36,648,2,0.186,2,Bachelor,Rent,Single,Auto,1,0.0,2458.42,1269.29,0
25,Male,145989.84,12165.82,Salaried,4,262266.64,48,698,0,0.5365,0,Master,Mortgage,Married,Business,0,61281.65,23962.98,6526.52,0
43,Male,151179.13,12598.26,Salaried,9,75942.73,60,734,0,0.1251,0,Bachelor,Mortgage,Married,Business,0,0.0,1426.85,1576.45,0
30,Male,5772.53,481.04,Unemployed,0,11230.54,24,527,0,1.1213,3,Bachelor,Rent,Divorced,Business,0,5326.14,5080.77,560.67,1
64,Female,94390.8,7865.9,Salaried,36,33025.62,48,762,1,0.1243,2,Bachelor,Rent,Single,Auto,0,19606.62,13453.54,775.61,0
22,Female,10212.9,851.08,Student,0,5538.47,48,659,1,0.4154,0,Master,Rent,Single,Education,1,9386.3,3355.01,148.58,0
33,Male,50315.84,4192.99,Salaried,2,184663.21,60,732,1,0.9682,0,Bachelor,Mortgage,Married,Home,0,9136.38,6214.22,3833.3,0
60,Male,8796.28,733.02,Unemployed,0,2135.75,36,613,0,0.0982,1,Master,Mortgage,Married,Education,0,7934.24,4760.22,71.96,0
22,Female,74816.36,6234.7,Salaried,0,104852.2,48,520,2,0.59,1,Bachelor,Own,Married,Home,0,32367.1,11174.6,3080.03,0
40,Female,165455.0,13787.92,Salaried,19,104054.76,24,544,0,0.3768,1,Bachelor,Mortgage,Single,Education,1,19452.54,5821.28,5194.84,0
21,Male,7910.69,659.22,Student,0,5768.05,48,632,1,0.6332,4,High School,Mortgage,Single,Education,0,9740.25,5531.71,154.74,1
57,Female,183424.85,15285.4,Salaried,21,171933.21,48,673,0,0.2799,1,Bachelor,Rent,Single,Business,0,59079.35,16010.12,4278.57,0
29,Male,75954.16,6329.51,Self-Employed,8,35944.4,48,669,0,0.1523,3,High School,Rent,Married,Personal,0,3821.45,4512.29,964.3,0
37,Male,11877.1,989.76,Unemployed,0,3157.0,48,587,0,0.0856,2,Master,Own,Married,Education,0,6687.29,3008.39,84.69,0
29,Female,52927.45,4410.62,Salaried,1,27367.97,48,655,1,0.2185,0,Bachelor,Rent,Married,Auto,0,32521.16,11884.45,734.21,0
31,Male,85431.78,7119.32,Salaried,6,259558.02,36,716,0,1.1594,2,PhD,Mortgage,Single,Home,1,5517.09,4340.64,8253.88,0
35,Female,72956.7,6079.72,Salaried,2,103633.84,12,685,1,1.5,1,High School,Rent,Married,Business,0,33501.49,19438.03,9062.93,0
44,Female,68753.01,5729.42,Self-Employed,16,144563.31,24,652,1,1.2326,0,High School,Rent,Married,Home,0,3544.34,2485.09,6872.8,1
58,Female,6312.46,526.04,Unemployed,0,20710.56,24,559,2,1.5,0,Master,Mortgage,Single,Home,0,6828.38,1970.41,1033.96,1
55,Male,209573.23,17464.44,Self-Employed,24,82213.69,36,627,2,0.1705,1,Bachelor,Mortgage,Divorced,Auto,0,34200.11,8163.58,2770.1,0
50,Male,101595.26,8466.27,Salaried,11,421044.96,60,715,2,1.0951,1,Bachelor,Mortgage,Married,Home,0,52723.15,31705.36,8740.2,0
51,Male,162795.89,13566.32,Self-Employed,26,86245.13,36,699,1,0.2164,4,Master,Own,Married,Auto,0,0.0,1500.25,2742.57,0
69,Female,5594.95,466.25,Student,0,3233.64,12,804,0,0.5566,3,Bachelor,Mortgage,Married,Business,0,7025.56,4039.64,278.31,0
25,Female,52804.38,4400.36,Salaried,3,71381.16,24,707,3,0.9172,0,High School,Rent,Single,Business,0,15652.24,4023.92,3261.03,0
64,Female,152453.6,12704.47,Salaried,8,504445.46,48,684,1,1.0053,2,Master,Mortgage,Married,Home,0,16541.5,5994.17,12553.15,0
34,Female,47688.85,3974.07,Salaried,6,43083.73,24,734,1,0.5317,0,High School,Mortgage,Divorced,Business,0,20801.53,6199.49,1968.27,0
31,Female,9177.79,764.82,Unemployed,0,18199.16,12,671,0,1.5,0,Master,Own,Single,Business,0,5833.48,5152.05,1591.54,1
29,Female,54782.78,4565.23,Salaried,3,23177.68,48,712,0,0.1263,0,High School,Rent,Married,Auto,0,31848.17,22353.35,576.78,0
54,Male,10581.07,881.76,Unemployed,0,2000.0,12,560,0,0.2079,1,Bachelor,Rent,Married,Auto,0,5971.46,4158.91,183.36,1
32,Male,6617.37,551.45,Student,0,19246.38,12,761,0,1.5,0,High School,Mortgage,Single,Home,0,10438.78,4410.88,1656.47,1
55,Female,196104.43,16342.04,Salaried,27,343270.54,36,847,3,0.6844,0,Bachelor,Rent,Single,Home,0,61863.04,30650.83,10442.95,0
55,Male,151850.57,12654.21,Salaried,28,499484.49,36,575,1,1.4479,0,High School,Rent,Single,Home,0,30123.26,9820.8,18057.56,1
21,Male,124139.79,10344.98,Salaried,0,89552.78,24,652,0,0.4116,0,Master,Mortgage,Married,Auto,0,0.0,629.15,4257.5,0
60,Female,152197.47,12683.12,Salaried,31,44093.39,24,675,0,0.1588,3,Bachelor,Own,Married,Auto,0,58052.41,32123.06,2014.4,0
42,Female,52592.82,4382.73,Salaried,11,172142.97,12,786,0,1.5,4,High School,Rent,Married,Home,0,29369.78,19438.46,14815.73,0
49,Male,93345.32,7778.78,Self-Employed,27,257073.22,12,686,3,1.5,2,Bachelor,Rent,Single,Home,0,43813.57,15407.42,22481.43,0
28,Female,92531.95,7711.0,Salaried,2,34986.61,48,641,0,0.1217,1,Bachelor,Own,Married,Auto,0,35975.66,6319.84,938.6,0
31,Female,6428.54,535.71,Student,0,2000.0,60,610,1,0.5506,2,High School,Own,Married,Personal,0,9419.67,2825.82,45.51,0
61,Male,163273.09,13606.09,Salaried,36,44515.65,36,661,0,0.1102,2,High School,Rent,Single,Auto,0,71149.44,38852.7,1499.91,0
57,Male,192817.33,16068.11,Salaried,19,122546.1,36,850,0,0.232,2,Bachelor,Mortgage,Married,Education,0,90093.88,16425.71,3728.09,0
34,Male,44505.24,3708.77,Self-Employed,10,15791.36,60,651,1,0.1845,0,High School,Rent,Married,Auto,1,18915.51,10566.22,359.3,0
50,Female,70084.24,5840.35,Salaried,15,8452.23,12,680,1,0.188,0,High School,Own,Single,Auto,0,33938.44,15928.11,739.16,0
55,Female,114981.77,9581.81,Salaried,15,199298.76,24,599,0,0.9889,0,High School,Mortgage,Single,Business,0,15475.67,8046.05,9475.03,0
41,Female,78627.07,6552.26,Self-Employed,2,67457.86,36,686,0,0.3274,0,Bachelor,Mortgage,Married,Personal,0,28687.39,7050.75,2145.14,0
57,Female,7354.16,612.85,Unemployed,0,10656.34,12,554,2,1.5,0,Bachelor,Mortgage,Married,Home,0,3805.02,2170.27,976.97,1
25,Male,64870.83,5405.9,Salaried,1,54326.51,24,704,0,0.4591,2,High School,Own,Divorced,Personal,0,0.0,3139.11,2481.89,0
39,Male,88816.68,7401.39,Salaried,0,477651.03,24,652,3,1.5,2,PhD,Rent,Married,Home,1,26355.06,12586.44,22708.4,1
34,Female,14791.49,1232.62,Student,0,29495.79,48,740,0,0.5955,0,Master,Rent,Single,Home,0,9978.63,7441.51,734.0,0
46,Male,125526.59,10460.55,Salaried,24,75130.83,12,649,1,0.6625,0,High School,Mortgage,Single,Personal,1,0.0,3460.97,6710.48,1
24,Male,33068.67,2755.72,Salaried,0,50716.62,36,655,1,0.6951,1,High School,Mortgage,Married,Home,0,2945.91,986.1,1708.84,0
45,Male,107548.25,8962.35,Salaried,19,285852.22,12,754,0,1.5,0,Master,Mortgage,Single,Home,0,954.57,3617.81,24602.28,0
65,Male,241072.31,20089.36,Salaried,31,36758.68,36,779,1,0.0739,0,Bachelor,Mortgage,Married,Personal,0,72821.36,36424.19,1118.27,0
62,Male,106652.5,8887.71,Salaried,5,64778.54,12,747,1,0.6755,2,Bachelor,Rent,Single,Auto,0,0.0,2442.72,5664.98,0
45,Male,53318.16,4443.18,Salaried,8,15141.0,36,723,0,0.1084,1,Bachelor,Mortgage,Single,Education,0,2658.15,5144.69,481.48,0
38,Male,3419.87,284.99,Unemployed,0,10071.99,36,575,1,0.9529,3,Bachelor,Own,Single,Home,0,6265.77,5330.76,364.13,1
60,Male,65739.51,5478.29,Self-Employed,35,24575.73,24,627,1,0.2804,2,High School,Own,Single,Auto,0,10191.58,7036.08,1168.37,0
28,Female,137089.6,11424.13,Salaried,6,51388.89,48,665,1,0.1371,3,Bachelor,Mortgage,Married,Auto,0,39668.84,22672.84,1378.64,0
59,Female,140696.98,11724.75,Salaried,22,512462.1,36,698,2,1.4253,0,Bachelor,Rent,Single,Home,0,0.0,5093.31,16296.16,0
60,Male,152981.6,12748.47,Self-Employed,28,94323.84,24,713,0,0.338,0,Bachelor,Mortgage,Divorced,Auto,0,47215.82,11304.81,4309.16,0
34,Female,221278.37,18439.86,Salaried,13,60027.71,48,713,1,0.0956,0,Master,Rent,Married,Auto,0,37213.79,10877.64,1493.79,0
52,Male,92426.51,7702.21,Salaried,21,149016.42,36,694,1,0.6466,0,High School,Mortgage,Married,Business,0,4378.31,2494.85,4738.68,0
58,Female,106864.26,8905.36,Salaried,10,86948.58,60,759,0,0.1888,1,Bachelor,Mortgage,Married,Personal,0,37922.13,12848.11,1680.96,0
53,Female,222614.57,18551.21,Salaried,25,62373.81,36,713,3,0.149,2,Bachelor,Rent,Married,Personal,0,24406.33,15437.47,1983.47,0
43,Female,86211.94,7184.33,Salaried,22,246167.37,48,713,1,0.8721,4,Bachelor,Mortgage,Single,Home,0,39353.98,12603.6,6125.89,0
35,Female,80230.76,6685.9,Salaried,2,13428.38,12,678,2,0.2295,3,High School,Rent,Divorced,Auto,0,42738.2,13955.61,1174.33,0
53,Male,59911.01,4992.58,Salaried,5,121536.72,24,741,1,1.1333,1,Bachelor,Mortgage,Married,Home,0,28965.92,6903.94,5552.37,0
45,Male,60320.51,5026.71,Self-Employed,6,28716.5,12,657,0,0.5103,1,High School,Rent,Single,Auto,0,27477.75,17854.56,2564.88,0
37,Female,60308.18,5025.68,Salaried,11,144729.45,36,650,0,0.9703,0,High School,Mortgage,Married,Home,0,11880.09,3030.68,4876.51,0
53,Male,133898.75,11158.23,Salaried,21,580803.93,36,742,0,1.5,1,High School,Rent,Married,Home,0,40356.99,26175.93,18469.41,0
67,Male,195129.66,16260.8,Salaried,41,127244.97,48,716,0,0.1947,3,Bachelor,Mortgage,Single,Education,0,0.0,2518.8,3166.5,0
22,Female,26150.73,2179.23,Salaried,0,21190.47,12,676,1,0.9771,0,High School,Mortgage,Divorced,Personal,0,14691.74,5247.41,1853.14,0
34,Female,54126.84,4510.57,Salaried,0,13367.64,48,700,1,0.125,1,Bachelor,Rent,Single,Auto,0,22618.96,4560.08,332.65,0
60,Female,119143.94,9928.66,Salaried,39,313005.29,12,628,0,1.5,3,High School,Mortgage,Married,Home,0,12818.1,9036.41,27956.78,0
60,Male,63525.08,5293.76,Self-Employed,2,126463.85,48,661,2,0.7438,0,High School,Mortgage,Divorced,Home,0,18451.13,5121.41,3392.71,0
59,Female,172028.29,14335.69,Self-Employed,29,115159.07,36,613,2,0.3172,4,Bachelor,Mortgage,Single,Personal,0,58137.55,35123.6,3880.16,0
26,Male,72895.1,6074.59,Salaried,2,33973.32,12,680,2,0.536,0,High School,Rent,Single,Education,0,17360.76,8901.17,2971.02,0
26,Male,103617.82,8634.82,Salaried,1,237330.96,12,592,0,1.5,3,Bachelor,Mortgage,Single,Home,0,39843.95,7466.49,21197.75,0
23,Female,88331.25,7360.94,Salaried,2,320188.28,48,582,0,1.167,0,Bachelor,Rent,Single,Home,0,39697.67,17017.86,8589.85,0
27,Male,7713.15,642.76,Unemployed,0,4894.35,24,609,1,0.8686,0,PhD,Mortgage,Single,Personal,0,2050.14,3768.27,232.69,1
28,Male,4781.65,398.47,Unemployed,0,2000.0,60,641,0,0.091,0,PhD,Rent,Married,Personal,0,5096.44,4221.45,45.51,0
62,Female,209938.44,17494.87,Salaried,23,173359.19,60,666,0,0.2255,2,Bachelor,Rent,Married,Education,0,39160.31,20455.48,3944.45,0
35,Male,44994.4,3749.53,Salaried,1,57045.19,48,674,1,0.4762,3,Bachelor,Rent,Married,Home,0,5858.9,5844.69,1419.57,0
67,Male,78938.66,6578.22,Salaried,19,59475.12,48,676,0,0.225,1,High School,Own,Single,Education,0,32731.71,7015.44,1480.04,0
49,Male,170642.88,14220.24,Salaried,24,112216.57,48,659,0,0.2117,3,Bachelor,Own,Married,Education,0,49959.17,27981.02,3010.49,0
53,Male,11456.63,954.72,Unemployed,0,2287.66,24,518,0,0.1196,2,Bachelor,Own,Married,Education,1,5250.93,3100.09,114.21,1
50,Male,78119.32,6509.94,Self-Employed,14,17327.0,24,690,0,0.1216,0,High School,Mortgage,Single,Personal,0,0.0,1810.55,791.58,0
59,Female,153551.13,12795.93,Self-Employed,30,275314.53,36,670,4,0.7952,2,High School,Mortgage,Married,Home,1,21075.22,14634.72,9276.43,0
47,Female,50803.18,4233.6,Salaried,17,95351.51,60,676,0,0.4675,0,High School,Mortgage,Single,Home,0,30177.41,14298.44,1979.34,0
56,Male,170211.39,14184.28,Salaried,30,525872.03,12,749,2,1.5,1,Bachelor,Mortgage,Divorced,Home,0,65751.5,14983.02,45988.29,0
49,Female,70996.4,5916.37,Salaried,4,114274.91,48,773,0,0.4536,0,Bachelor,Mortgage,Married,Home,0,911.72,3429.32,2683.75,0
58,Male,206015.79,17167.98,Salaried,28,81210.15,36,639,1,0.1772,0,Bachelor,Mortgage,Married,Personal,0,86153.51,36140.77,2736.29,0
53,Male,79379.56,6614.96,Salaried,3,191440.86,12,749,1,1.5,1,Bachelor,Mortgage,Married,Home,0,5208.72,2121.29,16741.79,1
57,Female,9752.52,812.71,Student,0,4929.0,24,666,1,0.7096,0,Bachelor,Own,Married,Auto,0,8798.67,2978.43,234.33,0
47,Male,84717.31,7059.78,Salaried,25,57273.8,60,665,0,0.1846,1,Bachelor,Own,Single,Personal,0,43674.75,17242.84,1303.15,0
53,Female,6380.1,531.68,Unemployed,0,2000.0,48,686,1,0.4243,3,High School,Rent,Married,Personal,1,10509.8,3884.58,49.77,1
24,Male,45304.64,3775.39,Self-Employed,1,16547.48,48,601,0,0.1176,0,Bachelor,Rent,Married,Auto,0,20666.38,7368.69,443.93,0
42,Female,67163.22,5596.94,Self-Employed,3,41157.7,36,655,0,0.2478,2,Bachelor,Mortgage,Single,Education,0,29007.42,16482.34,1386.77,0
22,Male,47016.11,3918.01,Salaried,0,138440.89,12,659,1,1.5,1,Bachelor,Rent,Divorced,Home,0,9800.63,4923.8,12365.16,0
30,Male,67592.95,5632.75,Salaried,2,239557.65,48,704,0,1.0583,0,Bachelor,Own,Married,Home,0,21718.39,11716.54,5961.4,0
25,Male,54554.13,4546.18,Salaried,0,13808.89,36,639,0,0.1023,2,Bachelor,Own,Single,Personal,0,22670.32,7701.96,465.28,0
30,Female,7851.8,654.32,Student,0,25120.91,48,615,1,1.5,0,High School,Mortgage,Married,Home,0,3201.22,3051.63,673.93,1
53,Female,3483.86,290.32,Unemployed,0,2000.0,48,737,1,0.4198,0,Bachelor,Mortgage,Married,Personal,0,5460.07,2947.78,49.77,0
58,Female,211411.71,17617.64,Salaried,20,124918.05,12,695,2,0.6629,0,PhD,Rent,Married,Auto,0,102813.28,38061.74,10924.27,0
33,Male,104745.53,8728.79,Salaried,10,181312.79,24,537,0,1.037,1,Bachelor,Own,Married,Home,1,19754.92,5152.72,9051.88,1
51,Male,88218.75,7351.56,Salaried,8,29269.22,48,657,3,0.2051,1,High School,Own,Married,Auto,1,10242.17,5797.04,785.22,0
67,Male,51941.27,4328.44,Salaried,0,98066.67,36,734,1,0.7617,0,High School,Rent,Married,Business,0,5773.39,2944.93,3118.49,0
56,Female,131176.36,10931.36,Self-Employed,11,23942.48,12,699,0,0.1915,0,PhD,Rent,Single,Education,0,20916.9,3254.46,2093.81,0
65,Female,118645.99,9887.17,Self-Employed,23,53846.56,60,795,0,0.1053,2,High School,Rent,Single,Personal,0,39336.05,13753.27,1041.0,0
44,Male,41456.83,3454.74,Self-Employed,1,7550.61,36,614,0,0.0736,3,High School,Mortgage,Single,Auto,0,4607.58,1833.51,254.41,0
35,Female,146998.4,12249.87,Self-Employed,14,96290.88,24,616,1,0.396,1,Bachelor,Rent,Single,Auto,0,43063.12,25002.28,4577.84,0
49,Male,212919.37,17743.28,Salaried,23,41501.47,60,773,0,0.0452,0,PhD,Rent,Single,Personal,0,79006.03,41330.37,802.34,0
28,Female,85148.71,7095.73,Salaried,3,182369.47,12,801,0,1.5,0,Bachelor,Rent,Married,Home,0,36476.25,14781.05,15695.89,0
25,Female,78292.93,6524.41,Self-Employed,1,141573.9,60,611,1,0.523,3,Bachelor,Mortgage,Married,Home,0,46420.23,18514.76,3221.24,0
49,Male,11556.36,963.03,Unemployed,0,7314.01,24,545,1,0.499,0,Bachelor,Own,Single,Education,1,7226.16,6182.26,365.15,1
67,Male,48371.23,4030.94,Salaried,12,151392.8,36,755,3,1.4059,0,High School,Mortgage,Single,Home,0,1335.17,2869.53,4605.66,0
24,Female,149609.78,12467.48,Salaried,1,246574.62,48,561,0,0.581,1,Master,Mortgage,Single,Business,1,68360.33,31768.04,7243.13,0
32,Female,95578.97,7964.91,Salaried,5,136934.36,24,674,1,0.8247,2,Bachelor,Rent,Single,Business,0,0.0,1870.75,6255.81,0
65,Female,300231.4,25019.28,Self-Employed,42,258296.92,24,694,0,0.4716,1,Bachelor,Mortgage,Single,Education,1,133178.05,53528.79,11800.23,0
22,Female,111606.38,9300.53,Salaried,1,42802.06,36,713,1,0.1619,0,Master,Rent,Married,Auto,0,61162.83,10023.01,1361.09,0
47,Male,289094.03,24091.17,Self-Employed,25,776789.29,12,603,0,1.5,2,PhD,Rent,Single,Home,0,134311.82,23531.38,69380.7,1
51,Female,101215.51,8434.63,Salaried,2,13636.6,48,681,1,0.076,1,Bachelor,Rent,Married,Education,0,54699.76,8645.02,339.35,0
56,Female,87238.09,7269.84,Self-Employed,8,387355.5,24,757,0,1.5,2,High School,Rent,Married,Home,0,0.0,2889.23,17167.83,0
56,Female,140769.16,11730.76,Salaried,11,133106.88,60,683,1,0.2447,0,Master,Rent,Single,Business,0,0.0,0.0,2763.08,0
46,Male,159110.17,13259.18,Salaried,20,250135.43,24,674,0,0.8618,2,Bachelor,Mortgage,Single,Home,1,8456.13,7490.1,11427.37,0
63,Male,187300.34,15608.36,Salaried,17,458406.85,60,680,2,0.6345,1,Master,Rent,Single,Home,0,78345.44,46458.87,9515.77,0
47,Male,126992.18,10582.68,Salaried,10,33801.39,12,631,1,0.3174,1,Master,Mortgage,Single,Education,1,0.0,121.77,3019.05,0
25,Male,71323.07,5943.59,Self-Employed,2,197192.51,36,670,0,1.1179,1,High School,Mortgage,Single,Home,0,28295.32,9425.58,6644.19,0
40,Male,114254.01,9521.17,Self-Employed,8,17726.86,36,606,0,0.0627,0,PhD,Mortgage,Married,Education,0,0.0,2410.0,597.29,0
31,Male,70048.72,5837.39,Salaried,10,45786.8,24,566,0,0.3916,0,Bachelor,Mortgage,Single,Personal,0,29480.85,7629.67,2285.86,0
30,Male,96442.18,8036.85,Salaried,1,217749.41,48,618,1,0.7499,0,Bachelor,Own,Divorced,Home,0,10629.48,5821.52,5841.67,0
60,Male,131948.3,10995.69,Salaried,33,371738.96,60,646,0,0.7692,0,High School,Rent,Single,Home,1,27200.51,19598.59,8458.2,1
58,Female,143908.24,11992.35,Self-Employed,19,578018.88,60,819,3,1.0077,1,Master,Mortgage,Married,Home,0,75900.25,28526.39,11174.72,0
26,Male,98756.3,8229.69,Salaried,4,34350.55,60,662,2,0.1702,2,Bachelor,Rent,Married,Education,0,29593.63,5057.97,781.58,0
28,Male,9706.47,808.87,Unemployed,0,3331.36,12,624,2,1.25,0,Bachelor,Rent,Single,Personal,1,3675.71,3849.23,297.55,1
43,Male,111846.72,9320.56,Salaried,14,35692.5,36,635,0,0.129,3,Master,Rent,Single,Personal,0,52353.12,18390.41,1202.62,0
67,Male,103813.84,8651.15,Salaried,7,144485.25,48,743,0,0.4156,0,Bachelor,Rent,Married,Home,0,16976.72,9219.62,3595.52,0
46,Female,115245.93,9603.83,Salaried,4,49563.86,48,702,0,0.1284,0,Bachelor,Mortgage,Divorced,Auto,0,32092.9,11605.13,1233.4,0
66,Male,105703.67,8808.64,Salaried,4,35547.16,36,591,2,0.2182,0,Master,Rent,Single,Personal,0,41782.7,23744.99,1197.72,0
63,Female,99671.51,8305.96,Salaried,6,330571.04,12,675,0,1.5,2,Bachelor,Mortgage,Single,Home,0,41628.89,20869.32,28908.93,0
32,Female,83309.14,6942.43,Salaried,11,347511.06,48,594,0,1.3429,2,Master,Mortgage,Single,Home,0,20489.62,5350.39,9322.85,1
46,Female,234162.5,19513.54,Salaried,19,706307.75,60,612,0,0.8236,3,Master,Own,Single,Home,0,91379.82,28524.02,16070.67,0
33,Female,139981.65,11665.14,Self-Employed,11,172585.11,12,637,0,1.3214,0,Bachelor,Mortgage,Divorced,Business,0,43.36,1165.9,15414.83,1
60,Female,80325.37,6693.78,Salaried,3,21930.5,12,685,0,0.2865,0,Bachelor,Rent,Married,Auto,0,21522.53,8427.55,1917.85,0
38,Female,39631.9,3302.66,Salaried,7,106551.78,48,721,2,0.9916,2,High School,Mortgage,Single,Home,0,285.36,2195.14,2651.55,0
45,Male,149691.44,12474.29,Self-Employed,18,97997.44,48,592,1,0.2222,2,Bachelor,Mortgage,Single,Business,0,24315.6,12359.12,2629.03,0
53,Male,7729.8,644.15,Unemployed,0,2886.31,24,633,0,0.213,3,Bachelor,Own,Single,Business,1,6258.57,5669.05,137.22,1
67,Female,106460.99,8871.75,Salaried,0,75207.05,48,776,1,0.2192,0,Bachelor,Mortgage,Married,Auto,0,57334.68,35680.11,1766.24,0
60,Male,57705.83,4808.82,Self-Employed,12,235195.82,48,598,3,1.5,2,High School,Mortgage,Divorced,Home,0,14367.16,7923.29,6309.71,1
63,Male,70267.09,5855.59,Self-Employed,41,54256.1,24,674,0,0.4233,0,High School,Mortgage,Single,Education,0,35775.72,22872.06,2478.68,0
32,Female,7547.4,628.95,Student,0,19355.5,36,716,1,1.4517,1,High School,Rent,Married,Home,0,7522.99,7107.59,615.5,0
64,Female,90934.88,7577.91,Salaried,24,42686.35,36,732,0,0.1791,0,High School,Mortgage,Divorced,Education,0,27343.79,10750.74,1357.41,0
56,Male,6554.44,546.2,Student,0,4571.69,36,603,0,0.282,2,Bachelor,Mortgage,Single,Personal,0,9615.82,2795.99,154.04,0
68,Female,201243.95,16770.33,Salaried,43,313855.87,24,650,0,0.8897,1,High School,Rent,Single,Home,0,60527.29,13691.28,14921.28,0
24,Male,36119.55,3009.96,Salaried,0,62885.51,60,660,0,0.4754,0,High School,Mortgage,Single,Business,0,20147.93,7904.27,1430.84,0
25,Female,61248.76,5104.06,Salaried,1,72589.92,36,702,0,0.4523,0,High School,Rent,Single,Business,0,28852.88,18271.33,2308.34,0
57,Male,168877.95,14073.16,Salaried,34,111822.35,48,749,1,0.2233,0,Bachelor,Own,Single,Auto,0,59190.85,27463.66,2782.7,0
28,Male,122397.15,10199.76,Self-Employed,4,175960.49,12,663,2,1.5,0,Master,Own,Divorced,Business,1,16447.32,5712.74,15716.31,1
62,Female,117479.76,9789.98,Salaried,16,313982.95,36,700,0,1.0199,0,High School,Mortgage,Married,Home,0,19112.9,11525.98,9984.57,0
69,Male,154733.08,12894.42,Salaried,25,94287.25,48,699,0,0.182,0,Bachelor,Mortgage,Single,Personal,0,22592.45,13851.24,2346.34,0
48,Female,108705.58,9058.8,Salaried,20,46343.24,48,584,0,0.1372,2,Bachelor,Own,Single,Education,0,0.0,1212.58,1243.27,0
51,Male,61990.03,5165.84,Salaried,18,191148.83,24,705,3,1.5,0,High School,Rent,Married,Home,0,30639.79,7466.42,8732.59,1
29,Male,116927.4,9743.95,Salaried,3,357176.23,48,660,0,0.9834,0,Bachelor,Rent,Single,Home,0,7372.56,3349.17,9582.14,0
49,Female,130831.81,10902.65,Salaried,19,47201.57,12,694,0,0.3786,3,High School,Mortgage,Single,Auto,0,5611.86,5784.17,4127.85,0
34,Male,67664.89,5638.74,Salaried,5,90725.27,60,758,0,0.3111,0,Bachelor,Rent,Single,Home,0,19543.95,11914.86,1753.97,0
60,Male,83091.49,6924.29,Salaried,9,160668.45,48,696,2,0.6324,2,High School,Own,Married,Business,0,0.0,346.61,3998.24,0
61,Male,236351.83,19695.99,Salaried,22,595987.75,60,704,3,0.6605,1,PhD,Rent,Single,Home,0,102478.97,54914.63,12371.73,0
42,Female,93489.47,7790.79,Self-Employed,14,123717.92,48,586,1,0.4498,3,High School,Mortgage,Single,Business,0,44368.09,21503.7,3319.04,0
31,Female,153742.53,12811.88,Salaried,10,32453.17,48,702,1,0.0756,0,Bachelor,Rent,Married,Auto,0,27522.85,13780.82,807.6,0
43,Female,99339.1,8278.26,Salaried,7,383483.7,36,663,0,1.5,2,Master,Rent,Single,Home,0,52137.46,22886.58,12921.08,0
21,Male,61997.3,5166.44,Salaried,0,22198.06,48,814,0,0.1009,0,High School,Rent,Divorced,Auto,0,13365.0,4443.44,521.32,0
66,Male,81601.37,6800.11,Salaried,4,46326.14,12,771,1,0.6046,3,Bachelor,Rent,Married,Education,0,10449.6,8954.03,3987.13,0
57,Male,124473.68,10372.81,Salaried,11,105362.82,24,845,0,0.4502,0,Bachelor,Rent,Single,Auto,0,66930.48,19819.52,4669.74,0
41,Female,6066.52,505.54,Unemployed,0,2710.98,48,574,1,0.4954,1,Bachelor,Own,Single,Auto,0,8282.25,7913.95,79.64,1
46,Male,82166.85,6847.24,Self-Employed,9,9586.18,36,640,0,0.0472,0,High School,Rent,Married,Personal,0,16032.78,10103.33,323.0,0
66,Female,63650.12,5304.18,Self-Employed,13,53252.78,24,748,0,0.4587,3,High School,Rent,Single,Business,0,23523.53,16334.08,2432.84,0
56,Male,106742.35,8895.2,Salaried,11,355358.77,36,730,1,1.309,2,Bachelor,Mortgage,Married,Home,0,12136.52,5243.15,11300.31,0
43,Female,134176.09,11181.34,Salaried,12,19591.95,48,747,1,0.0536,0,Bachelor,Rent,Married,Auto,0,23012.71,16388.87,487.55,0
21,Female,40703.01,3391.92,Salaried,0,19824.41,48,683,0,0.1454,0,Bachelor,Mortgage,Married,Auto,0,18952.28,6237.47,493.33,0
60,Female,5280.9,440.08,Unemployed,0,2000.0,48,614,1,0.505,0,High School,Mortgage,Divorced,Education,0,7774.1,3885.83,53.65,0
35,Male,7461.85,621.82,Unemployed,0,2000.0,12,597,2,1.2684,0,Bachelor,Own,Single,Education,0,4726.99,4466.06,178.63,1
41,Male,77508.25,6459.02,Salaried,20,293353.13,12,651,0,1.5,0,Bachelor,Mortgage,Married,Home,0,25658.09,7526.94,26201.5,0
67,Male,147988.28,12332.36,Salaried,16,65992.29,12,630,0,0.4779,4,Bachelor,Rent,Married,Education,1,13703.14,6518.69,5894.25,0
29,Male,98496.52,8208.04,Salaried,0,40349.52,36,694,0,0.1563,2,Bachelor,Mortgage,Married,Education,0,13937.72,8089.51,1283.1,0
29,Male,39799.64,3316.64,Salaried,5,26275.43,60,737,0,0.1645,3,High School,Mortgage,Married,Personal,0,21505.84,15519.19,545.43,0
30,Female,83875.48,6989.62,Self-Employed,9,27179.54,24,621,1,0.2306,1,High School,Mortgage,Married,Personal,0,32819.35,17646.13,1292.16,0
46,Male,114620.01,9551.67,Salaried,25,206068.56,48,668,0,0.5788,2,High School,Rent,Single,Business,0,1575.84,2900.54,5528.3,0
61,Female,166690.76,13890.9,Salaried,36,525145.38,36,723,1,1.2153,1,Bachelor,Rent,Married,Home,0,62405.54,9608.1,16699.48,0
55,Female,46549.17,3879.1,Self-Employed,10,25396.36,60,686,0,0.1359,0,High School,Mortgage,Single,Education,0,9151.03,5524.96,527.19,0
45,Male,148397.59,12366.47,Salaried,9,26015.53,24,759,0,0.0932,1,Bachelor,Rent,Married,Education,0,0.0,2482.22,1153.02,0
46,Female,86760.99,7230.08,Salaried,5,46325.05,36,733,1,0.2401,1,Bachelor,Rent,Single,Personal,0,20172.37,9204.92,1473.12,0
31,Male,67680.7,5640.06,Salaried,8,164047.61,12,620,1,1.5,4,Bachelor,Rent,Single,Home,0,36339.81,16404.36,14652.29,1
58,Male,171761.16,14313.43,Salaried,22,133378.38,24,632,0,0.443,1,Bachelor,Mortgage,Divorced,Auto,0,32806.88,7906.7,6341.05,0
22,Male,55394.9,4616.24,Salaried,0,19699.08,36,669,0,0.1438,2,High School,Own,Single,Auto,0,32340.05,19940.84,663.74,0
27,Female,118457.82,9871.48,Salaried,5,49153.08,60,745,1,0.121,2,Bachelor,Mortgage,Single,Education,0,7833.0,6582.73,1020.34,0
38,Male,179531.61,14960.97,Self-Employed,5,106801.2,24,736,1,0.3395,1,Master,Mortgage,Single,Auto,0,26805.11,13044.48,4879.19,0
47,Male,67018.66,5584.89,Self-Employed,16,62566.07,36,552,4,0.625,1,Bachelor,Rent,Single,Auto,0,0.0,3281.7,2261.91,1
54,Female,133846.1,11153.84,Salaried,11,99303.58,12,739,0,0.7786,0,Bachelor,Mortgage,Married,Auto,0,0.0,1550.81,8684.24,0
47,Male,184652.23,15387.69,Self-Employed,6,73577.26,12,671,0,0.4182,0,Master,Rent,Single,Personal,0,28881.02,12030.62,6434.44,0
37,Female,90326.15,7527.18,Salaried,4,21481.4,24,568,0,0.1425,2,Bachelor,Mortgage,Single,Auto,0,24418.21,14121.21,1072.44,0
63,Female,97256.16,8104.68,Self-Employed,15,47713.04,36,737,0,0.1872,3,High School,Own,Single,Auto,0,10222.92,5200.31,1517.26,0
64,Female,175046.56,14587.21,Salaried,37,79275.22,48,815,0,0.1276,0,Bachelor,Rent,Single,Personal,0,6622.09,6120.66,1861.78,0
44,Male,54833.52,4569.46,Salaried,7,163409.96,24,731,4,1.5,3,High School,Mortgage,Single,Home,0,12144.46,7545.96,7465.34,0
45,Male,96913.11,8076.09,Salaried,2,35450.83,48,795,1,0.1243,0,Bachelor,Mortgage,Married,Auto,0,2835.05,2897.01,832.56,0
27,Male,129463.78,10788.65,Salaried,4,51967.16,36,694,0,0.1532,1,Bachelor,Mortgage,Single,Education,0,42480.12,11473.77,1652.54,0
26,Male,2916.66,243.05,Unemployed,0,5907.0,48,564,1,0.8404,0,Bachelor,Rent,Single,Home,0,3765.28,3592.18,173.52,1
44,Male,85757.3,7146.44,Salaried,6,49717.0,12,717,0,0.6084,0,Bachelor,Rent,Divorced,Education,0,36155.2,23359.41,4347.83,0
53,Male,177196.11,14766.34,Salaried,16,108926.19,36,650,0,0.2485,0,Bachelor,Rent,Divorced,Auto,0,11677.03,4715.09,3670.15,0
69,Female,91919.74,7659.98,Salaried,25,17361.5,60,688,1,0.0719,0,Bachelor,Rent,Single,Education,0,49237.51,27948.29,360.4,0
49,Female,202564.26,16880.36,Salaried,19,51091.9,12,716,0,0.2647,0,Master,Mortgage,Single,Auto,0,76915.29,29538.57,4468.06,0
63,Male,6301.65,525.14,Unemployed,0,19172.85,24,619,0,1.5,0,Bachelor,Rent,Married,Home,0,4140.71,4207.53,911.51,1
42,Male,5768.92,480.74,Unemployed,0,17340.89,24,711,0,1.5,0,PhD,Mortgage,Married,Home,0,9063.03,7197.16,792.21,1
46,Male,53917.42,4493.12,Salaried,13,8579.74,36,683,1,0.0931,0,High School,Rent,Divorced,Auto,0,29218.05,18461.49,272.83,0
48,Male,99421.14,8285.09,Salaried,24,104010.95,48,699,2,0.3723,0,Bachelor,Rent,Single,Business,0,0.0,922.86,2588.32,0
41,Female,60977.2,5081.43,Salaried,5,235529.1,36,703,0,1.4739,1,High School,Mortgage,Married,Home,0,5521.59,3899.53,7489.76,0
69,Female,110557.09,9213.09,Salaried,38,79491.73,36,781,3,0.3764,2,High School,Mortgage,Divorced,Auto,0,19118.34,9262.94,2418.29,0
27,Female,118985.33,9915.44,Salaried,5,91314.54,24,572,1,0.4975,0,Master,Rent,Married,Business,0,1368.32,2095.67,4558.8,0
37,Female,100910.93,8409.24,Salaried,4,174015.81,60,772,1,0.4143,0,PhD,Own,Single,Home,0,14560.67,9892.28,3364.21,0
40,Female,73117.35,6093.11,Self-Employed,18,188268.41,24,708,0,1.4116,2,High School,Rent,Single,Home,0,29395.33,6108.26,8600.99,0
61,Female,134677.59,11223.13,Salaried,20,17377.36,48,750,3,0.1203,0,High School,Mortgage,Single,Auto,0,30048.81,12526.02,432.44,0
69,Male,97223.93,8101.99,Salaried,31,344940.17,24,850,1,1.5,2,High School,Rent,Single,Home,0,17152.97,11844.81,15287.96,0
40,Female,113175.94,9431.33,Salaried,6,401351.65,36,666,0,1.4339,0,Master,Rent,Married,Home,0,21942.1,5895.41,13523.12,1
42,Male,34311.82,2859.32,Self-Employed,8,14302.9,24,624,1,0.3153,0,High School,Own,Single,Auto,0,16285.41,10679.5,679.99,0
48,Male,63419.46,5284.96,Salaried,11,231484.71,24,629,1,1.5,0,High School,Own,Single,Home,0,39614.82,19988.36,11005.21,0
60,Male,98544.52,8212.04,Salaried,14,54607.14,24,841,0,0.2947,0,High School,Rent,Divorced,Auto,0,29758.93,16007.03,2420.22,0
69,Male,158433.1,13202.76,Salaried,27,427731.58,48,706,1,0.8338,2,Bachelor,Own,Married,Home,0,62654.2,29268.17,10644.12,0
27,Female,134217.27,11184.77,Salaried,4,92922.6,24,808,1,0.3779,0,Master,Rent,Single,Education,0,21999.94,9068.18,4118.39,0
21,Male,52827.61,4402.3,Salaried,0,16581.61,24,695,1,0.1996,4,High School,Own,Single,Auto,0,26851.33,10309.99,757.53,0
52,Male,6054.91,504.58,Student,0,4401.92,24,695,2,1.3623,0,Bachelor,Mortgage,Single,Education,0,4991.51,4589.57,201.1,1
33,Male,51592.95,4299.41,Self-Employed,6,75819.54,36,666,1,0.6414,3,High School,Rent,Single,Business,0,29831.82,6527.18,2554.66,0
50,Female,157638.77,13136.56,Self-Employed,19,68681.33,36,607,2,0.2056,0,Bachelor,Own,Married,Auto,0,57533.88,21560.58,2314.15,0
43,Male,7479.39,623.28,Unemployed,0,24013.25,36,636,0,1.2981,0,Bachelor,Mortgage,Single,Home,0,7368.43,4544.61,809.1,1
39,Female,91646.96,7637.25,Self-Employed,14,69050.7,60,679,1,0.2233,1,High School,Rent,Married,Education,1,12011.23,9056.98,1433.38,0
52,Female,49890.47,4157.54,Self-Employed,4,149948.38,24,760,4,1.5,0,High School,Rent,Single,Home,1,24244.02,4543.12,6645.8,0
50,Female,99891.23,8324.27,Salaried,11,344230.39,12,742,1,1.5,2,Master,Own,Divorced,Home,0,0.0,2246.91,30103.46,1
49,Female,74469.59,6205.8,Salaried,3,108563.39,24,705,0,0.7992,1,High School,Mortgage,Married,Home,0,20826.63,13999.46,4959.69,0
69,Male,155105.31,12925.44,Salaried,34,686419.39,36,694,0,1.5,2,Bachelor,Rent,Divorced,Home,0,58553.55,24073.01,21827.95,1
65,Male,190576.81,15881.4,Salaried,30,409955.75,48,757,1,0.6232,0,Bachelor,Rent,Single,Home,0,87430.91,18745.5,9627.82,0
49,Female,93412.11,7784.34,Salaried,28,46754.6,48,697,0,0.1495,1,High School,Rent,Married,Education,0,30100.27,12899.08,1163.49,0
50,Male,218369.79,18197.48,Salaried,26,833421.86,60,725,0,0.9507,1,Bachelor,Rent,Divorced,Home,0,16605.15,5621.74,17300.47,0
36,Male,220807.02,18400.58,Salaried,12,511919.77,48,660,2,0.7848,2,Master,Rent,Married,Home,0,93028.23,51927.38,13733.53,0
60,Female,193020.04,16085.0,Salaried,31,102823.19,60,715,0,0.1327,0,Bachelor,Mortgage,Single,Personal,0,73712.02,35695.92,2134.44,0
39,Male,55107.56,4592.3,Self-Employed,0,14099.22,36,581,1,0.1395,3,High School,Rent,Single,Auto,0,2474.89,2891.16,475.06,0
38,Female,148831.79,12402.65,Salaried,12,483476.95,60,635,0,0.887,4,Bachelor,Rent,Single,Home,0,71177.53,28742.73,11000.59,0
21,Male,76217.38,6351.45,Salaried,0,296044.9,36,557,2,1.5,3,Bachelor,Mortgage,Single,Home,0,42884.78,8602.71,10702.73,1
34,Female,119147.01,9928.92,Salaried,4,26195.85,12,656,0,0.2356,1,Bachelor,Rent,Married,Auto,0,32246.0,15339.57,2339.74,0
67,Female,186239.41,15519.95,Salaried,43,683586.71,48,658,0,1.1816,1,Bachelor,Mortgage,Married,Home,0,0.0,2156.41,18338.92,0
22,Female,27658.65,2304.89,Salaried,1,27382.04,48,650,0,0.3187,0,High School,Rent,Married,Business,0,17281.71,8936.05,734.59,0
48,Male,128393.13,10699.43,Self-Employed,5,98692.16,36,677,1,0.3282,3,Bachelor,Mortgage,Single,Auto,0,0.0,4047.04,3138.38,0
69,Female,223539.71,18628.31,Salaried,36,29833.83,12,753,3,0.1629,4,Bachelor,Mortgage,Single,Auto,0,66694.73,40975.75,2567.69,0
50,Female,154647.37,12887.28,Self-Employed,26,331114.84,60,556,0,0.6524,0,Bachelor,Rent,Single,Business,0,21937.19,6706.25,8408.14,0
58,Male,11448.94,954.08,Unemployed,0,6272.84,60,576,1,0.4382,0,Bachelor,Own,Married,Auto,1,12060.77,435.92,159.29,1
24,Male,72111.94,6009.33,Salaried,1,298226.35,24,690,1,1.5,3,High School,Mortgage,Married,Home,0,37746.91,18536.89,13624.39,0
21,Female,45631.95,3802.66,Self-Employed,0,14667.03,24,651,0,0.1834,0,Bachelor,Rent,Single,Auto,0,22070.88,9602.29,697.3,0
28,Female,179903.59,14991.97,Salaried,7,100856.17,12,693,0,0.5883,0,PhD,Own,Married,Education,0,7086.2,2769.79,8820.02,0
49,Male,90315.06,7526.26,Self-Employed,4,27286.9,24,735,0,0.1656,4,Bachelor,Own,Married,Education,0,33660.7,21414.94,1246.59,0
59,Female,160835.7,13402.98,Salaried,17,72134.06,48,653,0,0.1444,2,Bachelor,Mortgage,Divorced,Personal,1,45336.8,30027.53,1935.18,0
23,Male,60057.59,5004.8,Self-Employed,0,98035.62,36,574,0,0.7082,3,Bachelor,Rent,Single,Business,0,4663.0,6575.1,3544.22,0
52,Male,66055.03,5504.59,Salaried,1,106870.5,36,672,0,0.6174,0,PhD,Rent,Married,Home,0,27706.5,11833.13,3398.45,0
30,Female,3854.0,321.17,Unemployed,0,10663.85,48,558,0,0.6265,0,PhD,Mortgage,Single,Home,1,3429.29,3011.1,313.25,1
30,Female,53320.54,4443.38,Salaried,0,39583.82,24,735,2,0.5854,1,Bachelor,Rent,Single,Personal,0,16408.45,6281.54,1808.38,0
39,Female,53816.31,4484.69,Salaried,9,22130.94,36,667,3,0.3229,1,High School,Mortgage,Married,Personal,0,12860.18,8631.02,745.68,0
66,Female,205412.71,17117.73,Salaried,34,538256.73,60,753,0,0.6079,0,Master,Mortgage,Married,Home,0,87442.31,23328.64,10406.01,0
54,Male,137547.25,11462.27,Self-Employed,13,37413.67,24,623,0,0.1552,3,Bachelor,Mortgage,Single,Education,1,24604.35,5662.31,1778.71,0
53,Male,62018.45,5168.2,Salaried,11,13690.52,36,764,2,0.1705,3,Bachelor,Mortgage,Single,Auto,0,24250.69,6287.32,416.49,0
43,Male,9865.47,822.12,Student,0,3998.58,24,602,1,0.4042,0,Master,Own,Married,Auto,1,6097.18,3696.25,190.1,1
48,Female,149796.55,12483.05,Self-Employed,25,209265.41,36,631,0,0.5648,0,Bachelor,Own,Single,Home,0,41899.68,26949.98,7050.98,0
52,Female,55793.49,4649.46,Salaried,0,36554.75,48,675,1,0.2621,0,High School,Mortgage,Married,Education,1,5526.83,3002.23,909.67,0
27,Male,100507.88,8375.66,Salaried,6,56317.11,24,753,2,0.3591,1,Master,Rent,Married,Auto,0,3467.39,3136.46,2496.01,0
49,Male,113968.33,9497.36,Salaried,25,19349.98,24,763,4,0.2315,0,Bachelor,Mortgage,Married,Education,0,43285.97,11938.93,857.6,0
28,Male,9838.85,819.9,Student,0,24379.23,48,643,0,0.7977,1,Bachelor,Rent,Married,Home,0,7721.95,5671.42,654.03,0
21,Female,8596.08,716.34,Unemployed,0,6904.75,24,487,0,0.4812,1,High School,Rent,Married,Business,2,4122.48,4493.94,344.71,1
23,Male,44111.96,3676.0,Salaried,2,81735.66,60,683,2,0.5705,3,Bachelor,Mortgage,Married,Home,0,26067.35,5383.76,1696.7,0
44,Male,58725.06,4893.76,Salaried,12,39883.6,48,737,1,0.2449,0,High School,Mortgage,Married,Auto,0,7722.34,4864.3,992.51,0
43,Female,127443.72,10620.31,Self-Employed,8,13354.19,24,732,1,0.0836,1,Bachelor,Mortgage,Single,Auto,0,16630.82,5474.02,610.08,0
28,Female,85624.49,7135.37,Salaried,4,21885.67,48,725,1,0.1206,2,Bachelor,Rent,Single,Education,0,27744.94,15723.27,544.63,0
67,Female,162604.49,13550.37,Self-Employed,3,529480.03,24,629,0,1.5,1,Master,Own,Divorced,Home,1,33092.97,6424.2,25172.45,1
57,Female,229747.01,19145.58,Salaried,31,124467.06,24,677,0,0.297,4,Bachelor,Mortgage,Single,Auto,0,59583.45,21289.08,5686.25,0
23,Male,5439.45,453.29,Unemployed,0,2000.0,48,619,3,1.2055,1,Bachelor,Mortgage,Married,Personal,0,3608.98,3061.12,53.65,1
53,Female,106685.58,8890.46,Salaried,4,67408.45,36,742,0,0.2411,3,Bachelor,Rent,Married,Auto,0,38929.02,14758.01,2143.57,0
48,Female,111500.42,9291.7,Salaried,23,217536.33,48,707,0,0.5826,0,Bachelor,Mortgage,Married,Home,0,7184.81,5010.25,5413.4,0
67,Female,91840.32,7653.36,Salaried,43,194566.51,24,738,0,1.1614,1,High School,Rent,Single,Business,1,39371.98,21507.32,8888.72,0
28,Male,176770.61,14730.88,Salaried,7,120635.92,48,642,2,0.26,1,Master,Mortgage,Single,Education,0,42558.34,6475.42,3236.36,0
54,Male,94377.67,7864.81,Salaried,12,82404.91,36,581,1,0.3735,4,Bachelor,Own,Single,Auto,0,40090.67,8717.01,2776.55,0
55,Male,39391.41,3282.62,Self-Employed,3,80487.02,36,692,0,0.7797,0,High School,Mortgage,Single,Business,0,3408.2,1838.48,2559.47,0
52,Male,128917.93,10743.16,Salaried,19,25020.91,36,794,0,0.0709,0,High School,Mortgage,Divorced,Education,0,20356.68,4694.88,761.18,0
44,Female,55758.02,4646.5,Self-Employed,10,20194.32,60,703,3,0.3204,1,Bachelor,Mortgage,Married,Education,0,26933.28,14214.82,419.2,0
34,Male,55481.56,4623.46,Salaried,7,24098.33,36,684,0,0.1657,0,High School,Mortgage,Married,Auto,0,27780.26,10902.45,766.32,0
52,Male,2384.18,198.68,Unemployed,0,2000.0,36,578,2,1.3003,1,High School,Mortgage,Married,Education,0,2404.04,3517.67,72.3,1
66,Male,210861.06,17571.76,Salaried,45,105736.66,60,773,0,0.1163,4,Bachelor,Own,Single,Auto,0,11871.3,6377.47,2044.19,0
63,Male,151397.47,12616.46,Salaried,17,119612.44,48,686,0,0.2359,3,Master,Mortgage,Single,Auto,0,37793.07,5315.18,2976.56,0
36,Male,102536.19,8544.68,Salaried,3,302093.26,12,830,0,1.5,0,Bachelor,Rent,Single,Home,0,0.0,1659.84,26000.09,0
24,Male,72701.72,6058.48,Salaried,0,198812.59,24,687,1,1.5,0,High School,Mortgage,Married,Home,0,40871.02,7064.91,9082.7,0
57,Male,50984.44,4248.7,Salaried,0,68426.69,36,702,2,0.5607,1,High School,Rent,Married,Business,0,3932.16,4175.93,2175.95,0
41,Female,4854.0,404.5,Unemployed,0,3860.14,36,666,1,0.7536,1,Bachelor,Mortgage,Married,Personal,0,6871.49,2963.71,130.06,1
34,Female,96052.29,8004.36,Salaried,10,50732.43,60,708,1,0.145,2,High School,Mortgage,Married,Education,0,36217.56,18211.88,1053.12,0
51,Male,175621.83,14635.15,Salaried,28,49463.87,24,623,2,0.2091,2,Bachelor,Rent,Divorced,Auto,0,85581.76,33386.43,2351.6,0
68,Female,111669.36,9305.78,Self-Employed,28,417163.6,60,688,0,0.9306,1,High School,Rent,Single,Home,0,12965.43,6391.96,8659.63,0
38,Female,82628.96,6885.75,Salaried,5,55500.38,12,702,1,0.751,0,Master,Mortgage,Married,Education,0,12250.48,7593.46,4853.59,0
27,Female,47031.46,3919.29,Self-Employed,4,181151.45,60,662,0,1.0517,2,Bachelor,Own,Single,Home,0,0.0,3645.12,4121.75,0
30,Male,6614.05,551.17,Unemployed,0,4152.67,36,536,1,0.9081,0,High School,Own,Married,Education,0,7005.8,2250.25,150.13,1
27,Male,119253.44,9937.79,Self-Employed,4,171436.57,36,678,0,0.5486,0,Master,Mortgage,Single,Business,0,61493.7,35590.32,5451.64,0
53,Male,42642.37,3553.53,Salaried,9,12065.11,60,586,0,0.0773,2,High School,Own,Married,Personal,0,17390.0,10920.27,274.52,0
43,Male,50345.7,4195.47,Salaried,5,26510.1,60,706,1,0.1584,1,Bachelor,Mortgage,Single,Business,0,13394.09,2982.31,550.31,0
41,Male,80201.0,6683.42,Salaried,3,48872.91,36,728,2,0.3395,2,Master,Rent,Single,Personal,0,15607.65,11226.63,1554.15,0
39,Female,47300.26,3941.69,Salaried,3,99724.26,24,824,0,1.1213,0,Bachelor,Rent,Married,Home,0,17489.67,9880.04,4419.84,0
68,Male,51720.86,4310.07,Salaried,6,167381.03,36,755,0,1.1814,0,Bachelor,Rent,Single,Home,0,24313.1,15205.64,5092.06,0
39,Male,6441.66,536.8,Unemployed,0,2465.35,48,527,1,0.8641,0,Bachelor,Rent,Single,Education,0,7609.47,3919.54,72.42,1
56,Female,149367.84,12447.32,Salaried,32,30946.83,48,729,0,0.0619,1,High School,Mortgage,Married,Education,0,9585.92,2332.13,770.11,0
49,Male,76823.22,6401.94,Salaried,8,38261.08,12,625,1,0.583,0,High School,Mortgage,Married,Auto,0,23384.79,8996.05,3417.38,0
38,Female,137991.4,11499.28,Salaried,14,544150.46,24,729,2,1.5,2,Bachelor,Mortgage,Married,Home,0,20985.13,11251.87,24859.37,0
22,Female,57182.74,4765.23,Salaried,0,27521.89,36,702,0,0.1837,2,Bachelor,Mortgage,Married,Education,0,37710.75,19838.37,875.19,0
21,Female,25555.21,2129.6,Salaried,0,61727.21,60,613,0,0.6595,1,High School,Mortgage,Single,Home,0,8078.53,2960.22,1404.48,0
67,Female,6506.47,542.21,Unemployed,0,4432.35,36,549,0,0.2955,3,High School,Rent,Single,Education,1,6890.48,4045.86,160.24,1
25,Male,101746.4,8478.87,Salaried,4,219066.03,12,849,2,1.5,3,Master,Mortgage,Married,Home,0,46283.74,7328.38,18854.23,0
40,Female,11472.35,956.03,Unemployed,0,14793.39,24,576,2,1.1015,3,PhD,Mortgage,Single,Home,0,6043.02,4332.49,738.55,1
31,Female,48049.64,4004.14,Self-Employed,3,13480.42,60,653,2,0.1993,2,Bachelor,Rent,Divorced,Education,0,2214.89,1754.1,306.72,0
62,Female,12764.19,1063.68,Student,0,11993.93,36,709,0,0.3586,0,Master,Own,Single,Education,0,9530.47,6206.39,381.4,0
22,Male,69062.46,5755.21,Salaried,1,37381.32,12,652,1,0.5999,1,Bachelor,Mortgage,Married,Education,0,20254.16,4871.6,3338.8,0
23,Female,69140.23,5761.69,Salaried,1,204959.2,36,679,2,1.1836,2,High School,Rent,Divorced,Home,0,7008.96,3514.41,6517.65,0
43,Male,49745.39,4145.45,Salaried,0,29321.85,36,732,0,0.2249,0,High School,Mortgage,Married,Auto,0,11748.13,9193.51,932.43,0
32,Female,10205.02,850.42,Unemployed,0,40548.24,48,678,0,1.1865,2,High School,Rent,Married,Home,0,7526.63,4506.82,1009.04,1
40,Male,96684.84,8057.07,Self-Employed,0,101578.55,24,599,1,0.6168,1,Master,Mortgage,Married,Business,0,35221.33,20610.14,4829.23,0
25,Female,78461.78,6538.48,Salaried,4,41511.81,48,624,0,0.1703,0,Bachelor,Mortgage,Married,Personal,0,22803.8,15219.36,1113.66,0
57,Female,197600.65,16466.72,Salaried,20,127961.29,24,727,0,0.355,1,Bachelor,Own,Married,Education,0,37067.13,10600.52,5845.88,0
58,Male,88623.53,7385.29,Salaried,26,62311.66,36,805,1,0.2785,0,High School,Rent,Single,Auto,0,35756.19,10571.44,1895.64,0
50,Male,129224.7,10768.72,Salaried,8,47238.83,12,595,0,0.3918,0,Bachelor,Own,Married,Auto,1,471.95,1083.7,4219.24,0
29,Male,42527.45,3543.95,Salaried,0,18557.88,36,693,2,0.3856,3,Bachelor,Mortgage,Single,Personal,0,14998.11,5095.38,590.14,0
54,Female,90023.78,7501.98,Salaried,15,12437.01,24,768,1,0.0972,1,Master,Rent,Single,Auto,0,19371.88,7710.72,551.22,0
64,Female,110696.77,9224.73,Salaried,34,223441.82,48,827,3,0.6611,1,High School,Rent,Married,Home,0,16499.98,9912.74,5247.54,0
55,Female,182375.79,15197.98,Salaried,31,57349.48,60,784,1,0.0844,0,Bachelor,Rent,Single,Education,0,89945.45,29089.0,1108.73,0
42,Female,8085.33,673.78,Unemployed,0,6615.18,12,573,1,1.4611,1,High School,Mortgage,Married,Personal,0,5442.94,3862.63,606.48,1
64,Female,85285.39,7107.12,Self-Employed,28,41424.06,48,758,0,0.1369,0,Bachelor,Rent,Divorced,Education,0,7849.68,4549.62,972.85,0
44,Male,111296.82,9274.74,Self-Employed,6,293456.03,24,564,1,1.5,2,Bachelor,Mortgage,Divorced,Home,0,37666.53,22024.46,14650.53,0
37,Male,6299.26,524.94,Student,0,2319.89,24,735,1,0.5792,2,High School,Mortgage,Married,Education,0,4553.58,3438.44,105.98,0
30,Female,135347.08,11278.92,Salaried,6,15899.11,24,741,0,0.0644,3,Bachelor,Mortgage,Married,Education,0,72683.87,20890.43,726.35,0
50,Male,65016.8,5418.07,Salaried,14,16761.43,12,681,3,0.3427,0,High School,Mortgage,Single,Education,0,25498.61,5604.56,1465.81,0
66,Male,152289.01,12690.75,Self-Employed,25,77140.87,24,717,0,0.2777,1,Master,Mortgage,Married,Auto,0,54024.92,27851.46,3524.16,0
43,Male,45893.43,3824.45,Salaried,4,7927.41,48,677,0,0.0516,2,High School,Rent,Single,Personal,0,16356.77,10096.78,197.27,0
52,Male,232851.26,19404.27,Salaried,29,909075.38,48,684,0,1.1658,0,Bachelor,Mortgage,Single,Home,0,0.0,1330.95,22622.38,0
37,Female,102215.49,8517.96,Salaried,1,238167.77,60,733,2,0.6686,0,Master,Rent,Married,Home,0,35216.18,5743.75,4943.97,0
37,Male,100945.41,8412.12,Salaried,11,200937.58,12,728,0,1.5,2,Bachelor,Mortgage,Single,Home,0,42100.4,14186.32,17572.29,1
34,Female,86337.76,7194.81,Salaried,2,30057.64,24,678,3,0.3455,2,Bachelor,Mortgage,Single,Auto,0,16486.08,8530.39,1373.18,0
29,Male,133060.86,11088.4,Salaried,6,60156.22,48,694,1,0.1562,1,Bachelor,Rent,Married,Education,0,37532.7,18035.8,1496.99,0
60,Male,46883.71,3906.98,Salaried,4,37195.47,36,850,0,0.2896,0,High School,Mortgage,Single,Auto,0,26643.43,5874.26,1131.56,0
22,Male,51061.5,4255.12,Salaried,0,31258.49,36,704,0,0.2336,1,Bachelor,Rent,Single,Auto,0,5761.17,4857.18,994.01,0
65,Female,7954.91,662.91,Unemployed,0,4065.09,48,595,0,0.1645,0,Bachelor,Mortgage,Single,Education,0,7974.61,5150.01,109.06,0
45,Female,9916.75,826.4,Student,0,2000.0,36,677,1,0.3606,1,Master,Mortgage,Married,Auto,0,3562.79,4138.14,63.6,0
59,Female,110145.78,9178.82,Self-Employed,24,231915.32,12,516,0,1.5,1,Master,Rent,Married,Business,1,26539.06,8333.8,21261.99,1
29,Female,10219.37,851.61,Student,0,21043.88,48,679,0,0.6149,1,Bachelor,Mortgage,Married,Home,0,9616.7,4214.6,523.68,0
42,Female,86055.85,7171.32,Salaried,2,10962.33,12,664,2,0.2151,2,Bachelor,Own,Single,Auto,1,15275.34,4923.36,979.13,0
63,Female,253159.93,21096.66,Self-Employed,28,327265.85,36,592,1,0.5297,2,Master,Rent,Married,Business,0,0.0,1441.35,11026.88,0
66,Female,278170.83,23180.9,Salaried,37,269546.02,24,776,0,0.5154,1,Bachelor,Rent,Married,Business,0,14682.05,7254.39,11946.44,0
24,Female,46079.05,3839.92,Self-Employed,0,10836.51,24,663,0,0.1342,0,High School,Rent,Single,Personal,0,26429.04,18774.1,515.19,0
46,Male,133346.83,11112.24,Salaried,19,260725.17,24,720,1,1.0911,0,Bachelor,Rent,Married,Home,0,43222.24,13658.84,11911.16,0
49,Female,89700.36,7475.03,Self-Employed,14,68386.57,60,753,1,0.221,0,Master,Rent,Married,Personal,0,46436.46,21995.94,1322.1,0
65,Female,239685.85,19973.82,Salaried,35,792042.99,12,743,2,1.5,1,Bachelor,Mortgage,Married,Home,0,102434.16,58992.47,69265.33,0
54,Female,55628.49,4635.71,Salaried,6,76451.83,48,745,1,0.4884,4,Bachelor,Rent,Married,Home,0,13477.69,7607.67,1902.51,0
43,Male,131912.36,10992.7,Self-Employed,21,549994.07,24,641,1,1.5,1,High School,Rent,Single,Home,0,40279.23,6530.61,26147.72,1
57,Female,178185.07,14848.76,Self-Employed,17,114977.52,12,750,0,0.6772,0,PhD,Mortgage,Married,Education,0,59793.78,26601.94,10054.95,0
31,Female,72869.67,6072.47,Salaried,4,23998.48,36,646,0,0.1332,0,Bachelor,Rent,Married,Education,0,27550.57,13158.79,808.6,0
26,Male,72088.98,6007.42,Self-Employed,4,281903.68,24,649,0,1.5,0,Bachelor,Rent,Married,Home,1,9829.42,4542.48,13402.21,1
38,Female,89930.35,7494.2,Salaried,6,63094.81,24,691,0,0.3846,0,High School,Rent,Married,Education,0,10690.1,7978.7,2882.47,0
41,Male,106567.76,8880.65,Self-Employed,11,69724.19,24,685,1,0.3944,1,High School,Mortgage,Divorced,Auto,0,39160.96,14269.05,3185.33,0
62,Male,154690.24,12890.85,Salaried,10,227303.85,60,717,0,0.366,0,Bachelor,Mortgage,Married,Business,0,63048.66,30983.51,4718.45,0
56,Male,216861.69,18071.81,Self-Employed,11,83467.59,48,750,1,0.1229,0,PhD,Rent,Married,Auto,0,38562.72,4716.73,2077.09,0
61,Male,91658.72,7638.23,Salaried,25,43139.58,48,718,1,0.1859,0,Bachelor,Own,Married,Education,0,14369.87,4125.29,1073.53,0
58,Female,5863.62,488.64,Unemployed,0,13768.87,36,593,0,0.9279,2,High School,Mortgage,Single,Home,0,7477.84,3892.89,463.93,1
54,Male,127868.09,10655.67,Salaried,29,304421.76,24,692,1,1.3156,1,Bachelor,Mortgage,Married,Home,0,41581.1,14701.58,13907.43,0
37,Male,94254.38,7854.53,Salaried,14,30954.27,36,690,1,0.16,2,High School,Own,Married,Education,0,16845.82,5362.8,984.34,0
57,Male,63529.89,5294.16,Salaried,7,275340.69,36,729,0,1.5,0,High School,Rent,Single,Home,0,18345.98,11921.4,8755.76,0
45,Male,117232.64,9769.39,Salaried,10,82262.35,12,639,1,0.791,2,Bachelor,Mortgage,Single,Business,0,60722.49,35581.5,7347.45,0
58,Male,85466.82,7122.24,Salaried,17,174382.1,36,709,1,0.8112,1,Master,Mortgage,Single,Home,0,33926.85,16320.67,5545.3,0
32,Female,87234.76,7269.56,Self-Employed,9,45518.14,48,710,0,0.1558,0,High School,Rent,Single,Business,1,4755.04,5310.65,1132.72,0
43,Male,139396.98,11616.42,Salaried,7,326252.47,36,667,0,0.9463,0,Bachelor,Mortgage,Single,Home,0,13762.3,8570.32,10992.74,0
62,Female,145002.29,12083.52,Salaried,37,16728.53,24,794,0,0.0614,0,High School,Rent,Single,Education,0,15475.4,6474.93,741.42,0
42,Female,73004.62,6083.72,Salaried,2,42672.38,36,680,1,0.2515,1,High School,Mortgage,Married,Personal,0,38049.71,12705.67,1356.97,0
41,Male,86086.03,7173.84,Salaried,19,47464.22,36,698,1,0.238,0,High School,Rent,Single,Auto,0,30627.54,6907.15,1509.35,0
47,Female,56182.47,4681.87,Salaried,11,10747.34,12,741,3,0.4142,2,Bachelor,Mortgage,Single,Education,0,32576.93,7513.2,939.87,0
51,Male,11904.69,992.06,Unemployed,0,32463.05,24,772,0,1.4503,0,High School,Own,Married,Home,0,7775.59,3295.18,1438.78,1
26,Male,41912.41,3492.7,Salaried,0,23358.0,60,652,1,0.2459,1,Bachelor,Own,Single,Auto,0,5381.38,5349.73,531.47,0
47,Male,37409.81,3117.48,Salaried,2,96312.16,12,675,1,1.5,0,High School,Mortgage,Married,Home,0,17620.52,7322.25,8422.64,0
60,Male,48614.73,4051.23,Salaried,19,160567.14,24,810,0,1.5,1,High School,Rent,Married,Home,0,6718.16,6529.71,7116.43,0
54,Female,8249.58,687.46,Unemployed,0,2753.96,48,612,0,0.1075,3,High School,Own,Single,Personal,0,3580.36,5006.08,73.88,0
32,Female,112656.01,9388.0,Self-Employed,1,31139.57,12,661,2,0.3299,4,Master,Mortgage,Single,Education,0,42762.5,24804.39,2781.3,0
65,Male,7096.7,591.39,Student,0,3030.7,60,721,1,0.324,0,Bachelor,Rent,Single,Personal,0,5935.59,4660.93,62.91,0
27,Female,174798.39,14566.53,Salaried,5,138115.42,36,632,1,0.3303,0,Master,Mortgage,Single,Auto,0,92669.07,19448.66,4653.65,0
30,Male,11134.86,927.91,Unemployed,0,39270.54,24,564,1,1.5,2,Bachelor,Rent,Single,Home,0,10391.99,6573.94,1960.55,1
65,Female,84219.49,7018.29,Self-Employed,11,81441.28,12,567,0,1.0639,0,Bachelor,Mortgage,Single,Business,0,15554.28,12396.45,7466.54,1
37,Male,8588.65,715.72,Unemployed,0,12145.54,12,613,0,1.5,1,Bachelor,Rent,Single,Business,0,4488.23,3925.08,1084.81,1
46,Male,124681.47,10390.12,Salaried,21,46218.9,24,574,2,0.2837,4,High School,Rent,Married,Personal,0,46261.07,29624.04,2307.44,0
41,Male,103175.77,8597.98,Self-Employed,15,22878.73,36,734,0,0.0846,1,Bachelor,Mortgage,Single,Education,0,16007.16,11050.41,727.54,0
48,Male,117558.87,9796.57,Salaried,27,25674.44,12,743,0,0.2292,0,Bachelor,Own,Married,Auto,0,13666.29,4424.4,2245.27,0
66,Female,77131.37,6427.61,Salaried,9,13117.48,48,712,0,0.0508,2,Bachelor,Mortgage,Single,Personal,0,23635.29,6632.88,326.43,0
22,Female,99034.24,8252.85,Salaried,0,33256.87,48,734,0,0.1003,4,Bachelor,Rent,Married,Auto,0,1391.37,12.9,827.6,0
63,Male,187798.69,15649.89,Self-Employed,40,164570.13,24,764,2,0.4959,2,Bachelor,Rent,Single,Education,0,95435.41,33666.71,7293.85,0
21,Female,12153.38,1012.78,Student,0,3542.89,24,611,1,0.5004,1,PhD,Mortgage,Married,Auto,1,4503.77,3498.27,168.44,1
56,Female,131134.29,10927.86,Self-Employed,13,594069.53,36,621,4,1.5,3,Bachelor,Mortgage,Single,Home,0,19721.47,2656.47,20016.55,1
46,Female,106421.79,8868.48,Self-Employed,19,82509.96,24,689,0,0.425,4,Bachelor,Rent,Married,Personal,0,9776.83,3069.37,3769.45,0
49,Male,80720.74,6726.73,Self-Employed,13,43439.71,60,761,1,0.1423,3,Bachelor,Mortgage,Single,Education,0,29465.91,6619.15,839.81,0
41,Male,87609.97,7300.83,Self-Employed,3,25592.86,36,686,0,0.1115,1,PhD,Rent,Married,Auto,0,2437.85,3460.3,813.85,0
31,Female,44006.39,3667.2,Salaried,3,86706.72,48,671,0,0.5884,2,Bachelor,Rent,Single,Home,1,24995.95,7096.99,2157.7,0
60,Female,101138.62,8428.22,Salaried,33,392651.68,36,710,0,1.4815,2,Bachelor,Mortgage,Married,Home,0,13196.57,4778.65,12486.22,0
31,Male,51424.77,4285.4,Self-Employed,9,14512.8,48,637,0,0.0909,0,High School,Rent,Single,Education,0,29162.5,7161.28,389.34,0
56,Male,152913.55,12742.8,Salaried,17,173455.51,12,589,4,1.3258,1,Bachelor,Rent,Married,Business,0,11845.32,3500.87,15492.57,0
69,Male,75970.6,6330.88,Self-Employed,33,45382.81,48,781,0,0.1684,2,High School,Rent,Single,Auto,0,18568.31,10261.12,1065.82,0
59,Female,128947.82,10745.65,Self-Employed,17,17218.06,48,850,0,0.0376,3,Bachelor,Rent,Single,Auto,0,44085.6,28282.19,404.37,0
60,Female,190753.81,15896.15,Salaried,39,58118.61,24,649,3,0.2021,3,Master,Mortgage,Married,Education,0,57257.59,21269.5,2763.06,0
55,Male,7118.1,593.18,Unemployed,0,2000.0,12,597,1,0.8997,0,PhD,Mortgage,Divorced,Personal,0,8311.21,3445.01,178.63,1
54,Female,206251.84,17187.65,Salaried,30,89374.66,36,670,0,0.1752,1,Bachelor,Mortgage,Married,Personal,0,86736.6,46669.06,3011.39,0
67,Female,202219.02,16851.58,Salaried,41,124374.16,24,645,1,0.3729,1,Master,Own,Married,Education,0,39809.93,11720.65,5912.97,0
44,Female,74615.1,6217.92,Salaried,19,232036.18,36,703,1,1.2169,3,High School,Rent,Married,Home,0,10311.36,3397.27,7378.69,0
42,Female,9230.01,769.17,Unemployed,0,19412.18,48,626,0,0.6771,0,Master,Rent,Married,Home,0,4248.76,2476.85,520.78,1
25,Female,10463.38,871.95,Student,0,21445.36,48,667,0,0.6598,2,Bachelor,Rent,Single,Home,0,10148.14,4280.96,575.33,0
53,Male,60645.8,5053.82,Salaried,9,54638.82,36,694,1,0.3783,1,Bachelor,Mortgage,Single,Business,0,21898.7,13318.53,1737.5,0
56,Female,135880.66,11323.39,Salaried,2,37270.94,12,850,1,0.294,3,Master,Mortgage,Divorced,Auto,0,12952.47,10490.91,3207.78,0
67,Male,139939.02,11661.58,Salaried,20,561788.27,36,731,0,1.5,1,Master,Mortgage,Married,Home,0,52003.38,24361.85,17864.72,0
40,Male,49563.23,4130.27,Salaried,3,176521.71,48,693,0,1.0636,2,High School,Mortgage,Married,Home,0,26701.4,13478.58,4392.75,0
39,Male,76008.05,6334.0,Salaried,9,179284.11,36,622,3,1.1015,4,Bachelor,Rent,Married,Home,0,10294.94,5780.81,6040.79,0
55,Male,64688.14,5390.68,Salaried,6,21553.47,24,696,1,0.2091,2,High School,Mortgage,Single,Auto,0,11009.34,4941.55,984.66,0
63,Male,222229.37,18519.11,Self-Employed,21,101102.31,24,669,4,0.3145,0,Master,Mortgage,Single,Personal,0,848.8,1692.35,4806.59,0
37,Male,140747.37,11728.95,Self-Employed,11,150489.06,36,595,2,0.4664,0,Bachelor,Own,Married,Business,1,2236.64,3200.0,5070.57,0
65,Female,179187.41,14932.28,Salaried,38,115518.0,36,777,1,0.2511,2,High School,Mortgage,Single,Auto,0,75779.62,27889.37,3514.28,0
63,Male,95373.05,7947.75,Salaried,12,65455.32,36,681,0,0.2619,0,Bachelor,Rent,Single,Auto,1,16125.64,6105.49,2081.46,0
54,Female,159020.18,13251.68,Self-Employed,12,363527.3,60,657,0,0.6242,2,Bachelor,Own,Married,Home,1,14026.15,3283.03,8271.36,1
29,Male,83771.61,6980.97,Salaried,0,238881.86,48,726,0,0.8515,2,Bachelor,Own,Divorced,Home,0,12217.98,6397.95,5944.59,0
46,Female,71167.56,5930.63,Salaried,15,11779.26,24,686,2,0.1782,4,High School,Rent,Single,Education,0,0.0,1815.74,538.13,0
22,Female,69364.7,5780.39,Salaried,0,70826.26,24,714,2,0.6131,1,High School,Rent,Married,Business,0,40051.14,17280.47,3235.68,0
29,Male,87449.99,7287.5,Self-Employed,2,12024.18,60,597,2,0.0792,2,Bachelor,Rent,Single,Auto,0,16478.3,5921.32,273.59,0
29,Female,55348.44,4612.37,Salaried,4,203415.99,24,573,2,1.5,0,High School,Rent,Single,Home,0,7125.87,3090.25,10155.36,1
60,Female,85932.26,7161.02,Self-Employed,31,58187.93,60,701,0,0.1687,1,Bachelor,Mortgage,Divorced,Business,0,42085.68,17681.58,1207.89,0
37,Female,135143.38,11261.95,Salaried,12,154761.77,24,758,2,0.646,0,Bachelor,Rent,Married,Business,0,51367.05,17539.6,6859.14,0
21,Female,28867.4,2405.62,Salaried,0,9181.35,12,730,0,0.3338,2,High School,Rent,Single,Personal,0,14265.19,8458.35,802.92,0
45,Female,73413.53,6117.79,Self-Employed,6,19810.68,24,689,0,0.1479,2,Bachelor,Mortgage,Married,Personal,0,11362.21,3912.39,905.05,0
63,Female,219254.15,18271.18,Salaried,25,63000.77,60,738,4,0.1018,0,Bachelor,Own,Single,Personal,0,41475.05,6358.77,1307.79,0
60,Male,58969.18,4914.1,Salaried,5,229370.36,48,734,1,1.2338,0,Bachelor,Rent,Married,Home,0,28892.56,15440.88,5707.89,0
62,Male,136379.77,11364.98,Salaried,31,43711.71,36,578,1,0.1629,2,Bachelor,Rent,Single,Auto,0,45460.25,26191.63,1580.28,0
45,Female,120316.51,10026.38,Self-Employed,3,83631.64,48,680,0,0.2076,2,Bachelor,Rent,Married,Personal,0,17118.97,5135.12,2081.18,0
59,Male,118113.42,9842.78,Self-Employed,22,69604.3,36,660,1,0.2642,2,Bachelor,Mortgage,Married,Personal,0,0.0,2926.24,2345.24,0
55,Male,116014.5,9667.88,Salaried,10,180731.46,24,803,1,0.8603,4,Master,Mortgage,Single,Home,0,55107.43,23718.94,8010.13,0
23,Male,57397.73,4783.14,Self-Employed,0,18225.12,36,627,0,0.1284,3,High School,Rent,Divorced,Education,0,31677.2,18381.29,614.08,0
57,Male,135741.81,11311.82,Salaried,18,417083.02,24,729,0,1.5,1,PhD,Rent,Divorced,Home,0,47869.42,18363.77,19054.33,0
64,Female,256258.8,21354.9,Salaried,33,74975.02,48,654,0,0.0942,0,Bachelor,Rent,Single,Personal,1,82699.68,35810.48,2011.39,0
64,Male,210806.16,17567.18,Salaried,43,117445.75,24,784,0,0.2963,1,Master,Rent,Married,Auto,0,54326.84,29599.39,5205.27,0
50,Male,104140.8,8678.4,Salaried,2,187394.47,36,712,1,0.7033,2,Bachelor,Mortgage,Married,Home,0,54092.98,33353.0,5959.09,0
58,Female,129956.37,10829.7,Salaried,30,62450.3,12,724,3,0.5959,1,Bachelor,Mortgage,Married,Personal,0,45566.68,10681.55,5461.37,0
54,Female,164378.95,13698.25,Salaried,28,460377.68,12,850,0,1.5,2,Master,Rent,Divorced,Home,0,0.0,2633.01,39623.06,0
32,Male,33450.76,2787.56,Salaried,5,3192.67,24,701,1,0.1065,0,High School,Own,Married,Auto,0,0.0,1957.96,145.86,0
39,Male,34681.96,2890.16,Salaried,3,44290.62,24,820,0,0.6792,3,High School,Mortgage,Married,Home,0,24860.36,17080.16,1962.99,0
57,Female,7219.67,601.64,Unemployed,0,3985.77,48,487,0,0.1946,2,High School,Rent,Married,Auto,1,6520.65,3453.47,117.08,1
64,Female,296131.88,24677.66,Salaried,30,348882.89,24,755,0,0.6266,0,PhD,Mortgage,Married,Business,0,76526.73,18724.99,15462.7,0
69,Male,221061.71,18421.81,Salaried,31,151488.52,36,768,0,0.2502,0,Bachelor,Rent,Married,Education,1,9312.04,5787.95,4608.57,0
37,Male,53780.66,4481.72,Salaried,7,52666.54,36,616,0,0.396,0,Bachelor,Rent,Single,Business,0,18904.67,11303.6,1774.54,0
30,Male,71916.62,5993.05,Salaried,3,19465.07,24,692,3,0.2786,2,Bachelor,Rent,Married,Auto,0,32659.61,13444.18,889.26,0
69,Male,96621.92,8051.83,Self-Employed,21,38332.09,12,651,0,0.4252,2,Bachelor,Rent,Married,Personal,0,0.0,2195.58,3423.72,0
67,Male,69488.08,5790.67,Salaried,2,66085.38,36,716,2,0.4372,1,Bachelor,Rent,Married,Business,0,31538.31,8325.02,2101.5,0
32,Female,82013.44,6834.45,Salaried,7,192014.09,36,650,0,0.9466,0,Bachelor,Mortgage,Married,Home,1,18429.57,4729.94,6469.71,0
36,Male,126433.41,10536.12,Self-Employed,12,120657.72,12,618,1,1.0397,0,Master,Mortgage,Single,Business,0,26591.72,13623.31,10776.82,1
44,Female,69628.48,5802.37,Salaried,18,42428.44,60,651,2,0.2175,1,High School,Mortgage,Single,Personal,0,17728.25,6457.84,965.38,0
39,Male,98590.29,8215.86,Salaried,14,74406.41,12,570,0,0.8303,0,High School,Mortgage,Married,Education,0,38841.82,9730.9,6821.58,0
28,Female,110642.68,9220.22,Self-Employed,6,45898.08,48,635,0,0.1335,1,Bachelor,Mortgage,Married,Auto,0,7126.89,4166.33,1231.33,0
51,Female,78256.64,6521.39,Salaried,6,34033.46,48,733,3,0.2238,0,Bachelor,Mortgage,Married,Auto,0,26198.67,6469.36,846.92,0
41,Male,52365.54,4363.8,Salaried,2,14449.49,48,721,2,0.251,0,Bachelor,Rent,Married,Education,0,0.0,2200.21,359.58,0
37,Female,103864.6,8655.38,Salaried,9,41505.4,12,535,1,0.4608,2,Bachelor,Mortgage,Divorced,Education,1,50115.03,12895.68,3805.21,0
43,Male,113507.81,9458.98,Self-Employed,15,13254.31,36,587,0,0.0472,3,High School,Rent,Single,Education,0,50185.92,31081.5,446.59,0
57,Female,102887.29,8573.94,Self-Employed,30,78538.42,24,737,1,0.4322,0,Bachelor,Mortgage,Divorced,Auto,0,15643.88,10116.3,3588.01,0
36,Female,101495.42,8457.95,Salaried,2,59976.9,36,602,2,0.333,2,Bachelor,Rent,Single,Education,0,307.21,217.86,2020.86,0
26,Male,57167.71,4763.98,Salaried,1,89088.97,24,730,1,0.8814,0,High School,Rent,Married,Home,0,27072.15,9674.99,4070.01,0
28,Male,94707.34,7892.28,Self-Employed,4,362289.13,12,714,1,1.5,1,Bachelor,Rent,Married,Home,0,22526.79,13028.82,31682.72,1
45,Male,150639.0,12553.25,Salaried,10,433558.66,24,773,0,1.5,3,Bachelor,Mortgage,Single,Home,0,75467.1,30532.97,19215.58,0
38,Female,135402.47,11283.54,Salaried,6,18424.28,60,554,1,0.0564,0,Bachelor,Mortgage,Single,Education,0,18332.47,3668.02,467.86,0
45,Male,47605.74,3967.14,Salaried,7,16897.57,24,752,0,0.1888,0,High School,Mortgage,Single,Personal,0,24637.62,6403.89,748.91,0
32,Male,130847.7,10903.98,Self-Employed,0,256898.55,24,662,0,1.1201,0,Master,Rent,Married,Home,0,0.0,1201.52,12213.43,1
35,Male,121046.32,10087.19,Salaried,11,124040.26,48,643,0,0.3299,1,Bachelor,Own,Single,Business,1,50269.63,17531.93,3327.69,0
46,Male,76343.03,6361.92,Salaried,17,64108.01,24,716,0,0.4604,2,High School,Rent,Divorced,Auto,0,29544.39,15341.69,2928.76,0
61,Female,220302.43,18358.54,Self-Employed,38,72079.53,36,682,2,0.1554,0,Bachelor,Own,Single,Education,0,48833.35,28277.28,2292.11,0
65,Male,378551.36,31545.95,Salaried,40,812450.06,48,590,0,0.6909,0,Master,Mortgage,Divorced,Home,0,171665.54,92457.52,21796.0,0
46,Female,131176.92,10931.41,Salaried,18,44561.79,24,594,0,0.1938,3,Bachelor,Rent,Single,Auto,0,64384.68,20171.62,2118.55,0
67,Male,218892.14,18241.01,Self-Employed,13,90621.65,24,636,0,0.2362,1,Master,Rent,Single,Auto,0,106198.25,47597.21,4308.32,0
52,Male,109717.17,9143.1,Salaried,23,48297.09,24,761,0,0.2341,1,High School,Rent,Single,Auto,0,27749.94,11882.74,2140.56,0
30,Female,133675.66,11139.64,Salaried,9,21252.38,48,719,0,0.0475,3,Master,Own,Divorced,Personal,0,37189.87,22294.95,528.87,0
36,Female,92677.81,7723.15,Salaried,2,67241.33,60,686,4,0.2416,0,Bachelor,Own,Married,Education,0,9199.97,5944.84,1395.82,0
27,Female,61742.3,5145.19,Salaried,3,36114.41,12,596,0,0.6269,3,High School,Rent,Single,Auto,0,10805.18,3025.91,3225.64,0
37,Male,107838.59,8986.55,Salaried,14,80030.34,36,614,0,0.3001,4,Bachelor,Rent,Single,Personal,0,30285.54,13004.32,2696.54,0
43,Male,239053.58,19921.13,Self-Employed,20,205481.72,24,636,1,0.4961,0,PhD,Rent,Single,Education,1,0.0,0.0,9768.98,1
46,Female,162438.57,13536.55,Self-Employed,20,277036.46,24,768,1,0.9325,1,Bachelor,Rent,Married,Home,0,2369.6,3411.8,12278.42,0
41,Male,112464.77,9372.06,Salaried,3,99063.86,36,632,0,0.3561,1,Bachelor,Own,Single,Auto,0,17864.49,4201.0,3337.85,0
42,Male,59520.47,4960.04,Salaried,12,17095.19,36,623,0,0.1161,3,High School,Own,Married,Personal,0,2982.87,2934.67,576.0,0
27,Female,44774.37,3731.2,Salaried,4,25350.76,36,695,2,0.4066,0,Bachelor,Mortgage,Married,Education,0,12000.25,7748.02,806.15,0
34,Female,7512.18,626.02,Unemployed,0,2756.94,48,650,1,0.5914,2,High School,Rent,Divorced,Education,0,2303.71,1494.13,73.96,1
35,Female,6892.84,574.4,Unemployed,0,2424.88,12,565,0,0.387,4,High School,Mortgage,Married,Education,0,6289.19,2817.93,222.31,1
27,Female,51540.49,4295.04,Salaried,6,32706.39,48,749,2,0.2906,2,Bachelor,Rent,Single,Business,0,19275.1,13811.51,813.9,0
29,Female,113250.64,9437.55,Salaried,0,18467.5,48,664,1,0.0942,3,Master,Own,Divorced,Auto,0,27688.06,7343.05,495.44,0
68,Male,147022.84,12251.9,Salaried,9,98983.39,36,707,0,0.2569,2,Bachelor,Mortgage,Single,Education,0,33248.56,19086.72,3147.65,0
28,Male,6022.32,501.86,Unemployed,0,2000.0,24,505,0,0.199,3,High School,Rent,Married,Personal,0,3128.83,3176.89,99.85,0
43,Female,150590.9,12549.24,Salaried,11,109317.96,36,733,1,0.3024,0,Bachelor,Rent,Married,Education,0,51080.34,14440.62,3476.28,0
49,Female,157572.16,13131.01,Salaried,5,97111.22,36,622,4,0.3137,2,Master,Own,Single,Auto,0,50343.94,27667.11,3272.06,0
38,Male,71465.36,5955.45,Salaried,11,212593.74,48,574,1,1.0683,2,Bachelor,Mortgage,Single,Home,1,9326.8,8852.27,6244.94,1
51,Male,142888.06,11907.34,Salaried,12,109317.3,48,700,0,0.2285,1,Bachelor,Rent,Single,Business,0,49195.02,25620.79,2720.37,0
50,Male,228758.87,19063.24,Salaried,20,76290.86,24,642,0,0.1903,0,PhD,Rent,Single,Personal,0,99200.28,15611.56,3627.01,0
59,Female,229817.82,19151.48,Salaried,29,526692.11,36,672,0,0.8745,1,Bachelor,Rent,Single,Home,0,61360.71,8949.21,16748.67,0
55,Male,46880.98,3906.75,Salaried,9,100296.85,48,770,0,0.6029,0,High School,Rent,Single,Home,0,6831.9,5828.04,2355.47,0
38,Male,54379.04,4531.59,Salaried,4,170537.97,36,712,1,1.2806,0,Bachelor,Rent,Single,Home,0,10338.33,2341.87,5423.06,0
62,Female,226090.52,18840.88,Salaried,36,795256.17,36,782,0,1.2841,0,PhD,Mortgage,Married,Home,0,0.0,2244.28,24193.23,0
59,Female,53724.16,4477.01,Salaried,7,31750.52,60,724,0,0.1472,4,Bachelor,Mortgage,Married,Education,0,8823.07,3152.86,659.09,0
37,Male,5200.8,433.4,Unemployed,0,2000.0,48,433,0,0.1175,0,High School,Mortgage,Married,Auto,2,5979.58,4779.89,58.75,1
34,Female,89263.01,7438.58,Self-Employed,13,166037.13,24,633,1,1.1113,2,Bachelor,Rent,Married,Home,0,27124.42,15355.11,7893.71,1
51,Female,112694.46,9391.2,Self-Employed,16,184808.68,36,724,0,0.6258,0,Bachelor,Rent,Married,Home,0,21199.78,12435.76,5876.87,0
44,Male,130001.92,10833.49,Salaried,2,50894.51,36,764,0,0.1429,1,PhD,Mortgage,Divorced,Education,0,49769.17,26590.35,1548.31,0
55,Male,87037.27,7253.11,Self-Employed,20,207742.89,36,722,2,0.9656,1,Bachelor,Mortgage,Married,Home,0,15227.95,8500.4,6606.17,0
64,Male,134324.87,11193.74,Salaried,15,231123.89,24,755,0,0.9151,1,Bachelor,Own,Married,Home,1,2389.43,2000.88,10243.55,0
65,Male,162079.1,13506.59,Salaried,31,518751.94,60,772,1,0.7531,2,Master,Mortgage,Single,Home,0,10964.42,8062.51,10028.93,0
54,Female,95155.09,7929.59,Salaried,26,302957.08,60,823,0,0.7386,2,Bachelor,Rent,Married,Home,0,25390.48,8311.15,5857.01,0
23,Male,65275.8,5439.65,Salaried,2,37823.86,24,662,1,0.3815,2,High School,Mortgage,Married,Education,0,19847.64,12964.28,1798.22,0
57,Female,62728.23,5227.35,Salaried,5,35084.92,60,710,2,0.2653,1,Master,Mortgage,Married,Education,0,565.77,2574.54,728.31,0
63,Male,171936.46,14328.04,Salaried,41,118882.98,36,761,1,0.2782,2,Bachelor,Rent,Married,Auto,0,10949.21,5282.82,3616.65,0
60,Male,77328.39,6444.03,Salaried,15,243288.92,36,659,0,1.2721,1,Bachelor,Own,Single,Home,0,13435.32,10371.69,8197.37,0
46,Female,153489.99,12790.83,Salaried,12,106978.76,24,759,0,0.3707,0,Bachelor,Mortgage,Single,Auto,0,56633.65,13721.48,4741.36,0
43,Male,71520.75,5960.06,Self-Employed,2,7815.93,12,618,0,0.1171,3,High School,Own,Divorced,Auto,0,31078.85,20379.67,698.1,0
64,Male,143494.84,11957.9,Salaried,39,40966.9,24,731,2,0.2082,3,Master,Own,Married,Personal,0,50801.16,23811.24,1871.56,0
59,Male,7504.51,625.38,Unemployed,0,4545.03,48,478,1,0.7245,0,Bachelor,Rent,Single,Auto,1,7742.87,4204.57,133.51,1
35,Male,66809.87,5567.49,Salaried,3,145252.84,36,649,0,0.8791,3,Bachelor,Mortgage,Single,Home,0,32716.38,11520.78,4894.14,0
69,Female,88645.83,7387.15,Salaried,39,51335.72,60,692,1,0.186,2,High School,Mortgage,Married,Business,0,0.0,1205.57,1065.65,0
24,Male,5115.39,426.28,Unemployed,0,14894.66,36,546,1,1.3068,1,Bachelor,Mortgage,Married,Home,1,7053.7,4898.11,538.48,1
49,Female,163170.03,13597.5,Salaried,6,87238.43,12,732,0,0.5611,0,Master,Rent,Married,Auto,0,1139.04,2532.01,7629.13,0
42,Female,58574.81,4881.23,Self-Employed,10,19373.4,24,648,2,0.2654,4,Bachelor,Own,Single,Auto,0,9260.08,2346.77,921.05,0
45,Male,202089.08,16840.76,Salaried,19,39539.21,12,609,4,0.2764,2,Master,Own,Single,Education,0,66982.33,25281.81,3531.53,0
33,Male,114482.98,9540.25,Salaried,2,171406.51,48,680,1,0.4659,0,Bachelor,Mortgage,Single,Home,0,37208.89,6418.31,4265.46,0
38,Male,88169.24,7347.44,Salaried,6,45815.26,36,653,0,0.2101,1,Bachelor,Rent,Married,Auto,0,6362.74,1771.6,1543.7,0
53,Female,11015.14,917.93,Unemployed,0,3596.01,24,661,2,0.7953,1,Bachelor,Mortgage,Single,Auto,0,8088.24,1243.02,170.96,1
36,Male,196952.06,16412.67,Salaried,10,138297.48,24,684,1,0.4087,1,Master,Mortgage,Single,Education,1,74855.12,17572.69,6318.08,0
65,Female,136480.28,11373.36,Salaried,16,19470.68,60,773,1,0.0589,1,Bachelor,Mortgage,Married,Education,0,0.0,1437.97,376.42,0
62,Male,140508.56,11709.05,Self-Employed,24,479783.74,12,644,0,1.5,1,Bachelor,Rent,Married,Home,0,45511.38,26918.7,42852.98,1
64,Female,181936.56,15161.38,Salaried,24,131801.08,12,787,0,0.7482,2,Bachelor,Rent,Single,Education,0,91725.88,30913.12,11343.65,0
22,Male,11162.23,930.19,Unemployed,0,4658.29,24,599,1,0.4851,3,High School,Mortgage,Married,Auto,0,5435.54,3894.61,221.46,0
55,Female,116823.5,9735.29,Salaried,8,247437.2,36,760,2,0.8021,4,Bachelor,Rent,Divorced,Home,0,6128.7,3540.86,7527.52,0
62,Male,188045.9,15670.49,Salaried,28,64299.72,60,691,1,0.0981,2,PhD,Mortgage,Divorced,Auto,0,73936.38,37602.25,1334.76,0
54,Male,102964.35,8580.36,Salaried,14,57079.2,60,699,4,0.1954,3,High School,Rent,Married,Auto,0,19310.21,11206.72,1184.87,0
50,Male,124831.87,10402.66,Salaried,18,50786.18,12,694,0,0.4269,3,High School,Own,Married,Auto,0,61906.13,23452.55,4441.33,0
33,Male,56437.04,4703.09,Self-Employed,6,22541.15,48,619,1,0.1967,0,High School,Own,Single,Personal,1,18745.97,5041.51,604.72,0
33,Female,97004.76,8083.73,Salaried,2,52600.44,60,636,0,0.1481,3,Bachelor,Rent,Married,Personal,0,24398.1,5007.33,1196.82,0
38,Male,97743.97,8145.33,Salaried,7,227867.56,48,610,2,0.817,0,Bachelor,Rent,Married,Home,0,16568.06,7256.88,6113.12,0
52,Male,6120.09,510.01,Student,0,4239.81,36,628,1,0.7581,0,High School,Mortgage,Married,Auto,0,2850.28,3736.65,142.86,1
52,Female,94332.46,7861.04,Salaried,12,296020.42,24,694,0,1.5,1,Bachelor,Rent,Married,Home,0,34014.57,20056.43,13523.62,0
55,Male,79659.55,6638.3,Self-Employed,15,307947.08,60,581,0,1.0555,1,Bachelor,Rent,Married,Home,0,24443.48,4900.12,7006.74,1
59,Female,95059.44,7921.62,Self-Employed,2,237714.7,36,754,3,1.0636,1,Bachelor,Mortgage,Divorced,Home,0,16945.25,5436.8,7231.74,0
66,Female,178545.63,14878.8,Self-Employed,30,95207.99,24,780,1,0.2907,2,Bachelor,Own,Single,Business,0,82879.31,17462.74,4219.68,0
49,Male,2335.34,194.61,Unemployed,0,2172.35,24,569,1,0.4823,0,Bachelor,Rent,Single,Business,0,1972.1,1227.08,108.45,1
69,Female,42120.52,3510.04,Salaried,0,11296.66,36,785,2,0.2165,4,Bachelor,Rent,Married,Education,0,8508.13,3120.86,343.67,0
49,Male,41082.79,3423.57,Self-Employed,2,6243.76,36,635,0,0.0615,1,High School,Mortgage,Single,Auto,0,28147.08,7417.73,210.38,0
64,Male,99588.76,8299.06,Salaried,15,355065.41,12,656,2,1.5,3,High School,Mortgage,Married,Home,0,40269.79,15946.19,31713.48,1
36,Female,47012.71,3917.73,Self-Employed,0,138548.31,36,699,1,1.2164,0,Bachelor,Rent,Single,Home,0,29254.83,6677.62,4405.8,1
64,Female,80344.25,6695.35,Salaried,13,138867.23,36,805,1,0.6699,1,Bachelor,Mortgage,Married,Home,0,777.43,1475.95,4224.61,0
67,Male,11076.26,923.02,Unemployed,0,7811.01,36,627,1,0.4736,1,Bachelor,Rent,Married,Auto,0,2344.48,4174.56,263.18,0
30,Female,7461.38,621.78,Unemployed,0,2000.0,48,627,1,0.3185,2,High School,Mortgage,Single,Education,1,7444.39,4578.12,53.65,1
50,Male,121051.76,10087.65,Salaried,29,41606.59,12,523,1,0.4028,0,High School,Mortgage,Single,Education,2,26520.04,8804.77,3814.49,1
45,Male,118515.0,9876.25,Salaried,6,63550.23,12,643,2,0.6545,1,Master,Mortgage,Single,Education,0,53988.29,12160.95,5676.13,0
59,Female,112767.71,9397.31,Self-Employed,22,67305.0,12,720,1,0.656,0,Bachelor,Mortgage,Single,Auto,0,6544.33,4733.53,5885.92,0
40,Male,60679.55,5056.63,Salaried,2,41589.17,36,756,1,0.2752,1,Bachelor,Mortgage,Married,Auto,0,0.0,2675.03,1265.22,0
25,Male,126349.47,10529.12,Salaried,4,203026.42,24,670,0,0.9167,4,Master,Mortgage,Married,Business,0,32722.53,13479.28,9652.25,0
21,Female,72823.15,6068.6,Salaried,0,26802.29,36,632,4,0.3528,0,Bachelor,Rent,Single,Education,0,6173.95,5189.41,903.08,0
50,Female,124618.57,10384.88,Salaried,21,100562.37,36,732,0,0.3079,2,Bachelor,Mortgage,Married,Personal,0,0.0,1795.0,3197.86,0
69,Male,143326.22,11943.85,Salaried,15,451619.84,12,741,1,1.5,2,Bachelor,Rent,Single,Home,0,0.0,736.22,39494.82,0
23,Female,45207.71,3767.31,Salaried,0,20854.29,24,626,1,0.346,0,High School,Mortgage,Married,Personal,0,5537.83,5096.78,991.45,0
65,Female,48305.73,4025.48,Salaried,5,17219.32,12,622,3,0.515,0,Bachelor,Mortgage,Single,Education,0,12758.51,11132.68,1537.98,0
34,Female,104494.25,8707.85,Salaried,1,212882.65,36,651,3,0.906,0,Bachelor,Mortgage,Married,Home,0,54548.98,14645.91,7172.86,0
50,Female,130126.15,10843.85,Salaried,28,220890.5,36,724,0,0.6478,0,Bachelor,Rent,Married,Home,0,54408.87,21790.9,7024.26,0
24,Male,108480.13,9040.01,Salaried,0,354237.94,12,654,2,1.5,0,Bachelor,Rent,Married,Home,0,30027.27,15269.6,31639.57,0
38,Male,153130.95,12760.91,Salaried,12,62377.91,48,775,0,0.1148,0,Bachelor,Mortgage,Married,Auto,0,25340.45,9824.62,1464.95,0
57,Male,38163.64,3180.3,Salaried,1,16313.19,24,763,0,0.2273,0,High School,Rent,Divorced,Auto,0,12584.88,1663.82,723.01,0
45,Female,105513.91,8792.83,Salaried,11,51013.5,24,621,1,0.3169,2,High School,Rent,Divorced,Auto,0,52677.28,28121.82,2425.27,0
68,Female,10535.61,877.97,Unemployed,0,3602.21,36,595,0,0.1382,2,High School,Own,Married,Auto,1,6350.05,3927.56,121.37,1
21,Female,74250.82,6187.57,Salaried,0,55246.02,24,540,0,0.4458,2,High School,Rent,Single,Personal,2,3507.33,2478.06,2758.11,1
66,Female,197895.34,16491.28,Salaried,31,803871.66,60,685,0,1.0119,1,Bachelor,Rent,Divorced,Home,0,100427.62,25523.54,16687.05,0
35,Male,120181.05,10015.09,Salaried,3,63677.75,60,567,0,0.1615,0,Bachelor,Own,Single,Personal,0,51214.89,21353.23,1617.0,0
29,Male,78546.15,6545.51,Self-Employed,8,101082.03,12,691,4,1.5,1,High School,Rent,Married,Business,0,0.0,1784.36,8839.77,1
35,Male,151770.46,12647.54,Salaried,3,256431.24,24,670,0,0.9639,0,Master,Rent,Married,Home,0,35612.66,23758.44,12191.21,0
69,Male,8104.29,675.36,Unemployed,0,3501.06,48,747,0,0.129,1,Master,Mortgage,Divorced,Auto,0,7342.27,3161.42,87.12,0
44,Male,201513.59,16792.8,Salaried,22,160095.89,36,603,0,0.3212,3,Bachelor,Own,Divorced,Education,1,0.0,2622.85,5394.26,0
24,Male,76356.52,6363.04,Salaried,0,92881.63,48,596,0,0.3916,0,Bachelor,Mortgage,Single,Business,0,16869.05,9267.99,2491.78,0
32,Female,12365.69,1030.47,Student,0,2000.0,36,638,0,0.0654,1,Bachelor,Own,Married,Personal,0,9178.83,6487.11,67.39,0
57,Female,161533.49,13461.12,Salaried,32,166587.38,24,665,0,0.5884,2,High School,Rent,Single,Education,0,65934.12,31396.08,7919.87,0
57,Female,6223.9,518.66,Unemployed,0,3280.38,48,577,0,0.1858,2,Master,Rent,Single,Business,0,7176.18,5520.9,96.36,1
63,Female,2264.02,188.67,Unemployed,0,3222.59,24,586,2,1.2002,0,High School,Mortgage,Married,Business,0,1318.48,1482.03,153.21,1
26,Male,3130.47,260.87,Unemployed,0,2000.0,12,594,0,0.3573,0,Master,Mortgage,Single,Personal,1,2759.0,1901.8,178.63,1
59,Female,128056.3,10671.36,Self-Employed,4,377156.25,48,678,0,0.8795,3,Bachelor,Mortgage,Married,Home,0,66188.94,23232.43,9385.55,0
66,Female,123588.23,10299.02,Salaried,5,32169.54,60,705,2,0.0882,0,Bachelor,Mortgage,Divorced,Education,0,45191.31,19795.11,667.79,0
44,Female,135711.61,11309.3,Salaried,21,41250.14,36,600,0,0.1229,1,Bachelor,Own,Married,Auto,1,42330.22,8607.59,1389.88,0
31,Male,127098.25,10591.52,Salaried,4,95665.33,48,630,1,0.2564,3,Bachelor,Mortgage,Single,Personal,1,8370.13,6189.6,2566.46,0
33,Male,6856.06,571.34,Student,0,35351.21,36,555,1,1.5,3,High School,Own,Married,Home,0,7893.67,7038.66,1278.03,1
54,Male,78814.66,6567.89,Salaried,18,11239.52,36,723,0,0.0544,0,Bachelor,Mortgage,Divorced,Personal,0,24556.33,15531.03,357.41,0
45,Female,115651.21,9637.6,Salaried,10,420712.46,36,768,0,1.328,0,Bachelor,Mortgage,Married,Home,0,0.0,3767.2,12798.89,0
27,Female,82037.19,6836.43,Self-Employed,6,45996.48,36,610,0,0.2267,0,Bachelor,Rent,Married,Personal,0,45882.28,20243.44,1549.8,0
24,Female,43668.02,3639.0,Salaried,1,130339.73,12,505,2,1.5,1,High School,Mortgage,Divorced,Home,1,25217.24,12739.82,11949.55,1
28,Male,114776.13,9564.68,Salaried,6,362545.56,24,617,0,1.5,1,Bachelor,Mortgage,Single,Home,0,27131.46,6174.34,17236.08,1
40,Female,3500.13,291.68,Unemployed,0,2777.07,12,556,1,0.9871,4,Master,Mortgage,Divorced,Education,0,3526.47,1264.41,254.6,1
49,Female,118895.76,9907.98,Salaried,6,63812.93,12,738,0,0.5632,1,Bachelor,Mortgage,Divorced,Auto,0,34697.54,20603.82,5580.53,0
65,Male,105712.3,8809.36,Salaried,16,52614.77,36,688,1,0.2185,1,Bachelor,Mortgage,Divorced,Personal,0,23055.05,5954.81,1673.14,0
66,Male,505490.77,42124.23,Salaried,43,522112.06,24,822,2,0.5563,1,PhD,Own,Single,Business,0,80132.17,43471.19,23140.33,0
30,Female,113860.91,9488.41,Salaried,4,70485.58,24,527,1,0.4004,0,Bachelor,Mortgage,Divorced,Auto,0,62053.04,31204.63,3518.93,0
63,Male,216636.25,18053.02,Salaried,38,80114.12,48,628,4,0.1579,0,Bachelor,Rent,Married,Education,1,28754.32,5439.62,2149.26,0
54,Female,75862.41,6321.87,Salaried,1,241346.32,12,761,0,1.5,0,Master,Mortgage,Married,Home,0,22369.44,7243.23,20771.82,0
46,Female,161663.34,13471.94,Salaried,12,417347.44,48,710,0,0.7709,2,Bachelor,Rent,Married,Home,0,13932.68,3799.48,10385.71,0
61,Female,51159.36,4263.28,Salaried,23,27063.29,48,770,1,0.1899,1,High School,Mortgage,Single,Personal,0,7019.07,4768.78,635.58,0
69,Female,94035.47,7836.29,Salaried,40,480818.07,24,732,2,1.5,0,High School,Mortgage,Single,Home,0,14201.83,9046.35,21966.05,1
23,Female,40258.18,3354.85,Salaried,0,20170.56,36,718,2,0.3416,1,Bachelor,Mortgage,Married,Auto,0,21464.73,10011.44,641.42,0
26,Female,82124.91,6843.74,Salaried,3,47213.19,36,717,0,0.2194,0,High School,Mortgage,Married,Auto,0,17394.03,9895.1,1501.37,0
25,Male,142630.75,11885.9,Salaried,1,108117.3,12,637,0,0.8125,0,Master,Mortgage,Married,Education,0,38139.42,8000.37,9656.74,0
25,Male,72605.38,6050.45,Salaried,0,42159.93,12,658,0,0.6224,3,High School,Mortgage,Single,Education,0,17879.79,9994.38,3765.61,0
67,Male,164029.72,13669.14,Salaried,20,120969.63,36,623,0,0.2982,3,Bachelor,Mortgage,Married,Auto,0,45388.0,26733.28,4075.94,0
43,Female,28480.9,2373.41,Self-Employed,2,13490.91,36,700,1,0.3277,0,High School,Own,Single,Auto,0,15313.43,7170.24,429.01,0
69,Male,231903.33,19325.28,Self-Employed,29,141783.86,36,655,0,0.2472,2,Bachelor,Mortgage,Married,Education,0,109568.78,50352.73,4777.26,0
29,Male,92095.28,7674.61,Salaried,0,17230.23,36,711,1,0.1224,1,Master,Rent,Single,Education,0,8021.57,1829.66,547.92,0
55,Male,109393.31,9116.11,Self-Employed,17,50878.63,36,697,3,0.2611,0,Bachelor,Mortgage,Married,Personal,0,49690.13,12749.87,1617.93,0
40,Female,128597.71,10716.48,Salaried,16,89600.84,48,678,1,0.2304,2,Master,Rent,Married,Education,0,32817.88,7695.78,2229.72,0
69,Female,4867.98,405.66,Unemployed,0,9513.85,36,702,4,1.5,0,High School,Own,Divorced,Home,0,7751.38,1800.69,302.54,1
62,Female,148271.65,12355.97,Salaried,32,246262.16,24,706,1,0.9272,0,High School,Rent,Married,Home,0,70406.32,21142.88,11250.42,0
55,Male,4563.79,380.32,Unemployed,0,19027.12,48,685,1,1.3921,0,Master,Mortgage,Married,Home,0,2702.25,2164.57,473.49,1
38,Female,112657.28,9388.11,Salaried,14,52793.75,48,648,1,0.1658,0,Master,Mortgage,Single,Personal,0,38501.76,19859.84,1416.32,0
37,Female,134178.2,11181.52,Salaried,3,16751.88,24,755,3,0.1646,0,Master,Rent,Married,Auto,0,61582.52,15058.75,742.45,0
44,Female,61422.12,5118.51,Self-Employed,1,28922.72,24,714,0,0.2581,0,Bachelor,Mortgage,Married,Auto,0,12666.0,3861.75,1321.33,0
23,Female,40024.21,3335.35,Salaried,1,24201.35,48,608,1,0.2388,1,Bachelor,Mortgage,Single,Education,0,2190.15,2915.15,649.26,0
52,Male,123131.91,10260.99,Self-Employed,18,193542.6,12,686,0,1.5,2,High School,Rent,Married,Home,0,20364.13,12102.46,16925.59,1
55,Female,149695.76,12474.65,Salaried,21,44340.56,36,544,2,0.1449,0,Master,Own,Married,Education,1,20229.41,8519.95,1603.02,0
58,Male,151725.29,12643.77,Salaried,15,79311.67,36,698,0,0.1995,0,Bachelor,Mortgage,Single,Auto,0,61618.08,35814.56,2522.09,0
33,Male,93022.78,7751.9,Self-Employed,7,29083.13,36,567,0,0.1356,0,Bachelor,Mortgage,Single,Auto,0,15931.05,6472.01,1051.42,0
67,Female,125547.8,10462.32,Salaried,41,43494.37,24,735,1,0.2013,3,Bachelor,Own,Married,Education,0,62015.64,32336.3,1987.03,0
45,Male,92954.26,7746.19,Salaried,15,276745.18,24,789,1,1.5,0,High School,Rent,Married,Home,0,30376.65,11855.32,12265.52,0
29,Male,4315.6,359.63,Unemployed,0,7584.96,60,773,0,0.2933,3,Master,Mortgage,Single,Home,0,7671.36,2852.82,146.64,0
24,Female,4879.18,406.6,Unemployed,0,3803.27,48,620,1,0.9078,1,High School,Mortgage,Divorced,Auto,0,8284.19,5879.33,102.03,1
34,Male,46319.35,3859.95,Salaried,4,95793.33,24,701,0,1.1338,3,Bachelor,Own,Divorced,Home,0,3935.28,3558.52,4376.29,0
57,Female,46476.3,3873.02,Self-Employed,5,30253.12,60,656,1,0.2643,1,Bachelor,Rent,Single,Auto,0,0.0,3696.08,688.35,0
54,Female,10136.19,844.68,Student,0,7355.03,12,588,4,1.5,0,Bachelor,Own,Single,Education,1,5692.01,5408.32,656.93,1
31,Female,56895.08,4741.26,Salaried,9,29080.89,24,625,0,0.2916,1,Bachelor,Mortgage,Married,Education,0,195.16,1179.25,1382.56,0
61,Female,4094.18,341.18,Unemployed,0,14366.24,48,589,2,1.5,1,High School,Rent,Divorced,Home,0,2919.27,2405.4,385.41,1
23,Female,111056.96,9254.75,Salaried,1,62449.59,36,721,1,0.2265,1,Bachelor,Rent,Married,Personal,0,11379.08,8068.07,1985.88,0
48,Female,50708.42,4225.7,Self-Employed,4,84505.36,36,504,0,0.723,1,Bachelor,Mortgage,Married,Home,2,28258.3,16342.87,3055.07,1
49,Female,106756.58,8896.38,Salaried,20,107431.26,48,703,3,0.3802,0,Bachelor,Mortgage,Single,Business,0,49268.52,11245.71,2673.43,0
29,Female,66232.52,5519.38,Self-Employed,2,123401.0,60,667,3,0.6902,1,High School,Rent,Married,Home,0,11781.16,3796.14,2807.75,0
23,Female,74753.55,6229.46,Self-Employed,2,45466.69,36,722,0,0.2321,3,High School,Own,Married,Auto,0,6998.49,4698.08,1445.83,0
45,Female,40419.63,3368.3,Salaried,12,69578.31,36,635,1,0.7616,4,High School,Mortgage,Single,Home,0,11275.45,6239.36,2344.37,0
54,Male,106928.57,8910.71,Salaried,27,43168.46,36,691,1,0.1884,1,Bachelor,Rent,Married,Auto,0,46353.33,28997.3,1372.75,0
32,Male,5878.83,489.9,Unemployed,0,5448.25,36,616,1,0.7607,0,High School,Own,Single,Business,0,7285.92,5887.87,183.57,1
62,Female,5609.94,467.49,Unemployed,0,16388.44,36,583,3,1.5,0,Master,Mortgage,Married,Home,1,6130.84,3822.29,552.19,1
29,Male,75698.47,6308.21,Salaried,7,121554.88,36,667,4,0.7781,2,Bachelor,Mortgage,Single,Business,0,0.0,2147.8,4095.66,0
35,Male,77942.3,6495.19,Self-Employed,10,57283.85,60,620,0,0.2007,2,Bachelor,Rent,Single,Auto,0,3583.06,2693.88,1303.38,0
60,Female,76865.88,6405.49,Salaried,0,287485.83,36,668,0,1.5,3,Master,Rent,Divorced,Home,0,12433.16,10299.32,9686.53,0
45,Male,35471.83,2955.99,Self-Employed,3,22264.73,48,747,1,0.2568,1,High School,Mortgage,Single,Personal,0,13168.77,3985.56,554.06,0
25,Male,66332.66,5527.72,Salaried,0,45453.92,60,737,1,0.1917,3,Master,Own,Married,Auto,0,31620.32,20011.29,943.55,0
31,Female,99609.02,8300.75,Salaried,5,42662.57,24,714,0,0.2348,2,Bachelor,Rent,Single,Auto,0,0.0,3222.73,1949.03,0
54,Female,145763.17,12146.93,Salaried,21,85915.07,24,690,3,0.4087,1,Master,Mortgage,Single,Education,0,2410.26,2662.71,3925.01,0
44,Male,133153.42,11096.12,Salaried,12,49558.39,36,717,2,0.1741,2,Master,Mortgage,Single,Personal,0,62948.68,24778.47,1575.94,0
35,Female,56541.92,4711.83,Self-Employed,6,29245.69,24,680,0,0.2836,0,High School,Mortgage,Single,Auto,0,26642.28,14407.46,1336.08,0
58,Female,93289.84,7774.15,Salaried,26,18881.31,48,820,1,0.0891,1,Bachelor,Own,Single,Personal,0,27318.03,11450.31,443.43,0
28,Male,122712.92,10226.08,Self-Employed,6,476882.87,24,500,1,1.5,4,Bachelor,Rent,Divorced,Home,1,53289.97,14880.92,23807.95,1
25,Male,14563.6,1213.63,Student,0,47187.91,60,564,2,1.2931,0,Bachelor,Own,Single,Home,1,8812.68,4542.14,1198.26,1
68,Female,94679.19,7889.93,Self-Employed,37,297721.15,24,688,4,1.5,2,High School,Own,Single,Home,0,50952.32,32856.8,13601.31,0
46,Female,77852.2,6487.68,Salaried,24,235366.53,60,707,1,0.7756,0,High School,Rent,Married,Home,0,42944.31,13460.99,4885.82,0
38,Female,114542.77,9545.23,Salaried,7,69605.75,60,611,1,0.1932,2,Bachelor,Mortgage,Single,Auto,0,54377.92,26402.11,1583.74,0
26,Female,48769.42,4064.12,Salaried,3,19639.17,24,677,3,0.3413,2,Bachelor,Rent,Married,Auto,1,0.0,525.6,897.21,0
57,Female,337757.5,28146.46,Salaried,23,128376.48,36,638,1,0.1581,3,PhD,Mortgage,Single,Personal,0,78708.71,27532.68,4325.51,0
68,Male,3205.89,267.16,Unemployed,0,5486.47,48,467,0,0.3223,2,Bachelor,Mortgage,Single,Home,2,1962.8,3817.14,161.17,1
33,Female,96100.87,8008.41,Salaried,1,49739.72,12,626,0,0.5547,1,Bachelor,Own,Married,Education,0,36400.66,24367.04,4442.62,0
48,Male,4915.15,409.6,Unemployed,0,3051.14,36,649,0,0.2056,0,High School,Rent,Divorced,Auto,1,4908.94,3764.93,102.8,1
25,Female,46102.82,3841.9,Salaried,3,26495.67,36,665,1,0.2622,2,High School,Mortgage,Single,Auto,0,20234.27,2792.92,892.74,0
33,Female,48063.35,4005.28,Salaried,0,175442.74,36,563,1,1.5,1,Bachelor,Mortgage,Married,Home,0,3567.38,4915.2,6342.68,1
37,Male,155901.94,12991.83,Salaried,9,12173.96,36,699,1,0.0435,2,Master,Mortgage,Single,Personal,0,62179.22,25683.7,387.13,0
60,Female,186479.19,15539.93,Self-Employed,23,117527.1,48,782,0,0.1776,0,Bachelor,Rent,Single,Personal,0,67919.25,21869.86,2760.13,0
65,Male,300200.01,25016.67,Salaried,44,693414.47,24,760,0,1.2285,3,Bachelor,Rent,Divorced,Home,0,0.0,1938.5,30732.55,0
52,Male,143026.5,11918.88,Salaried,18,69725.64,36,772,1,0.1972,1,Master,Rent,Single,Auto,0,59285.34,17595.17,2121.19,0
49,Female,228720.91,19060.08,Self-Employed,26,19811.07,36,685,0,0.0331,3,Master,Rent,Divorced,Auto,0,1542.77,2294.95,629.99,0
23,Male,6149.93,512.49,Unemployed,0,2000.0,24,607,2,1.5,2,High School,Rent,Single,Personal,0,4582.23,2806.17,95.08,1
60,Female,116362.8,9696.9,Salaried,30,25051.93,12,672,0,0.2259,0,High School,Mortgage,Divorced,Personal,0,27399.34,9228.46,2190.83,0
54,Male,89495.78,7457.98,Salaried,20,8805.24,36,690,0,0.0375,1,Bachelor,Rent,Married,Auto,0,24980.21,7471.52,280.0,0
60,Female,129810.35,10817.53,Salaried,15,232365.55,48,649,0,0.5763,3,Bachelor,Mortgage,Divorced,Home,0,0.0,3336.29,6233.79,0
47,Female,317034.33,26419.53,Self-Employed,22,52575.44,36,665,0,0.0671,2,PhD,Rent,Single,Education,1,28671.43,14896.81,1771.47,0
33,Female,84546.5,7045.54,Salaried,6,21067.21,12,625,1,0.2872,1,High School,Mortgage,Married,Auto,0,14148.46,7307.08,1881.67,0
65,Male,6833.89,569.49,Unemployed,0,11806.35,24,532,1,1.5,4,High School,Mortgage,Married,Business,1,7037.0,4853.35,589.42,1
53,Female,123605.41,10300.45,Salaried,17,226140.26,48,683,0,0.5463,0,Master,Rent,Married,Home,0,12287.93,7798.77,5627.51,0
26,Male,112281.03,9356.75,Salaried,3,99606.16,24,615,2,0.5763,0,Bachelor,Rent,Married,Personal,0,8326.8,4145.37,4735.46,0
44,Male,269897.13,22491.43,Salaried,11,26678.18,12,655,1,0.1177,2,PhD,Rent,Married,Education,1,84698.28,10260.05,2382.82,0
39,Male,76312.89,6359.41,Self-Employed,4,210167.68,12,717,1,1.5,0,Bachelor,Mortgage,Divorced,Home,0,31059.97,14704.99,18379.47,0
36,Male,149558.71,12463.23,Salaried,10,326840.26,36,688,2,0.881,1,Bachelor,Mortgage,Single,Home,0,0.0,0.0,10393.43,0
60,Female,14834.6,1236.22,Student,0,19500.06,48,676,2,0.7428,2,High School,Own,Married,Home,1,6385.92,3534.98,485.26,1
48,Male,51945.57,4328.8,Salaried,4,47750.46,24,749,1,0.5795,1,High School,Rent,Divorced,Auto,0,17173.58,4130.69,2181.47,0
53,Female,164198.4,13683.2,Salaried,20,68342.18,60,694,1,0.1113,0,Bachelor,Own,Single,Personal,0,54148.06,30878.78,1418.67,0
68,Female,181623.54,15135.3,Salaried,31,36864.24,24,777,1,0.121,1,Bachelor,Mortgage,Married,Education,0,173.55,1730.45,1633.85,0
61,Male,129552.53,10796.04,Salaried,28,41605.87,24,727,1,0.1987,1,High School,Rent,Divorced,Auto,0,17858.82,8561.04,1900.75,0
33,Female,81114.94,6759.58,Salaried,6,25803.81,36,669,1,0.1634,1,Master,Rent,Married,Education,0,0.0,1645.19,869.43,0
63,Male,104006.38,8667.2,Salaried,35,31467.74,12,705,1,0.3348,2,High School,Rent,Single,Education,0,31274.54,9557.29,2751.9,0
65,Male,108057.22,9004.77,Salaried,39,313009.96,24,725,0,1.5,0,Bachelor,Mortgage,Single,Home,0,21920.91,10321.65,14299.78,0
45,Male,66792.97,5566.08,Salaried,5,163605.6,36,756,1,0.9631,2,High School,Own,Divorced,Home,0,30002.09,8126.43,4977.2,0
62,Female,353820.71,29485.06,Salaried,37,1245450.0,12,694,0,1.5,2,Master,Rent,Divorced,Home,0,91646.87,55399.29,108916.44,0
56,Female,59375.86,4947.99,Self-Employed,3,8469.17,36,678,1,0.0841,2,High School,Rent,Divorced,Auto,0,22697.94,11552.45,269.32,0
47,Male,65017.8,5418.15,Salaried,13,36593.12,36,707,1,0.2545,1,Bachelor,Rent,Married,Education,0,25209.1,7186.65,1163.65,0
58,Male,168784.53,14065.38,Salaried,34,143378.16,24,738,1,0.4768,0,High School,Rent,Married,Business,0,49707.79,8988.44,6550.19,0
27,Female,49371.26,4114.27,Salaried,1,34232.39,48,608,0,0.2232,0,Bachelor,Own,Single,Education,1,1238.25,760.68,918.37,0
25,Male,107869.43,8989.12,Self-Employed,1,49698.99,24,646,1,0.2819,2,Bachelor,Rent,Single,Education,0,45874.18,14760.83,2362.78,0
63,Female,131136.54,10928.04,Self-Employed,29,335206.86,60,674,2,0.6595,1,High School,Rent,Single,Home,0,65865.93,30173.72,6958.34,0
65,Female,150000.54,12500.04,Salaried,41,276185.51,48,695,0,0.5498,0,High School,Own,Single,Home,0,40264.48,20947.8,6872.89,0
51,Male,143463.88,11955.32,Self-Employed,8,353689.0,24,750,1,1.3784,1,Master,Rent,Divorced,Home,0,13.91,1867.29,16158.19,1
43,Female,100983.87,8415.32,Salaried,15,15451.46,12,599,0,0.164,2,Master,Rent,Married,Education,0,35187.96,10055.32,1380.08,0
62,Male,56047.25,4670.6,Salaried,3,7549.44,12,750,1,0.2126,0,High School,Mortgage,Married,Education,0,10693.22,7614.23,660.21,0
30,Female,47375.13,3947.93,Salaried,9,24012.16,48,619,0,0.1632,4,High School,Mortgage,Divorced,Personal,0,793.66,2706.4,644.19,0
52,Female,113609.09,9467.42,Salaried,28,295442.7,36,642,2,1.1167,0,High School,Mortgage,Divorced,Home,0,50559.11,29164.7,9954.63,0
63,Male,98523.75,8210.31,Self-Employed,27,56720.13,24,679,0,0.3156,1,High School,Mortgage,Married,Education,0,36047.98,18858.39,2591.24,0
50,Male,206443.22,17203.6,Salaried,10,39886.56,24,799,0,0.1028,1,PhD,Rent,Married,Auto,0,86931.24,37337.5,1767.8,0
59,Female,231269.54,19272.46,Self-Employed,27,58425.93,24,689,2,0.1494,0,Bachelor,Rent,Single,Education,0,92196.99,13829.27,2669.17,0
51,Female,92989.66,7749.14,Salaried,11,68123.62,12,756,3,0.8657,3,Bachelor,Own,Married,Auto,0,14022.55,11696.64,5863.16,0
38,Male,189841.29,15820.11,Salaried,9,491855.27,36,611,0,1.0476,1,PhD,Rent,Single,Home,0,40459.24,17355.25,16572.55,0
56,Female,126889.84,10574.15,Salaried,6,67334.78,60,713,0,0.1322,0,Bachelor,Own,Single,Personal,0,11428.83,3352.16,1397.76,0
22,Male,46248.28,3854.02,Salaried,1,13976.07,36,659,1,0.1651,2,Bachelor,Rent,Divorced,Education,0,24228.9,12757.94,470.91,0
34,Male,13002.46,1083.54,Student,0,6106.08,48,517,2,0.5115,2,Bachelor,Mortgage,Single,Education,1,8870.79,5617.74,179.37,1
33,Female,59893.42,4991.12,Salaried,2,15980.53,24,721,1,0.1765,4,Bachelor,Mortgage,Single,Auto,0,22320.62,10332.31,730.07,0
49,Male,112349.81,9362.48,Salaried,11,213087.47,24,648,1,1.1114,1,Bachelor,Mortgage,Married,Business,0,21258.6,9711.24,10130.57,0
32,Female,11915.01,992.92,Unemployed,0,12774.34,24,652,1,0.969,0,High School,Rent,Married,Home,0,8224.7,3819.38,607.32,1
59,Male,130596.58,10883.05,Salaried,19,66153.41,24,656,1,0.3078,0,High School,Mortgage,Single,Auto,0,43970.93,20093.84,3145.05,0
22,Female,42421.48,3535.12,Salaried,1,82032.42,24,728,0,1.0601,2,High School,Mortgage,Single,Home,0,18054.46,8246.39,3747.63,0
52,Male,68230.4,5685.87,Salaried,29,102246.37,36,734,0,0.5718,1,High School,Mortgage,Divorced,Home,0,3316.4,2182.06,3251.41,0
33,Female,11381.85,948.49,Unemployed,0,6891.75,48,710,2,0.9522,4,Bachelor,Mortgage,Single,Auto,1,5801.98,3416.8,171.5,1
66,Female,137959.41,11496.62,Self-Employed,8,14124.1,24,742,0,0.0561,2,Bachelor,Mortgage,Married,Education,0,61393.62,24024.06,645.26,0
47,Male,113835.25,9486.27,Self-Employed,9,339143.34,36,663,3,1.2861,3,Bachelor,Rent,Married,Home,0,0.0,859.23,11427.08,1
69,Female,31944.62,2662.05,Self-Employed,5,17178.91,24,780,0,0.286,4,High School,Rent,Married,Education,0,19234.42,10370.45,761.38,0
61,Male,153907.48,12825.62,Self-Employed,16,86672.29,48,673,3,0.231,1,Bachelor,Rent,Single,Personal,0,11205.64,5859.53,2156.84,0
37,Male,51546.71,4295.56,Self-Employed,14,36631.31,12,563,1,0.8283,0,High School,Mortgage,Married,Business,0,29420.68,17323.96,3358.36,0
60,Female,246756.64,20563.05,Salaried,32,837903.11,24,671,2,1.5,0,Bachelor,Own,Divorced,Home,0,110222.83,62818.16,38279.39,0
51,Male,134658.15,11221.51,Salaried,23,24057.6,36,683,3,0.1313,0,Bachelor,Rent,Single,Personal,0,54709.45,12992.0,765.03,0
54,Female,82518.56,6876.55,Salaried,12,43587.72,12,754,1,0.5805,1,High School,Rent,Single,Personal,0,4958.03,2602.22,3751.44,0
44,Female,4810.8,400.9,Unemployed,0,8692.21,48,598,1,1.1794,0,Bachelor,Mortgage,Single,Home,0,4737.33,5101.07,233.19,1
65,Female,193065.02,16088.75,Self-Employed,41,94551.52,36,719,0,0.1869,0,Bachelor,Rent,Married,Education,0,16575.66,6731.47,3006.71,0
55,Male,115426.47,9618.87,Salaried,21,15620.74,24,719,0,0.0742,0,High School,Own,Married,Education,0,46101.33,23267.88,713.63,0
68,Male,79361.32,6613.44,Salaried,15,147132.24,12,754,0,1.5,0,High School,Rent,Single,Business,0,2469.52,511.04,12663.15,0
26,Male,175135.65,14594.64,Salaried,1,693397.09,24,638,0,1.5,0,PhD,Own,Single,Home,0,48896.31,16820.69,32965.36,1
39,Female,65503.48,5458.62,Self-Employed,2,178297.72,48,605,1,0.9335,0,High School,Rent,Married,Home,0,28518.28,9171.04,4783.28,0
50,Female,73902.03,6158.5,Salaried,7,57458.84,48,695,1,0.2778,1,Master,Mortgage,Divorced,Education,0,11069.16,4293.14,1429.87,0
27,Female,92974.17,7747.85,Self-Employed,3,376676.29,36,677,0,1.5,0,Bachelor,Mortgage,Married,Home,0,39013.1,5466.96,11978.21,0
30,Male,71206.36,5933.86,Salaried,7,191194.12,24,663,1,1.5,2,High School,Mortgage,Single,Home,0,19937.67,10148.74,9089.72,0
61,Male,73995.46,6166.29,Salaried,17,140835.92,24,691,2,1.1515,0,High School,Mortgage,Single,Business,0,25024.41,9852.36,6434.05,0
52,Male,116004.07,9667.01,Salaried,22,63536.06,36,703,0,0.209,3,Bachelor,Rent,Married,Education,0,39511.54,13935.13,2020.43,0
54,Male,42216.57,3518.05,Self-Employed,0,18891.48,24,648,2,0.4124,1,Bachelor,Rent,Single,Education,1,24505.05,10545.32,898.14,0
48,Male,144761.94,12063.5,Salaried,26,204341.06,36,737,0,0.5386,1,Bachelor,Mortgage,Married,Business,0,0.0,2446.89,6497.99,0
35,Male,90352.42,7529.37,Salaried,2,265219.15,12,669,0,1.5,1,Master,Rent,Married,Home,0,16134.16,5800.51,23688.65,1
50,Male,150910.53,12575.88,Salaried,1,116045.3,48,754,2,0.2657,0,Master,Rent,Single,Education,0,81730.85,9674.01,2725.33,0
57,Male,8741.74,728.48,Unemployed,0,2000.0,36,637,1,0.5881,0,High School,Mortgage,Married,Auto,0,6339.19,2948.2,67.39,0
49,Male,111367.12,9280.59,Salaried,4,37404.79,36,662,0,0.1358,2,Master,Mortgage,Married,Auto,0,11573.39,5972.75,1260.32,0
42,Male,210774.81,17564.57,Salaried,17,144109.6,36,640,0,0.2764,3,Master,Own,Married,Education,0,54641.45,13696.45,4855.62,0
24,Male,143222.2,11935.18,Self-Employed,3,30300.54,48,538,2,0.1415,4,Master,Mortgage,Married,Personal,1,63917.78,22490.45,890.08,0
40,Male,100006.5,8333.88,Salaried,9,30954.7,36,700,2,0.1879,2,Bachelor,Rent,Married,Education,0,889.66,3772.12,984.35,0
52,Female,77727.3,6477.28,Self-Employed,20,242365.15,36,656,1,1.2888,1,Bachelor,Rent,Married,Home,0,0.0,1778.77,8166.24,1
56,Male,203607.63,16967.3,Salaried,28,97548.9,48,693,2,0.1649,1,Bachelor,Own,Married,Education,1,68902.16,31207.38,2427.51,0
24,Male,47813.01,3984.42,Salaried,2,151066.02,48,629,0,1.0171,2,Bachelor,Mortgage,Single,Home,1,17667.46,3777.41,4052.72,1
47,Male,10475.07,872.92,Unemployed,0,39135.32,36,603,0,1.5,2,PhD,Mortgage,Single,Home,0,5279.35,4000.87,1318.62,1
37,Male,5341.57,445.13,Unemployed,0,2000.0,36,525,3,1.495,0,High School,Rent,Divorced,Auto,2,7025.56,2591.17,72.3,1
32,Male,75123.9,6260.32,Salaried,8,194318.33,36,724,1,1.0442,3,High School,Mortgage,Divorced,Home,0,25464.11,6325.81,6179.27,0
42,Male,168695.01,14057.92,Salaried,9,110552.34,36,679,0,0.2501,0,Master,Mortgage,Married,Auto,1,53548.55,28706.32,3515.53,0
37,Female,39604.24,3300.35,Salaried,12,37326.27,60,638,1,0.3717,1,High School,Mortgage,Married,Education,0,9123.22,2924.89,849.29,0
30,Male,102615.26,8551.27,Salaried,4,69512.21,36,705,1,0.2933,4,Master,Own,Single,Education,0,48606.98,13447.47,2210.47,0
21,Male,82810.73,6900.89,Salaried,0,70304.35,60,636,0,0.2318,3,Bachelor,Mortgage,Married,Auto,0,8598.23,6253.9,1599.64,0
42,Female,91673.81,7639.48,Salaried,9,185787.26,48,539,1,0.7372,2,High School,Mortgage,Divorced,Home,1,36065.81,21454.85,5457.5,1
46,Male,127865.82,10655.48,Self-Employed,10,65255.74,24,797,0,0.2714,0,Bachelor,Rent,Divorced,Auto,0,1380.87,913.49,2892.17,0
38,Male,129841.13,10820.09,Salaried,6,348770.47,36,722,0,1.025,0,Bachelor,Rent,Single,Home,0,35586.32,17616.76,11090.81,0
34,Female,45452.37,3787.7,Salaried,1,8085.37,48,749,0,0.0531,0,Bachelor,Own,Single,Auto,0,17925.17,8785.98,201.2,0
67,Female,98353.38,8196.12,Self-Employed,18,15122.46,36,647,1,0.076,2,Master,Rent,Married,Personal,0,8985.18,7005.51,509.54,0
49,Male,252413.19,21034.43,Self-Employed,27,161546.2,48,703,1,0.2055,1,Master,Mortgage,Married,Personal,0,26806.6,17657.67,4020.08,0
32,Male,94345.47,7862.12,Salaried,10,74266.49,24,653,1,0.4694,1,Bachelor,Own,Single,Personal,0,3971.59,4594.64,3530.76,0
56,Male,98163.13,8180.26,Salaried,25,290028.66,24,738,0,1.5,1,High School,Rent,Married,Home,0,42770.37,20065.7,13249.88,0
55,Male,154604.24,12883.69,Self-Employed,10,15985.91,36,652,0,0.0418,1,Master,Rent,Single,Auto,0,54065.67,10284.36,538.63,0
32,Female,111445.61,9287.13,Self-Employed,0,69183.33,36,729,0,0.2369,1,Bachelor,Mortgage,Married,Auto,0,24822.76,8522.49,2200.01,0
27,Male,30626.97,2552.25,Salaried,2,9753.59,24,682,0,0.1746,3,High School,Rent,Married,Auto,0,13919.88,5139.93,445.59,0
49,Male,107165.5,8930.46,Salaried,19,14418.75,12,697,1,0.1843,0,Master,Rent,Married,Auto,0,14097.71,8317.9,1260.94,0
31,Female,175469.35,14622.45,Self-Employed,8,127010.88,60,647,1,0.2066,2,Master,Mortgage,Married,Auto,0,32576.56,7423.22,2889.89,0
53,Female,81201.78,6766.82,Salaried,27,111969.13,24,681,0,0.7559,0,Bachelor,Mortgage,Married,Home,0,28172.51,15426.82,5115.28,0
26,Male,9504.55,792.05,Student,0,28674.18,36,608,0,1.2198,2,Bachelor,Mortgage,Married,Home,0,2406.34,2626.85,966.15,1
67,Female,99381.23,8281.77,Salaried,1,26815.11,48,823,0,0.076,3,Bachelor,Mortgage,Married,Auto,0,2068.45,2321.03,629.75,0
35,Male,68831.61,5735.97,Salaried,8,253757.76,36,602,0,1.4906,0,Bachelor,Rent,Divorced,Home,0,37992.12,20846.21,8550.1,0
52,Female,68701.01,5725.08,Salaried,0,8058.98,36,768,0,0.0428,0,Master,Rent,Single,Personal,0,3550.22,657.87,245.17,0
31,Male,133691.64,11140.97,Salaried,8,260300.27,36,618,0,0.7872,0,PhD,Rent,Divorced,Business,0,34322.63,22814.59,8770.54,0
43,Male,89701.43,7475.12,Salaried,21,56881.52,36,654,0,0.2564,0,Bachelor,Mortgage,Single,Education,0,38350.62,22208.96,1916.56,0
46,Male,169711.61,14142.63,Self-Employed,23,127738.85,36,697,1,0.3073,2,Bachelor,Own,Single,Business,0,42364.67,20592.0,4062.06,0
54,Male,178535.08,14877.92,Self-Employed,26,321888.77,24,648,1,1.0386,0,PhD,Own,Married,Home,0,55058.37,22876.35,15303.18,0
66,Male,47972.6,3997.72,Salaried,8,34403.33,60,725,0,0.1786,0,High School,Rent,Married,Auto,0,5859.04,4056.05,714.16,0
54,Female,66645.98,5553.83,Self-Employed,6,65140.62,24,632,0,0.5576,2,High School,Rent,Single,Business,0,14388.5,6204.88,3096.9,0
49,Female,164342.2,13695.18,Salaried,3,18699.41,36,733,1,0.0595,1,Master,Rent,Married,Education,0,56510.07,12015.8,594.64,0
24,Male,73521.89,6126.82,Salaried,1,66455.98,24,597,0,0.5157,1,High School,Mortgage,Married,Business,0,6672.84,4885.64,3159.44,0
37,Male,109159.74,9096.64,Self-Employed,15,402446.82,48,670,0,1.1869,1,High School,Mortgage,Single,Home,1,27305.61,10214.45,10796.64,1
55,Male,53608.04,4467.34,Salaried,1,29608.6,48,792,0,0.1557,2,High School,Mortgage,Married,Auto,0,20224.11,12076.47,695.36,0
33,Female,83763.94,6980.33,Salaried,10,162801.73,48,768,0,0.5477,0,Bachelor,Own,Single,Home,0,37692.42,12364.89,3823.4,0
61,Female,69934.5,5827.88,Salaried,4,113915.14,48,804,0,0.4591,1,High School,Own,Married,Business,0,8496.54,5181.09,2675.3,0
59,Female,109418.01,9118.17,Self-Employed,16,10098.43,12,600,0,0.0989,2,Bachelor,Rent,Married,Education,0,59234.34,17278.53,901.96,0
35,Female,185296.8,15441.4,Salaried,4,119226.01,12,702,1,0.6977,0,PhD,Rent,Single,Education,0,95210.69,54999.76,10426.49,0
49,Male,77428.72,6452.39,Salaried,25,23143.65,60,772,0,0.0693,2,Bachelor,Rent,Divorced,Education,0,1189.11,1959.54,447.43,0
49,Male,83392.74,6949.4,Salaried,2,31827.86,24,740,0,0.2092,2,Bachelor,Mortgage,Married,Personal,0,14847.46,8356.11,1454.05,0
31,Female,45216.93,3768.08,Salaried,2,26688.06,48,574,0,0.2081,2,High School,Mortgage,Married,Auto,1,0.0,2818.07,783.96,1
52,Female,71908.71,5992.39,Self-Employed,7,25010.14,48,597,0,0.112,2,Bachelor,Rent,Married,Personal,0,13980.57,7059.44,670.96,0
22,Male,87137.76,7261.48,Salaried,0,199658.53,36,674,0,0.8744,2,Bachelor,Rent,Divorced,Home,0,28929.92,18011.13,6349.09,0
67,Male,93828.24,7819.02,Salaried,2,10530.56,12,763,3,0.2103,2,Bachelor,Rent,Single,Personal,0,30944.48,13620.25,906.33,0
34,Female,29001.63,2416.8,Salaried,2,51337.83,24,713,1,1.0357,2,High School,Rent,Single,Home,0,2044.38,2277.1,2345.36,0
40,Male,108577.42,9048.12,Salaried,0,70355.02,12,684,3,0.7342,1,Bachelor,Own,Married,Auto,0,34931.5,20694.1,6152.65,0
42,Male,127554.25,10629.52,Self-Employed,12,79226.62,48,634,0,0.2,0,Master,Mortgage,Divorced,Auto,1,57584.3,9226.14,2125.45,0
31,Female,144575.6,12047.97,Salaried,9,52430.4,36,612,3,0.2257,0,Bachelor,Mortgage,Single,Education,0,44772.87,20388.28,1766.59,0
47,Male,162558.0,13546.5,Salaried,25,100811.95,60,708,1,0.1794,0,Bachelor,Rent,Divorced,Business,0,18939.81,12196.61,2092.69,0
23,Male,11525.9,960.49,Student,0,2753.7,36,771,0,0.0872,0,Bachelor,Mortgage,Single,Personal,0,2815.31,4169.42,83.77,0
37,Female,131446.4,10953.87,Salaried,5,54253.11,12,770,2,0.4618,1,Bachelor,Mortgage,Single,Personal,0,43104.98,16942.3,4669.37,0
64,Female,265761.65,22146.8,Salaried,42,371924.91,12,753,1,1.4553,4,Bachelor,Mortgage,Single,Business,0,85149.14,43264.31,32010.25,0
48,Female,40962.24,3413.52,Self-Employed,7,98321.62,36,731,0,0.9159,4,High School,Rent,Married,Home,0,21320.21,16166.72,3126.6,0
49,Male,65173.5,5431.12,Salaried,18,17870.13,36,778,1,0.1428,2,Bachelor,Mortgage,Divorced,Education,0,0.0,2309.25,543.64,0
41,Male,8085.87,673.82,Student,0,9569.6,24,714,1,1.1843,4,PhD,Mortgage,Single,Home,0,8417.73,6960.97,437.18,1
67,Female,198696.06,16558.0,Self-Employed,42,21329.7,24,740,0,0.0589,4,Bachelor,Own,Married,Auto,0,35367.61,13332.19,974.44,0
36,Female,9321.5,776.79,Unemployed,0,2583.05,60,630,1,0.2754,3,High School,Mortgage,Single,Auto,1,10956.04,2552.53,58.77,1
57,Male,62696.61,5224.72,Salaried,2,278757.73,48,651,0,1.4313,0,High School,Rent,Married,Home,0,26273.55,17799.83,7478.37,1
40,Female,90227.04,7518.92,Salaried,12,158643.87,12,762,0,1.5,1,Bachelor,Rent,Single,Business,0,49283.45,23936.27,13653.91,0
26,Male,116703.55,9725.3,Self-Employed,3,100257.86,48,697,0,0.2565,1,Master,Rent,Married,Business,0,57618.57,13948.71,2494.92,0
39,Male,8509.33,709.11,Unemployed,0,3553.06,36,546,1,0.5736,0,Bachelor,Rent,Married,Auto,1,10099.33,8069.29,128.45,1
25,Male,7137.5,594.79,Unemployed,0,5299.87,36,517,4,1.5,2,Bachelor,Rent,Married,Auto,2,9907.1,6030.92,191.6,1
23,Male,8889.74,740.81,Unemployed,0,2000.0,12,536,1,0.6008,0,High School,Rent,Single,Auto,0,3360.16,2168.0,183.36,1
21,Male,73891.37,6157.61,Self-Employed,0,13810.9,36,707,2,0.1066,0,Bachelor,Own,Single,Auto,0,0.0,3726.42,439.18,0
58,Female,111205.98,9267.16,Salaried,11,17257.78,36,688,0,0.0592,0,Bachelor,Mortgage,Married,Auto,0,0.0,5002.71,548.79,0
35,Female,201708.54,16809.05,Salaried,3,420510.54,12,653,0,1.5,1,PhD,Mortgage,Married,Home,0,27185.06,18084.17,37558.86,1
54,Female,85359.18,7113.26,Salaried,7,133665.89,60,740,1,0.4425,1,Bachelor,Rent,Divorced,Business,0,32388.1,10451.03,2774.68,0
55,Male,97945.17,8162.1,Salaried,1,227482.52,12,692,1,1.5,2,Bachelor,Rent,Married,Home,0,19223.8,6528.01,19893.68,0
69,Male,87641.04,7303.42,Salaried,10,49071.0,12,689,0,0.5876,0,Bachelor,Rent,Divorced,Auto,0,33688.27,11550.36,4291.33,0
45,Male,119787.05,9982.25,Salaried,23,70147.05,36,561,0,0.254,1,Bachelor,Mortgage,Married,Education,0,44273.09,24977.49,2535.98,0
44,Male,256800.89,21400.07,Salaried,20,295681.4,12,771,0,1.1892,2,Master,Rent,Single,Business,0,102353.25,34915.7,25448.24,0
32,Female,11986.72,998.89,Student,0,6740.04,60,626,1,0.4599,2,High School,Rent,Single,Education,0,6754.25,2732.07,153.36,0
38,Female,124319.37,10359.95,Salaried,4,50425.5,12,749,0,0.4257,0,Bachelor,Rent,Married,Auto,0,27039.78,13488.92,4409.78,0
35,Female,138996.08,11583.01,Salaried,6,40932.32,36,655,0,0.1191,0,Bachelor,Mortgage,Married,Auto,1,51285.35,19367.61,1379.17,0
64,Male,45018.28,3751.52,Self-Employed,5,8027.55,24,595,1,0.1741,0,Bachelor,Rent,Married,Education,1,9462.87,5220.12,381.64,0
36,Male,80090.11,6674.18,Self-Employed,2,20471.93,12,644,0,0.274,2,High School,Rent,Single,Education,0,33897.93,12651.54,1828.5,0
47,Male,68499.26,5708.27,Salaried,13,136052.05,48,580,3,0.8501,0,Bachelor,Mortgage,Married,Business,0,26595.21,10463.53,3996.53,0
28,Male,53048.27,4420.69,Salaried,6,21991.62,36,591,1,0.2259,0,Bachelor,Mortgage,Married,Auto,0,3533.03,6040.02,740.98,0
66,Female,344844.27,28737.02,Salaried,43,565851.47,36,696,1,0.6299,0,Master,Rent,Married,Home,0,16535.67,11884.98,17993.93,0
45,Female,69715.14,5809.6,Salaried,16,49005.61,48,674,1,0.2334,2,High School,Mortgage,Single,Auto,0,7026.02,1382.96,1219.51,0
37,Male,158794.94,13232.91,Salaried,3,467499.47,36,686,0,1.1234,1,Master,Rent,Married,Home,0,73234.13,38390.84,14866.36,0
49,Female,91916.58,7659.72,Self-Employed,19,286511.61,24,744,0,1.5,1,High School,Own,Single,Home,0,6119.58,4150.37,13089.21,1
28,Female,53166.7,4430.56,Self-Employed,5,72044.15,24,613,1,0.7982,1,High School,Mortgage,Divorced,Business,0,23526.39,6039.15,3425.11,0
35,Male,34406.24,2867.19,Self-Employed,5,61876.77,48,558,3,0.7726,0,High School,Mortgage,Divorced,Home,0,0.0,3425.83,1817.63,1
47,Female,131190.48,10932.54,Salaried,9,17802.43,48,789,0,0.0382,0,Master,Rent,Single,Auto,0,34431.07,18057.35,418.09,0
66,Male,74678.18,6223.18,Salaried,23,47637.83,12,770,1,0.6852,0,High School,Mortgage,Single,Auto,0,3081.14,2320.67,4100.02,0
27,Male,48435.5,4036.29,Salaried,3,160833.8,36,587,3,1.4309,0,Bachelor,Mortgage,Married,Home,0,13456.33,6293.35,5419.13,1
23,Female,87779.14,7314.93,Salaried,0,52159.94,48,698,1,0.2265,3,Bachelor,Mortgage,Married,Education,0,16308.15,7648.1,1298.0,0
49,Female,391494.27,32624.52,Self-Employed,28,138691.34,12,652,0,0.3797,1,PhD,Mortgage,Single,Personal,1,106998.11,42532.76,12387.53,0
64,Male,5789.14,482.43,Unemployed,0,2000.0,36,586,1,0.7094,2,Master,Rent,Divorced,Personal,0,4004.52,3308.22,67.39,1
44,Male,112414.35,9367.86,Salaried,22,58614.35,36,695,0,0.199,0,Bachelor,Rent,Married,Auto,0,48876.23,7967.28,1863.92,0
23,Female,5899.6,491.63,Student,0,17582.59,24,631,0,1.5,0,Master,Mortgage,Single,Home,0,7286.16,5967.96,835.91,1
40,Female,4231.45,352.62,Unemployed,0,2000.0,36,600,0,0.1348,0,Bachelor,Rent,Married,Auto,0,7692.42,5911.03,67.39,0
66,Female,169554.01,14129.5,Salaried,29,347404.79,24,714,2,1.1708,2,Master,Rent,Single,Home,0,10279.31,3960.75,15871.1,0
35,Male,47273.83,3939.49,Salaried,3,38455.56,24,609,0,0.4641,0,High School,Mortgage,Single,Personal,1,6315.39,2297.37,1828.25,0
45,Female,83913.56,6992.8,Salaried,12,7842.83,36,697,1,0.0809,1,High School,Rent,Married,Auto,0,25417.13,8128.2,249.4,0
50,Male,55338.54,4611.54,Salaried,5,9643.59,36,658,0,0.0705,2,Bachelor,Mortgage,Single,Personal,0,32068.4,19244.31,324.93,0
34,Female,56959.24,4746.6,Salaried,9,255107.49,36,621,1,1.5,4,Bachelor,Mortgage,Married,Home,0,902.31,2193.63,8595.58,1
27,Male,133044.11,11087.01,Salaried,6,68593.48,60,630,0,0.1408,0,Bachelor,Mortgage,Divorced,Personal,0,7528.85,4172.65,1560.71,0
37,Female,9991.89,832.66,Unemployed,0,14977.23,60,534,1,0.9181,0,Bachelor,Mortgage,Divorced,Home,0,9681.46,4155.29,380.32,1
64,Male,88717.32,7393.11,Salaried,13,181984.98,24,678,0,1.1246,0,Bachelor,Mortgage,Single,Business,0,20354.03,9547.71,8313.94,0
40,Male,92242.17,7686.85,Salaried,2,315032.25,24,636,0,1.5,2,Bachelor,Mortgage,Single,Home,0,26496.79,11363.56,14977.21,1
56,Male,104879.26,8739.94,Self-Employed,23,65652.52,60,554,0,0.1907,0,High School,Rent,Married,Personal,0,29770.51,20184.74,1667.14,0
29,Male,9430.11,785.84,Unemployed,0,5166.01,36,593,1,0.5795,1,PhD,Own,Married,Auto,0,7883.75,1934.58,174.06,1
58,Female,233798.65,19483.22,Salaried,18,622568.68,24,683,1,1.479,1,Master,Mortgage,Divorced,Home,0,82509.45,28083.36,28441.89,0
68,Female,212722.51,17726.88,Salaried,37,50185.9,60,728,1,0.0771,0,Master,Mortgage,Married,Auto,0,94047.59,11226.13,1041.78,0
42,Female,90544.89,7545.41,Self-Employed,1,58711.6,36,673,1,0.2811,0,Bachelor,Rent,Single,Auto,0,45459.51,13081.14,1867.01,0
22,Male,97653.07,8137.76,Self-Employed,0,396547.15,48,638,1,1.35,0,Bachelor,Rent,Married,Home,0,0.0,1091.41,10638.37,1
44,Female,11992.94,999.41,Student,0,2000.0,12,681,0,0.175,0,PhD,Own,Married,Education,0,7418.42,3069.08,174.9,0
28,Female,170656.27,14221.36,Salaried,5,27234.9,12,665,0,0.171,0,Master,Own,Divorced,Education,0,0.0,1047.33,2432.55,0
31,Male,77585.62,6465.47,Self-Employed,1,228792.9,36,656,0,1.1923,1,Bachelor,Mortgage,Single,Home,0,39522.08,10637.12,7708.94,0
33,Male,140685.18,11723.76,Salaried,11,30152.22,36,589,2,0.1405,2,Bachelor,Own,Married,Education,0,25203.9,8603.8,1015.95,0
37,Female,11097.41,924.78,Unemployed,0,2000.0,36,588,0,0.0729,0,Bachelor,Rent,Single,Auto,0,11917.38,4576.64,67.39,0
28,Female,91963.6,7663.63,Salaried,4,11242.12,36,664,0,0.0494,1,Bachelor,Rent,Married,Auto,0,6251.59,8474.82,378.79,0
41,Female,28968.44,2414.04,Salaried,3,15445.26,24,669,1,0.3564,0,High School,Own,Single,Education,0,499.52,3478.76,734.3,0
38,Male,122574.78,10214.56,Salaried,6,64579.07,36,682,1,0.2119,2,Bachelor,Rent,Divorced,Auto,0,57040.95,37195.43,2053.6,0
50,Female,193828.89,16152.41,Salaried,11,36087.1,48,630,1,0.0712,2,Master,Rent,Married,Education,0,93917.45,23674.87,968.13,0
38,Male,94484.32,7873.69,Salaried,10,12525.4,48,669,2,0.1295,2,Bachelor,Mortgage,Divorced,Auto,0,39441.72,6154.83,336.03,0
66,Female,137795.76,11482.98,Salaried,38,366315.43,24,723,0,1.4574,0,Bachelor,Mortgage,Divorced,Home,0,9592.37,3325.56,16735.03,0
67,Female,292673.55,24389.46,Salaried,41,211332.44,48,799,0,0.2035,1,Bachelor,Rent,Single,Auto,0,4542.25,3506.91,4963.15,0
51,Male,173517.89,14459.82,Salaried,8,53684.01,36,699,0,0.1181,2,PhD,Mortgage,Married,Personal,0,67992.11,44770.68,1707.14,0
58,Female,176815.27,14734.61,Self-Employed,33,662552.11,12,637,1,1.5,0,Bachelor,Own,Divorced,Home,0,56161.78,15628.86,59177.35,1
52,Male,125808.46,10484.04,Salaried,4,471142.4,48,591,0,1.2056,1,Bachelor,Mortgage,Married,Home,0,58179.01,14187.04,12639.57,0
31,Female,92625.91,7718.83,Self-Employed,9,125744.51,12,632,1,1.5,2,Bachelor,Mortgage,Married,Business,0,7993.47,6560.65,11231.16,1
65,Male,198175.99,16514.67,Self-Employed,24,59401.21,12,712,2,0.3625,0,Bachelor,Own,Married,Personal,1,19690.58,13064.14,5194.72,0
45,Male,136874.22,11406.18,Salaried,13,417804.71,48,690,0,0.9115,1,Bachelor,Mortgage,Married,Home,0,50644.19,22553.53,10397.09,0
53,Male,224560.45,18713.37,Salaried,26,297029.61,36,754,0,0.4829,2,Bachelor,Rent,Single,Business,0,15272.63,11456.3,9036.22,0
58,Male,111438.11,9286.51,Self-Employed,15,173741.91,24,615,0,0.8895,0,Bachelor,Rent,Married,Home,0,25814.29,16943.22,8260.01,0
61,Male,215366.76,17947.23,Salaried,26,56355.81,48,666,0,0.0842,0,Bachelor,Rent,Single,Auto,1,51052.23,25974.34,1511.89,0
28,Female,55581.8,4631.82,Salaried,1,147381.59,48,779,3,0.8888,0,High School,Rent,Single,Home,0,19819.75,6280.12,3461.26,0
31,Female,52697.33,4391.44,Salaried,2,114560.65,24,673,1,1.2198,0,High School,Rent,Single,Home,0,11115.43,4536.62,5233.67,0
42,Female,53173.79,4431.15,Salaried,8,139190.17,24,665,0,1.4934,0,High School,Rent,Single,Home,0,29022.39,12339.38,6617.35,0
44,Male,160010.1,13334.18,Salaried,13,145395.09,48,672,0,0.2713,0,Master,Mortgage,Married,Education,0,28646.55,8154.43,3618.16,0
61,Female,10725.52,893.79,Student,0,37294.36,48,651,0,1.1194,0,High School,Rent,Single,Home,0,3022.91,3686.36,1000.51,1
37,Male,10983.91,915.33,Unemployed,0,3274.35,36,639,0,0.1205,1,High School,Rent,Single,Auto,1,9136.82,4856.04,110.33,1
32,Female,9040.62,753.39,Unemployed,0,3970.55,24,537,1,0.419,1,High School,Rent,Married,Auto,2,10238.28,3720.1,198.23,1
66,Male,198971.05,16580.92,Salaried,25,561588.64,36,711,1,1.1002,0,Bachelor,Rent,Married,Home,0,58112.89,28517.81,17858.37,0
52,Female,12691.3,1057.61,Student,0,55028.7,36,614,1,1.5,0,High School,Rent,Married,Home,0,10728.15,2764.49,1854.13,1
35,Female,74558.07,6213.17,Self-Employed,7,38509.01,60,482,0,0.1574,0,Bachelor,Rent,Divorced,Education,1,32854.41,19035.54,977.88,0
36,Female,49405.83,4117.15,Self-Employed,10,9242.04,36,624,1,0.1554,0,High School,Mortgage,Single,Personal,0,18977.13,5695.82,311.4,0
42,Male,118323.09,9860.26,Salaried,14,61573.68,36,680,0,0.1986,0,Master,Rent,Single,Auto,0,5058.63,3862.5,1958.03,0
48,Male,103452.71,8621.06,Salaried,7,38130.72,24,685,0,0.2021,2,PhD,Mortgage,Single,Education,0,0.0,1842.47,1741.99,0
40,Male,5859.62,488.3,Unemployed,0,2000.0,36,682,2,1.2327,0,PhD,Mortgage,Divorced,Education,0,6542.71,4709.55,63.6,1
53,Female,180008.51,15000.71,Salaried,27,303178.09,36,712,2,0.6748,0,Bachelor,Rent,Married,Business,0,54704.97,31675.2,9640.98,0
30,Female,10369.77,864.15,Student,0,2310.41,36,669,1,0.2085,2,Bachelor,Rent,Single,Education,0,5090.79,3970.21,77.85,0
60,Male,99054.0,8254.5,Salaried,3,468848.48,60,830,2,1.1686,1,Bachelor,Mortgage,Single,Home,0,52640.3,13214.18,9064.15,0
52,Female,8560.98,713.42,Student,0,23904.63,48,717,1,1.3301,1,Bachelor,Own,Married,Home,0,6992.37,4292.62,594.87,1
53,Female,74054.17,6171.18,Salaried,10,153139.82,12,652,0,1.5,2,Bachelor,Own,Single,Business,0,26794.9,12997.55,13678.03,0
22,Female,36543.42,3045.28,Salaried,1,10010.0,60,608,2,0.2806,0,High School,Rent,Married,Personal,0,15944.83,10799.77,227.76,0
53,Male,158524.21,13210.35,Salaried,23,47331.45,24,627,0,0.1703,4,Bachelor,Rent,Divorced,Education,0,54046.89,31302.38,2250.22,0
53,Male,69086.65,5757.22,Self-Employed,27,85890.63,36,741,4,0.6304,3,High School,Rent,Married,Business,0,25782.33,13967.29,2731.3,0
61,Male,174947.6,14578.97,Self-Employed,40,79396.53,36,826,1,0.1816,0,Bachelor,Mortgage,Divorced,Education,0,0.0,1421.73,2415.4,0
33,Female,55600.95,4633.41,Salaried,1,39331.11,12,700,0,0.7423,3,Bachelor,Mortgage,Single,Education,0,25559.25,9326.11,3439.56,0
50,Male,143019.53,11918.29,Salaried,16,26189.06,60,684,0,0.0456,2,Bachelor,Own,Married,Personal,0,71559.44,23256.37,543.64,0
53,Male,200775.75,16731.31,Salaried,20,115498.98,36,795,1,0.2173,3,Master,Own,Divorced,Personal,0,37525.67,6978.52,3513.7,0
33,Female,89874.75,7489.56,Salaried,9,244389.04,48,737,1,0.8441,2,Bachelor,Mortgage,Married,Home,0,28122.95,16701.66,6081.63,0
46,Female,50926.12,4243.84,Self-Employed,2,20165.37,24,614,1,0.3064,2,Bachelor,Rent,Married,Auto,1,9825.52,7531.79,958.7,0
42,Female,79011.67,6584.31,Salaried,12,16029.19,24,686,1,0.1377,0,Bachelor,Rent,Married,Education,0,33323.72,21077.38,732.29,0
59,Male,120553.92,10046.16,Salaried,37,465680.74,36,726,0,1.474,1,High School,Mortgage,Divorced,Home,0,46103.5,28251.89,14808.52,0
22,Male,14720.82,1226.73,Student,0,2624.16,24,609,0,0.1017,0,Bachelor,Mortgage,Single,Education,0,10220.79,4573.04,124.76,0
58,Female,200401.44,16700.12,Salaried,27,78690.4,36,684,1,0.1677,0,PhD,Mortgage,Single,Education,0,72636.2,13651.63,2502.33,0
59,Male,131326.17,10943.85,Salaried,13,462074.26,36,762,2,1.3309,4,PhD,Rent,Single,Home,1,8328.59,6402.81,14057.19,0
46,Male,54051.26,4504.27,Salaried,0,117035.62,36,774,0,0.7905,0,Bachelor,Mortgage,Divorced,Home,0,1239.58,3188.79,3560.45,0
66,Male,125646.47,10470.54,Salaried,27,81527.95,24,791,0,0.3451,2,High School,Mortgage,Divorced,Business,0,18738.77,8464.2,3613.37,0
35,Male,99027.89,8252.32,Salaried,10,61285.29,48,721,0,0.1848,0,High School,Rent,Single,Auto,0,27664.54,15216.83,1525.09,0
54,Male,60393.02,5032.75,Salaried,10,139063.02,48,811,0,0.6489,0,Bachelor,Mortgage,Single,Home,0,11003.17,4405.4,3265.9,0
62,Female,319817.87,26651.49,Salaried,39,733287.19,48,690,1,0.6991,1,Master,Rent,Divorced,Home,0,21711.71,8663.63,18247.88,0
64,Female,6946.07,578.84,Unemployed,0,2820.39,12,608,1,0.7625,0,Bachelor,Mortgage,Single,Personal,0,623.86,3147.96,251.91,1
69,Female,148421.33,12368.44,Self-Employed,3,14912.22,36,733,0,0.0383,4,Master,Own,Single,Education,0,998.06,3504.45,474.2,0
60,Male,6215.05,517.92,Unemployed,0,2399.49,48,653,0,0.1243,0,Bachelor,Mortgage,Single,Personal,1,2545.26,4042.78,64.37,0
31,Male,26271.25,2189.27,Salaried,1,16612.75,12,635,1,0.762,0,High School,Rent,Single,Education,0,18335.64,7290.03,1483.81,0
23,Male,59139.82,4928.32,Salaried,0,11659.82,24,646,0,0.1125,0,High School,Mortgage,Married,Education,0,26337.32,7180.65,554.33,0
26,Female,68014.51,5667.88,Salaried,1,44230.7,36,645,0,0.2629,0,High School,Rent,Married,Education,0,1432.97,2285.38,1490.31,0
29,Male,105151.58,8762.63,Self-Employed,0,86183.93,24,626,0,0.4676,0,Bachelor,Rent,Married,Business,0,23614.67,12293.73,4097.34,0
26,Female,62004.97,5167.08,Salaried,4,41211.32,48,699,4,0.4251,1,High School,Rent,Divorced,Education,0,24023.35,9128.51,1025.55,0
29,Female,55984.37,4665.36,Salaried,5,236634.3,36,670,0,1.5,1,Bachelor,Own,Single,Home,1,30785.91,10773.21,7973.14,0
59,Male,65237.6,5436.47,Salaried,0,29615.55,36,593,1,0.2305,0,Bachelor,Mortgage,Single,Personal,0,8264.12,3120.6,997.86,0
51,Male,200343.04,16695.25,Salaried,27,364935.13,12,716,1,1.5,0,Bachelor,Mortgage,Divorced,Business,0,18560.56,7492.32,31914.12,0
52,Female,49720.65,4143.39,Salaried,0,177776.73,12,718,0,1.5,2,High School,Rent,Married,Home,0,17810.83,12765.94,15546.84,1
61,Female,88744.09,7395.34,Salaried,12,11900.68,36,766,0,0.049,1,High School,Rent,Single,Auto,0,40830.51,13744.77,362.04,0
32,Male,37851.73,3154.31,Self-Employed,0,129006.85,48,656,1,1.2115,1,Bachelor,Own,Single,Home,0,7727.27,6632.4,3460.93,1
28,Male,51570.21,4297.52,Salaried,5,36652.21,12,693,0,0.7458,2,Bachelor,Rent,Single,Business,0,3096.51,2756.3,3205.29,0
28,Female,109848.22,9154.02,Salaried,6,79449.76,12,558,1,0.8275,2,Bachelor,Rent,Married,Business,0,13627.27,9404.29,7283.95,1
48,Male,158040.38,13170.03,Self-Employed,25,68094.65,36,669,0,0.1742,2,Master,Rent,Single,Education,0,28369.1,14688.49,2294.38,0
40,Male,90595.04,7549.59,Salaried,9,46961.53,36,691,0,0.1978,2,Bachelor,Rent,Married,Auto,0,16603.49,10012.97,1493.36,0
67,Male,154187.94,12849.0,Salaried,20,358421.33,24,769,0,1.2363,0,Bachelor,Mortgage,Single,Home,0,70218.29,25290.68,15885.45,0
27,Female,45901.09,3825.09,Salaried,0,53952.64,12,723,0,1.2335,0,Bachelor,Mortgage,Married,Business,0,24911.11,14565.89,4718.24,0
31,Male,175917.5,14659.79,Salaried,8,246261.92,24,656,0,0.7986,0,Master,Mortgage,Single,Business,0,25540.56,10902.15,11707.74,0
40,Male,56065.78,4672.15,Self-Employed,4,29603.66,24,757,0,0.2808,3,Bachelor,Mortgage,Married,Education,0,29402.33,6777.65,1312.05,0
36,Male,110995.43,9249.62,Salaried,5,301931.59,12,695,0,1.5,0,Bachelor,Mortgage,Single,Home,0,0.0,3939.25,26404.36,0
24,Female,59456.35,4954.7,Salaried,0,28587.02,36,681,1,0.2043,1,Bachelor,Rent,Single,Personal,0,21680.18,6740.35,909.06,0
26,Female,59277.74,4939.81,Salaried,1,32591.09,48,666,0,0.177,2,Bachelor,Mortgage,Married,Education,0,26621.26,10852.52,874.34,0
42,Female,107022.44,8918.54,Self-Employed,2,173696.78,48,610,0,0.5225,1,Bachelor,Mortgage,Married,Business,0,21004.07,10987.33,4659.85,0
46,Female,148360.45,12363.37,Salaried,22,50307.08,36,683,0,0.1294,0,Bachelor,Rent,Married,Education,0,1794.12,2121.32,1599.75,0
23,Female,76193.76,6349.48,Self-Employed,2,111057.97,24,656,0,0.8315,0,Master,Rent,Married,Business,0,9519.08,3217.32,5279.9,0
61,Male,84427.77,7035.65,Self-Employed,17,241192.06,36,723,0,1.0901,0,Master,Mortgage,Single,Home,0,22160.59,10989.34,7669.84,0
62,Male,138465.28,11538.77,Salaried,22,26486.62,24,720,0,0.1049,0,High School,Rent,Married,Personal,0,59726.6,10777.82,1210.03,0
34,Female,59608.72,4967.39,Salaried,7,31415.65,24,614,0,0.3007,0,High School,Own,Single,Personal,1,25460.94,16736.26,1493.56,0
31,Male,59229.9,4935.82,Salaried,8,13840.59,12,622,1,0.2972,2,High School,Mortgage,Single,Education,0,530.01,2376.31,1236.2,0
38,Male,42924.54,3577.04,Salaried,1,12410.58,12,786,0,0.2986,3,Bachelor,Own,Married,Auto,0,15985.64,10511.58,1068.13,0
32,Female,108763.47,9063.62,Salaried,1,31989.26,36,681,0,0.1122,1,Bachelor,Mortgage,Divorced,Personal,0,54895.36,17678.97,1017.25,0
43,Male,51247.02,4270.58,Salaried,15,28843.01,48,757,2,0.258,2,High School,Mortgage,Married,Personal,0,20212.16,10197.73,677.38,0
32,Male,51798.25,4316.52,Salaried,6,12738.8,36,810,0,0.0898,1,High School,Rent,Married,Education,0,0.0,1107.08,387.54,0
33,Female,77372.73,6447.73,Self-Employed,3,43184.84,36,573,1,0.2592,0,Bachelor,Rent,Divorced,Education,0,34523.25,6158.97,1561.24,0
45,Female,10101.06,841.76,Unemployed,0,2200.45,36,548,2,0.85,0,High School,Mortgage,Single,Auto,0,9381.46,5524.51,79.55,1
65,Male,49849.06,4154.09,Self-Employed,4,37012.77,24,697,1,0.4697,0,High School,Rent,Divorced,Auto,0,7572.08,4389.9,1690.92,0
39,Female,77359.69,6446.64,Salaried,0,325582.21,60,642,2,1.1946,2,Bachelor,Own,Married,Home,0,11551.56,6854.79,7408.0,1
66,Female,9287.31,773.94,Student,0,6900.46,48,695,0,0.2219,4,High School,Rent,Married,Education,0,8051.46,3765.08,171.72,0
56,Female,74689.71,6224.14,Salaried,21,58902.88,48,664,0,0.2539,1,High School,Mortgage,Married,Personal,0,41598.63,17987.73,1580.22,0
65,Male,196697.22,16391.44,Salaried,9,105846.58,36,703,0,0.2053,0,Master,Own,Married,Education,0,83970.63,12793.08,3365.89,0
28,Male,150437.71,12536.48,Salaried,4,31642.17,24,672,0,0.1153,1,Master,Rent,Married,Auto,0,61850.23,22816.33,1445.56,0
49,Female,97106.83,8092.24,Salaried,23,107663.67,36,650,0,0.4483,1,Bachelor,Own,Single,Business,1,5847.3,4355.6,3627.61,0
52,Female,107580.05,8965.0,Salaried,26,246991.73,24,715,0,1.2586,1,High School,Rent,Divorced,Home,0,51070.99,34933.9,11283.75,0
64,Female,151697.53,12641.46,Self-Employed,14,29698.53,24,657,2,0.1699,2,Bachelor,Mortgage,Single,Auto,0,38351.95,20587.91,1411.92,0
38,Male,80984.25,6748.69,Salaried,0,57074.22,12,661,1,0.7891,2,Bachelor,Mortgage,Single,Business,0,43306.61,27472.75,5097.71,0
26,Male,51676.52,4306.38,Salaried,1,27703.08,24,700,0,0.2939,1,High School,Rent,Single,Auto,0,23195.6,7667.63,1265.61,0
38,Female,43476.51,3623.04,Salaried,13,5261.4,36,696,0,0.0462,1,High School,Rent,Single,Education,0,21185.73,8600.03,167.31,0
39,Male,50909.6,4242.47,Self-Employed,17,220157.54,48,692,1,1.384,4,High School,Rent,Single,Home,0,2936.29,5133.03,5478.63,0
42,Female,4452.4,371.03,Unemployed,0,2000.0,60,626,0,0.091,2,Bachelor,Rent,Single,Education,0,4928.89,2200.05,45.51,0
57,Male,198625.75,16552.15,Self-Employed,24,56706.02,36,621,0,0.1154,1,Master,Rent,Married,Education,1,13842.95,7827.69,1910.65,0
52,Male,205246.94,17103.91,Salaried,21,129726.24,36,692,1,0.2484,1,Bachelor,Rent,Married,Education,0,4330.91,6775.51,4125.26,0
61,Female,238314.71,19859.56,Self-Employed,36,139344.5,60,653,3,0.1937,2,Bachelor,Mortgage,Single,Auto,0,63772.66,30051.06,3170.52,0
23,Female,49414.13,4117.84,Salaried,2,85423.31,36,659,1,0.7277,1,Bachelor,Rent,Single,Business,0,20332.83,4974.73,2878.25,0
48,Male,12172.59,1014.38,Student,0,4869.02,48,650,0,0.1288,1,Bachelor,Own,Divorced,Education,0,4186.76,2546.9,130.62,0
30,Male,133668.08,11139.01,Self-Employed,9,343335.1,48,674,2,0.8126,0,Bachelor,Mortgage,Single,Home,0,665.68,990.09,8543.91,0
55,Female,87769.27,7314.11,Salaried,23,17353.64,24,762,0,0.1052,2,High School,Rent,Single,Education,0,9105.16,7226.99,769.12,0
49,Male,92146.39,7678.87,Self-Employed,12,36835.4,48,639,0,0.1287,1,Bachelor,Mortgage,Single,Auto,0,4547.24,2306.63,988.2,0
35,Female,143169.19,11930.77,Salaried,8,87817.04,48,649,0,0.1975,1,Master,Mortgage,Single,Auto,0,15112.78,9292.93,2355.91,0
53,Female,91723.82,7643.65,Salaried,5,160852.58,12,767,0,1.5,3,Bachelor,Rent,Married,Home,0,31406.14,5768.56,13844.01,0
27,Male,88764.78,7397.06,Self-Employed,4,58209.53,60,712,4,0.2934,3,Master,Mortgage,Single,Education,0,17735.25,6986.77,1208.33,0
32,Female,83456.14,6954.68,Salaried,6,125750.28,24,700,0,0.826,2,Bachelor,Mortgage,Married,Business,0,44369.8,26818.21,5744.87,0
69,Male,7444.38,620.36,Unemployed,0,3569.39,48,589,0,0.1544,0,Bachelor,Mortgage,Single,Personal,0,4068.23,2934.18,95.76,0
50,Female,90713.65,7559.47,Salaried,17,159847.14,12,743,0,1.5,1,High School,Mortgage,Married,Business,0,10045.03,4202.23,13978.87,0
41,Male,120714.69,10059.56,Self-Employed,14,74616.35,60,703,0,0.154,0,Bachelor,Mortgage,Married,Business,0,31908.72,19297.5,1548.91,0
51,Female,172301.76,14358.48,Self-Employed,7,274597.07,24,748,1,0.8991,0,Master,Rent,Single,Home,1,79963.2,35291.26,12544.9,0
44,Male,2317.45,193.12,Unemployed,0,2000.0,48,580,1,0.5664,3,Bachelor,Rent,Single,Education,0,7361.98,1983.51,58.75,0
40,Male,73302.56,6108.55,Salaried,19,125285.41,12,783,1,1.5,3,High School,Mortgage,Single,Business,0,34577.53,20704.88,10782.87,0
57,Female,99986.69,8332.22,Salaried,15,30161.38,48,640,1,0.1279,1,High School,Rent,Married,Education,0,26995.97,15915.71,809.15,0
24,Female,86383.7,7198.64,Self-Employed,0,21980.86,24,681,2,0.2075,0,Bachelor,Mortgage,Single,Education,0,36023.6,18718.56,1004.19,0
48,Female,114879.6,9573.3,Salaried,2,40505.51,48,747,0,0.1053,0,Bachelor,Rent,Married,Auto,0,57516.19,36570.0,1007.98,0
64,Male,107714.08,8976.17,Salaried,8,58902.1,36,775,0,0.1996,1,Bachelor,Rent,Single,Personal,0,7488.54,2545.07,1791.92,0
40,Female,250393.2,20866.1,Salaried,19,877284.13,60,573,1,1.0816,0,PhD,Rent,Single,Home,0,68744.0,33340.08,22277.25,1
44,Male,12049.47,1004.12,Student,0,34262.38,36,581,0,1.1497,1,Bachelor,Rent,Single,Home,0,8689.94,6749.01,1154.43,1
69,Male,146160.73,12180.06,Self-Employed,46,103787.09,48,736,1,0.2246,1,Bachelor,Mortgage,Single,Auto,0,66266.57,29765.62,2582.75,0
52,Female,125324.4,10443.7,Salaried,25,486888.58,36,754,0,1.4183,3,High School,Rent,Single,Home,0,30770.35,13141.75,14812.09,0
61,Male,79988.96,6665.75,Self-Employed,25,223847.95,36,665,2,1.1935,0,High School,Rent,Single,Home,0,38498.21,21183.98,7542.32,0
56,Female,149769.19,12480.77,Salaried,29,418933.95,48,699,1,0.8625,0,Bachelor,Rent,Married,Home,0,53541.33,14023.56,10425.19,0
54,Female,5140.07,428.34,Student,0,19766.6,24,664,0,1.5,3,Master,Mortgage,Single,Home,0,3544.21,1409.69,939.74,1
56,Female,205565.59,17130.47,Salaried,26,51661.73,48,675,0,0.075,1,Bachelor,Mortgage,Married,Personal,0,0.0,2675.25,1285.6,0
22,Female,113372.45,9447.7,Salaried,1,67044.81,36,798,4,0.3761,0,Bachelor,Rent,Married,Personal,0,27547.53,5924.06,2039.63,0
35,Female,30250.31,2520.86,Salaried,2,117040.13,24,735,1,1.5,0,High School,Rent,Married,Home,0,8317.85,7160.37,5346.95,0
54,Male,158928.03,13244.0,Salaried,3,226227.09,60,650,1,0.4166,2,PhD,Mortgage,Divorced,Home,0,14779.68,10941.29,5147.36,0
56,Female,314067.42,26172.28,Salaried,18,144909.78,24,754,1,0.257,2,PhD,Own,Single,Auto,0,149261.75,19444.34,6422.49,0
26,Male,86338.26,7194.86,Self-Employed,1,42208.94,24,571,0,0.2929,3,Bachelor,Rent,Single,Personal,0,46917.27,22805.51,2107.24,0
59,Male,9979.51,831.63,Unemployed,0,49718.44,36,616,1,1.5,0,High School,Mortgage,Married,Home,1,6401.32,1670.17,1675.21,1
62,Female,3181.29,265.11,Unemployed,0,2278.88,48,575,2,1.5,2,Bachelor,Rent,Married,Auto,0,7230.0,4158.7,66.94,1
32,Female,89381.97,7448.5,Salaried,5,98711.42,36,577,2,0.5691,2,Master,Rent,Married,Business,0,39710.82,24054.62,3568.65,0
23,Female,63430.11,5285.84,Salaried,0,22651.49,24,683,1,0.2222,0,Bachelor,Mortgage,Single,Personal,0,34560.75,13206.97,1034.83,0
65,Male,173296.5,14441.38,Self-Employed,14,647120.36,36,691,1,1.4511,4,Bachelor,Rent,Married,Home,0,0.0,1348.39,20578.25,1
38,Female,87160.9,7263.41,Salaried,9,58045.93,48,703,0,0.1989,1,High School,Mortgage,Divorced,Auto,0,21384.94,8981.57,1444.48,0
60,Male,166279.54,13856.63,Salaried,35,78676.37,48,631,0,0.1523,3,High School,Rent,Single,Education,0,78359.26,18838.52,2110.69,0
41,Female,75017.81,6251.48,Salaried,13,20025.67,36,832,2,0.1506,3,High School,Mortgage,Divorced,Education,0,27613.81,10635.18,609.22,0
35,Female,155751.09,12979.26,Salaried,7,111122.35,36,659,1,0.2979,0,Master,Rent,Single,Education,1,41087.94,9050.64,3744.15,0
53,Female,110840.84,9236.74,Salaried,5,421673.16,24,764,4,1.5,1,Bachelor,Rent,Single,Home,0,43077.65,7105.59,18688.81,0
55,Male,96203.08,8016.92,Self-Employed,5,120921.16,12,676,0,1.3191,1,Bachelor,Rent,Single,Business,0,31527.54,13054.48,10574.73,0
46,Male,107481.59,8956.8,Salaried,14,312022.32,24,693,0,1.5,2,High School,Mortgage,Married,Home,0,53012.33,17512.26,14254.66,0
28,Male,76357.14,6363.1,Self-Employed,4,122292.75,12,585,2,1.5,1,Master,Rent,Married,Home,0,38694.04,8851.52,10922.86,0
56,Female,109273.86,9106.16,Self-Employed,24,253765.72,24,807,0,1.2351,2,Master,Rent,Married,Home,0,20157.13,8336.86,11247.05,0
68,Female,69148.86,5762.4,Salaried,18,43864.24,36,850,0,0.2316,0,High School,Rent,Married,Auto,0,2645.59,4087.72,1334.44,0
50,Male,89417.32,7451.44,Salaried,13,47841.56,60,671,3,0.2243,2,Master,Mortgage,Single,Auto,0,9187.8,5163.4,993.11,0
43,Female,30257.07,2521.42,Salaried,2,19541.25,48,707,1,0.3434,0,High School,Mortgage,Single,Auto,0,4443.47,1764.93,486.28,0
62,Female,121319.85,10109.99,Salaried,41,256101.49,48,719,0,0.6304,0,High School,Rent,Single,Business,0,4135.13,3065.14,6373.1,0
64,Female,4005.06,333.76,Unemployed,0,14358.98,60,708,3,1.5,2,High School,Mortgage,Divorced,Home,0,4730.56,5234.46,298.07,1
34,Female,196102.42,16341.87,Self-Employed,13,119572.35,24,756,0,0.3243,0,Master,Mortgage,Single,Auto,0,68878.74,42663.1,5299.52,0
34,Female,164127.23,13677.27,Salaried,13,189196.38,12,598,0,1.2355,0,Master,Own,Divorced,Business,0,0.0,1805.96,16898.51,1
22,Male,67126.24,5593.85,Salaried,1,220102.42,36,532,1,1.4811,0,Bachelor,Rent,Single,Home,0,36655.99,8725.41,7957.23,1
57,Male,106183.46,8848.62,Self-Employed,20,43956.18,24,656,1,0.281,1,Bachelor,Rent,Single,Personal,0,53277.73,15628.98,2089.76,0
25,Male,86114.19,7176.18,Salaried,2,76850.43,36,607,0,0.3608,0,Bachelor,Mortgage,Single,Auto,1,45036.35,28481.27,2589.39,0
58,Female,127024.29,10585.36,Self-Employed,9,173086.4,36,663,1,0.5641,2,Master,Rent,Single,Business,0,55788.25,24642.58,5831.96,0
65,Female,43347.34,3612.28,Salaried,14,12330.74,48,760,0,0.0802,2,High School,Rent,Divorced,Education,0,3049.69,2291.79,289.59,0
61,Female,188760.88,15730.07,Salaried,29,95715.59,48,786,0,0.1429,0,Bachelor,Mortgage,Married,Personal,0,55596.12,21140.06,2247.88,0
67,Male,203950.55,16995.88,Salaried,43,146270.04,36,726,1,0.2866,1,Bachelor,Rent,Divorced,Education,0,0.0,3936.85,4651.35,0
34,Male,48167.77,4013.98,Self-Employed,6,37614.52,24,701,0,0.4281,0,High School,Rent,Married,Personal,0,18186.95,8446.3,1718.41,0
59,Male,97221.06,8101.76,Salaried,16,66816.63,48,697,0,0.2052,2,Bachelor,Mortgage,Married,Business,0,5435.41,4561.29,1662.73,0
45,Male,131484.27,10957.02,Salaried,21,447975.4,24,773,0,1.5,0,Bachelor,Rent,Married,Home,0,67358.67,16203.55,19854.54,0
40,Female,108862.58,9071.88,Salaried,16,63408.02,48,611,0,0.1875,0,High School,Mortgage,Married,Personal,0,51182.23,17817.65,1701.08,0
22,Female,115381.32,9615.11,Salaried,0,18615.93,36,669,1,0.0762,0,PhD,Own,Married,Personal,0,34911.32,12816.66,627.24,0
59,Female,166108.02,13842.34,Self-Employed,37,46127.95,36,573,3,0.1827,0,High School,Mortgage,Single,Education,0,65609.71,27529.53,1667.64,0
26,Female,134105.17,11175.43,Salaried,4,565029.0,24,685,0,1.5,2,PhD,Mortgage,Married,Home,0,59109.39,9564.12,25813.2,0
37,Male,103733.23,8644.44,Salaried,14,403509.91,36,700,1,1.5,0,High School,Mortgage,Married,Home,0,19673.25,4997.9,12831.51,0
45,Male,11315.3,942.94,Unemployed,0,6653.44,48,514,0,0.2073,0,High School,Mortgage,Single,Education,1,8048.73,4983.14,195.44,1
48,Male,44769.35,3730.78,Salaried,18,21977.92,36,706,3,0.4574,0,High School,Rent,Married,Education,0,6562.1,4335.35,698.89,0
22,Female,43855.53,3654.63,Salaried,1,42585.01,24,687,1,0.5629,4,Bachelor,Rent,Divorced,Business,0,26573.99,7076.07,1945.49,0
55,Female,64669.97,5389.16,Salaried,9,15574.93,24,774,1,0.1579,2,Bachelor,Own,Married,Auto,0,36890.56,21613.62,690.29,0
57,Male,3221.2,268.43,Unemployed,0,2000.0,36,705,1,0.8837,0,High School,Mortgage,Married,Education,0,6357.54,4618.27,63.6,1
25,Male,55359.72,4613.31,Self-Employed,4,21068.84,24,637,1,0.2562,0,High School,Rent,Single,Personal,0,19569.55,6139.59,1001.65,0
21,Male,12640.34,1053.36,Student,0,10036.25,36,651,0,0.321,3,Bachelor,Mortgage,Married,Personal,0,8667.53,5222.28,338.16,0
60,Male,206047.31,17170.61,Self-Employed,22,27272.09,36,606,0,0.0535,0,Bachelor,Rent,Single,Auto,0,0.0,396.99,918.9,0
32,Male,85353.62,7112.8,Self-Employed,6,347055.39,24,652,0,1.5,4,Bachelor,Mortgage,Divorced,Home,0,6308.74,6140.97,16499.65,1
56,Male,90324.57,7527.05,Salaried,13,149234.43,48,733,0,0.4934,0,High School,Own,Divorced,Home,0,0.0,2556.12,3713.71,0
65,Male,156699.95,13058.33,Self-Employed,21,130110.82,48,671,0,0.2479,0,Bachelor,Mortgage,Divorced,Personal,0,21773.3,14373.61,3237.81,0
43,Female,117900.23,9825.02,Salaried,19,109287.71,48,696,0,0.2768,2,Bachelor,Mortgage,Single,Auto,0,10246.37,7502.96,2719.63,0
67,Female,396865.14,33072.1,Self-Employed,40,91912.89,48,723,0,0.0692,1,PhD,Mortgage,Single,Auto,0,150423.81,17413.5,2287.26,0
51,Male,170344.37,14195.36,Self-Employed,27,212811.44,36,602,1,0.5326,4,Bachelor,Own,Divorced,Business,0,35173.54,18964.36,7170.46,0
31,Male,83156.01,6929.67,Self-Employed,8,254893.47,48,679,1,0.9525,2,High School,Own,Married,Home,0,37305.7,14233.71,6343.03,0
30,Male,43006.22,3583.85,Salaried,6,126379.24,36,690,1,1.1847,1,High School,Rent,Divorced,Home,0,17064.32,10835.01,4018.83,0
23,Male,69681.98,5806.83,Salaried,2,87073.73,60,641,3,0.4181,2,Bachelor,Rent,Married,Business,0,27260.41,15097.35,1981.19,0
34,Male,112437.3,9369.78,Salaried,7,29866.88,36,732,3,0.188,2,Bachelor,Mortgage,Married,Auto,0,56771.65,17894.61,949.76,0
36,Female,87472.48,7289.37,Salaried,10,120362.06,48,659,2,0.4811,1,Master,Own,Single,Business,0,40730.34,18656.77,3229.01,0
30,Female,12703.98,1058.66,Student,0,9879.52,24,757,1,0.7068,0,Bachelor,Mortgage,Married,Personal,0,5054.07,386.92,437.87,0
49,Female,55109.26,4592.44,Salaried,4,16411.89,12,741,1,0.3757,0,Bachelor,Mortgage,Married,Education,0,15039.18,4535.72,1435.24,0
30,Male,81620.96,6801.75,Salaried,8,26666.28,48,670,0,0.1052,0,Bachelor,Mortgage,Single,Education,1,17641.52,4000.98,715.39,0
32,Female,66377.58,5531.46,Salaried,5,143270.57,36,720,1,0.8633,2,Bachelor,Mortgage,Single,Home,0,22834.92,14410.82,4555.97,0
50,Male,34781.1,2898.42,Self-Employed,6,145625.94,36,726,0,1.5,0,High School,Mortgage,Married,Home,0,18383.63,2812.57,4630.87,1
61,Male,4706.57,392.21,Unemployed,0,2000.0,60,573,1,0.6181,0,High School,Rent,Married,Auto,0,5160.53,2606.55,50.79,1
21,Female,105863.34,8821.94,Salaried,0,57111.44,48,648,0,0.1737,2,Bachelor,Rent,Single,Auto,0,0.0,1874.47,1532.16,0
25,Female,29508.0,2459.0,Salaried,3,16922.15,12,632,1,0.693,0,High School,Own,Single,Auto,1,6391.74,5089.45,1511.44,1
40,Female,39279.0,3273.25,Salaried,13,13964.8,12,820,0,0.3672,1,High School,Rent,Single,Auto,0,20169.58,8667.03,1201.9,0
28,Female,65030.41,5419.2,Salaried,2,51358.95,36,573,0,0.3426,3,High School,Own,Single,Personal,1,10515.49,5736.83,1856.75,0
63,Female,79752.03,6646.0,Salaried,21,86066.65,36,761,0,0.394,1,High School,Rent,Divorced,Business,0,13085.96,5955.59,2618.31,0
32,Female,43784.46,3648.7,Self-Employed,5,15440.84,12,608,0,0.378,0,High School,Rent,Married,Personal,0,8824.78,8088.19,1379.13,0
21,Female,75665.41,6305.45,Salaried,0,9945.35,12,610,0,0.1409,1,Bachelor,Rent,Married,Education,0,4731.67,3737.49,888.29,0
40,Female,80500.93,6708.41,Salaried,10,35261.33,24,710,1,0.2718,2,Bachelor,Own,Married,Education,0,0.0,2101.27,1610.9,0
48,Female,139154.8,11596.23,Self-Employed,27,52622.49,36,677,2,0.1926,1,Bachelor,Rent,Single,Education,0,66841.86,42628.95,1673.38,0
63,Female,113026.28,9418.86,Salaried,6,59250.61,48,769,2,0.1982,0,Bachelor,Mortgage,Married,Personal,0,12488.65,8835.94,1391.5,0
57,Female,92536.06,7711.34,Salaried,5,135377.8,48,728,0,0.4369,0,PhD,Rent,Divorced,Home,0,45129.85,11155.19,3368.88,0
67,Male,175158.74,14596.56,Salaried,35,514208.98,36,681,0,1.1202,2,High School,Mortgage,Married,Home,0,90456.57,46378.96,16351.71,0
57,Female,74868.96,6239.08,Salaried,21,199279.86,12,775,0,1.5,0,Bachelor,Rent,Married,Home,0,25074.78,16164.28,17151.31,0
32,Male,70553.02,5879.42,Salaried,2,110786.72,24,679,1,0.9179,2,High School,Rent,Married,Business,1,13980.01,7146.99,5061.26,0
57,Male,209405.09,17450.42,Self-Employed,32,74413.42,48,630,0,0.1144,1,Bachelor,Rent,Divorced,Education,0,79991.83,41600.18,1996.33,0
69,Male,4820.9,401.74,Unemployed,0,2297.05,60,591,0,0.1045,1,Master,Mortgage,Single,Auto,0,5663.73,2318.21,52.26,0
69,Female,83473.58,6956.13,Salaried,20,24773.17,24,708,1,0.2174,3,Bachelor,Rent,Single,Personal,0,44459.16,15675.6,1131.76,0
64,Female,141999.37,11833.28,Salaried,10,359553.38,12,818,1,1.5,0,Bachelor,Rent,Divorced,Home,0,24498.14,13685.25,30945.48,0
48,Male,130936.89,10911.41,Self-Employed,12,71116.03,24,513,1,0.3388,0,Bachelor,Rent,Divorced,Personal,1,17323.32,6995.97,3550.4,0
67,Male,64061.38,5338.45,Salaried,2,40582.07,48,767,1,0.2076,1,Bachelor,Rent,Married,Auto,0,3292.14,2321.87,953.07,0
35,Male,38252.76,3187.73,Salaried,12,10177.85,24,714,0,0.1459,0,High School,Mortgage,Single,Education,0,24187.9,10640.64,464.97,0
26,Female,112202.25,9350.19,Salaried,1,89928.76,12,716,0,0.8411,1,Bachelor,Rent,Single,Business,0,51662.57,26779.66,7864.4,0
64,Male,176329.37,14694.11,Self-Employed,40,329223.61,36,689,0,0.7125,4,Bachelor,Rent,Married,Home,0,63236.15,27120.67,10469.22,0
40,Male,3762.67,313.56,Unemployed,0,4532.68,48,577,1,0.5924,3,Bachelor,Mortgage,Divorced,Business,0,2754.78,3718.58,133.15,1
34,Male,14118.34,1176.53,Student,0,5967.25,36,733,2,0.5582,1,High School,Rent,Single,Personal,0,11612.39,9072.58,189.76,0
22,Male,85902.06,7158.5,Self-Employed,0,53054.22,48,550,1,0.2546,3,Master,Rent,Married,Auto,0,8099.1,6032.85,1558.47,0
29,Male,50089.09,4174.09,Salaried,1,176739.47,48,604,0,1.1359,0,High School,Mortgage,Divorced,Home,0,24155.0,9392.44,4741.48,0
57,Female,124656.34,10388.03,Self-Employed,27,316049.9,24,562,2,1.5,1,High School,Mortgage,Single,Home,0,47884.77,16589.81,15778.51,1
40,Male,126664.21,10555.35,Salaried,7,67474.28,36,661,0,0.2154,1,Bachelor,Mortgage,Married,Education,0,34467.28,10275.63,2273.48,0
46,Female,3001.78,250.15,Unemployed,0,2000.0,48,754,2,1.5,0,High School,Rent,Single,Auto,0,8231.79,5440.2,46.97,1
49,Male,10986.74,915.56,Unemployed,0,6672.59,12,550,1,0.9239,0,Bachelor,Rent,Married,Auto,1,13764.56,7919.27,611.74,1
21,Male,14325.4,1193.78,Student,0,44291.71,48,655,1,1.2354,3,Bachelor,Rent,Divorced,Home,0,7000.69,4523.01,1188.24,1
55,Male,4592.7,382.72,Unemployed,0,13232.03,48,590,0,0.71,2,Bachelor,Own,Single,Home,0,4333.13,4115.3,354.98,1
26,Female,77796.26,6483.02,Salaried,1,47090.63,36,653,0,0.2447,2,Bachelor,Mortgage,Married,Personal,1,0.0,3266.96,1586.67,0
57,Female,228123.06,19010.26,Self-Employed,31,590692.72,12,627,1,1.5,0,Bachelor,Rent,Divorced,Home,1,39996.22,8519.41,52759.06,1
25,Female,9873.48,822.79,Student,0,3757.46,12,604,0,0.4079,0,Master,Rent,Divorced,Education,1,4687.52,2359.65,335.61,0
53,Female,138458.41,11538.2,Salaried,22,14259.61,24,654,1,0.0768,3,Bachelor,Rent,Married,Auto,0,26709.5,17562.6,677.93,0
69,Male,161067.34,13422.28,Self-Employed,23,63561.03,24,798,1,0.2212,1,Bachelor,Own,Married,Education,0,34980.13,12852.03,2817.06,0
34,Female,9674.39,806.2,Unemployed,0,5384.47,24,572,0,0.3334,1,Master,Mortgage,Single,Personal,0,6249.83,4366.79,268.81,1
32,Female,58280.87,4856.74,Salaried,0,135241.17,24,588,0,1.3239,3,High School,Mortgage,Single,Home,1,10768.04,6883.01,6429.61,1
62,Male,162225.6,13518.8,Salaried,23,350422.72,12,799,0,1.5,1,Bachelor,Mortgage,Married,Home,0,60255.48,31402.91,30159.63,0
40,Female,47070.25,3922.52,Salaried,2,137590.79,12,588,1,1.5,1,High School,Mortgage,Single,Home,1,26027.48,14385.12,12289.23,1
44,Male,92666.04,7722.17,Salaried,16,63391.06,36,736,0,0.261,0,High School,Rent,Married,Business,0,21566.57,6528.91,2015.82,0
63,Male,37402.92,3116.91,Salaried,6,46611.85,36,718,0,0.4755,0,High School,Rent,Married,Home,0,18489.44,10840.99,1482.24,0
54,Male,92774.93,7731.24,Salaried,9,41792.86,36,782,0,0.1645,2,Bachelor,Rent,Divorced,Auto,0,49702.94,18942.18,1271.42,0
45,Male,88797.32,7399.78,Salaried,18,21110.91,60,636,0,0.0649,0,Bachelor,Own,Married,Auto,0,35713.47,16988.86,480.34,0
49,Female,99606.51,8300.54,Salaried,23,13820.09,12,768,0,0.1433,1,High School,Rent,Single,Auto,0,0.0,2271.0,1189.45,0
59,Male,7620.45,635.04,Student,0,2641.41,36,717,1,0.6801,0,Master,Rent,Married,Education,0,7793.51,5028.15,84.0,1
51,Male,99587.55,8298.96,Salaried,8,63818.96,36,716,1,0.2708,0,Bachelor,Mortgage,Married,Education,0,46056.71,13204.55,2029.43,0
67,Male,9773.25,814.44,Unemployed,0,2000.0,36,650,0,0.0827,1,PhD,Own,Single,Personal,0,3354.21,709.47,67.39,0
63,Female,182128.58,15177.38,Salaried,14,89192.66,36,667,1,0.2079,0,PhD,Own,Single,Auto,0,9721.54,7209.0,3005.25,0
43,Female,88403.63,7366.97,Salaried,16,46056.21,24,850,3,0.4147,3,Bachelor,Rent,Divorced,Auto,0,45985.02,27847.05,2041.24,0
64,Male,133028.63,11085.72,Salaried,21,39642.97,48,727,4,0.1626,0,Master,Own,Single,Auto,0,46159.03,17387.7,986.52,0
58,Male,172969.3,14414.11,Self-Employed,16,506329.04,24,673,2,1.5,1,Bachelor,Mortgage,Divorced,Home,0,10556.84,5955.67,23131.51,0
40,Male,220315.62,18359.63,Salaried,18,499444.37,24,665,2,1.322,0,Master,Own,Divorced,Business,0,78693.8,34362.81,23744.5,0
43,Female,35413.8,2951.15,Salaried,8,162527.64,24,711,0,1.5,0,High School,Own,Married,Home,0,15017.85,9182.6,7425.03,0
65,Male,268346.44,22362.2,Salaried,37,709409.82,12,748,0,1.5,0,Bachelor,Rent,Married,Home,0,27128.5,10108.41,62038.94,0
36,Male,49617.78,4134.81,Salaried,2,22103.26,24,719,3,0.5095,3,Bachelor,Mortgage,Single,Education,0,16429.81,4662.1,1009.78,0
62,Male,110682.47,9223.54,Salaried,7,79066.53,60,706,0,0.1779,0,Bachelor,Mortgage,Divorced,Personal,0,30129.78,9777.56,1641.29,0
28,Female,126180.37,10515.03,Salaried,5,29613.3,60,710,2,0.0908,2,Master,Mortgage,Married,Education,0,31433.04,11908.64,614.72,0
41,Female,89654.35,7471.2,Salaried,16,52846.66,36,747,0,0.2249,0,Master,Rent,Single,Education,0,24604.02,14916.86,1680.51,0
21,Male,39758.66,3313.22,Self-Employed,0,27725.7,36,736,3,0.4643,0,High School,Rent,Married,Auto,0,1556.44,2795.6,881.67,0
28,Male,9758.54,813.21,Unemployed,0,2118.21,36,597,1,0.2815,2,Master,Mortgage,Married,Personal,1,7055.73,2601.73,71.37,1
49,Male,48412.79,4034.4,Salaried,5,54772.16,36,759,0,0.413,1,High School,Mortgage,Single,Business,0,11558.26,3526.7,1666.28,0
52,Female,108816.9,9068.07,Salaried,12,20006.4,36,646,0,0.0743,1,Bachelor,Own,Divorced,Education,0,2747.94,3589.4,674.09,0
58,Female,161723.32,13476.94,Self-Employed,20,254716.15,36,668,0,0.6368,0,Bachelor,Mortgage,Married,Home,0,60077.44,22101.45,8582.39,0
25,Female,33151.22,2762.6,Salaried,4,102378.44,48,586,1,1.0766,0,High School,Rent,Married,Home,0,17231.76,7053.61,2746.56,0
67,Female,231873.39,19322.78,Salaried,33,103859.6,48,656,0,0.1442,1,Bachelor,Own,Single,Auto,0,99391.57,43961.22,2786.29,0
42,Male,58490.77,4874.23,Salaried,11,23734.55,36,694,3,0.2982,3,Bachelor,Mortgage,Married,Auto,0,12431.7,5288.32,754.75,0
67,Female,96060.82,8005.07,Self-Employed,38,14570.64,36,734,1,0.0833,0,High School,Mortgage,Married,Education,0,36539.68,15898.72,463.34,0
54,Female,9630.67,802.56,Unemployed,0,7111.49,24,649,1,0.568,3,Bachelor,Own,Married,Business,0,9917.85,4698.04,338.09,0
21,Male,14118.75,1176.56,Student,0,10871.68,24,587,2,1.0562,0,Bachelor,Mortgage,Married,Education,0,8806.49,3788.96,516.86,1
46,Female,9603.44,800.29,Unemployed,0,2638.89,36,653,1,0.5944,1,Bachelor,Mortgage,Married,Personal,0,5436.2,2309.85,88.91,1
63,Male,81423.93,6785.33,Self-Employed,31,185028.88,36,625,1,0.9655,0,High School,Rent,Single,Business,1,47844.56,25515.16,6234.35,1
30,Male,11857.24,988.1,Unemployed,0,38648.9,48,545,3,1.5,1,Master,Own,Married,Home,0,8701.74,6742.65,1135.31,1
50,Female,109600.11,9133.34,Salaried,5,76045.36,24,697,1,0.4133,0,Master,Rent,Single,Auto,0,4973.25,2969.52,3474.11,0
38,Female,71869.0,5989.08,Self-Employed,16,46481.27,24,604,2,0.4897,0,High School,Rent,Single,Education,1,28365.07,13858.07,2209.8,0
37,Female,87375.07,7281.26,Salaried,7,61865.58,60,639,0,0.1933,4,High School,Mortgage,Single,Education,1,23705.74,9660.78,1407.63,0
46,Male,67945.08,5662.09,Self-Employed,5,54994.31,12,684,1,0.9073,2,Master,Mortgage,Divorced,Auto,0,20063.55,3177.13,4809.33,0
28,Female,91879.08,7656.59,Salaried,4,19103.54,24,645,0,0.1186,2,Bachelor,Rent,Divorced,Personal,0,48293.79,25235.31,908.22,0
67,Female,161218.84,13434.9,Salaried,30,105190.76,48,719,2,0.2449,0,High School,Rent,Single,Business,0,57206.67,19175.19,2617.68,0
60,Male,77416.81,6451.4,Salaried,18,40183.51,36,813,0,0.1895,3,Bachelor,Own,Single,Auto,0,28062.49,8527.18,1222.46,0
69,Female,103044.06,8587.0,Salaried,8,21077.61,12,777,1,0.2474,1,Bachelor,Mortgage,Single,Auto,0,0.0,1123.11,1814.07,0
32,Female,53126.36,4427.2,Salaried,3,134961.45,36,676,0,0.9694,3,Bachelor,Rent,Married,Home,0,2348.1,995.21,4291.74,0
47,Male,111198.24,9266.52,Salaried,15,52291.01,24,662,3,0.3599,0,High School,Own,Married,Education,1,36141.15,20135.19,2486.01,0
28,Female,84844.37,7070.36,Self-Employed,1,11768.97,24,703,0,0.076,0,Bachelor,Mortgage,Married,Education,0,6336.05,5456.45,537.66,0
45,Male,4346.03,362.17,Unemployed,0,8057.11,24,543,1,1.3589,4,High School,Rent,Married,Home,1,5242.83,3062.53,402.24,1
66,Male,254218.55,21184.88,Self-Employed,38,608349.78,24,673,0,1.3119,1,PhD,Rent,Married,Home,0,68436.4,39753.75,27792.3,0
24,Male,85397.0,7116.42,Self-Employed,3,193515.41,60,634,1,0.6735,3,Bachelor,Mortgage,Single,Home,1,21360.56,7116.65,4403.07,1
53,Female,202182.44,16848.54,Self-Employed,30,283738.37,36,671,0,0.5355,0,Bachelor,Mortgage,Single,Business,0,0.0,2373.77,9022.8,0
21,Male,6874.94,572.91,Unemployed,0,2221.26,24,464,1,0.7574,1,Bachelor,Rent,Single,Education,0,7704.33,5313.7,110.89,1
39,Female,88915.31,7409.61,Salaried,18,59036.51,60,697,0,0.1654,3,Bachelor,Mortgage,Married,Education,0,44051.13,20123.57,1225.5,0
51,Male,120813.12,10067.76,Salaried,0,282697.9,24,762,0,1.2445,1,Master,Rent,Divorced,Business,0,4073.83,2983.58,12529.34,0
36,Female,3183.64,265.3,Unemployed,0,6698.43,60,611,1,0.9268,2,High School,Own,Single,Business,0,6545.23,5511.56,152.41,1
34,Female,178079.39,14839.95,Salaried,9,622939.33,24,736,0,1.5,0,Master,Rent,Single,Home,0,70762.21,21232.16,28458.82,0
68,Female,123592.82,10299.4,Salaried,44,110779.62,12,724,0,0.9406,0,High School,Mortgage,Divorced,Personal,0,37170.1,18683.18,9687.84,0
25,Male,86453.29,7204.44,Self-Employed,0,66211.52,36,685,3,0.3906,0,Bachelor,Mortgage,Single,Auto,0,26844.46,16410.58,2105.51,0
61,Female,88693.52,7391.13,Salaried,10,397434.5,60,638,0,1.2235,1,Bachelor,Mortgage,Single,Home,0,28307.54,7305.74,9042.86,1
46,Female,91187.74,7598.98,Salaried,1,27529.54,48,792,1,0.1147,2,Bachelor,Rent,Divorced,Auto,0,22267.21,10480.36,646.53,0
48,Female,250053.64,20837.8,Salaried,20,66219.06,12,786,1,0.2897,0,Master,Rent,Married,Personal,0,104990.7,59276.92,5699.24,0
22,Male,90105.32,7508.78,Self-Employed,0,21105.28,24,675,0,0.1284,1,Bachelor,Own,Married,Education,0,20724.86,5962.72,964.19,0
26,Female,11714.09,976.17,Student,0,19947.9,36,669,2,1.1315,2,Bachelor,Rent,Married,Business,0,9423.92,3189.18,672.12,1
29,Male,155918.94,12993.24,Salaried,6,111683.55,12,547,1,0.8172,0,Master,Mortgage,Married,Education,2,0.0,1737.97,10239.15,1
53,Female,112023.75,9335.31,Salaried,31,447127.4,36,644,2,1.5,3,High School,Rent,Single,Home,0,7692.52,7117.76,15065.49,1
61,Female,103722.14,8643.51,Salaried,11,56469.41,48,740,2,0.1973,4,Master,Rent,Married,Education,0,50906.65,12032.96,1405.24,0
45,Male,98664.15,8222.01,Self-Employed,0,93908.37,60,619,0,0.2599,0,Bachelor,Mortgage,Married,Business,0,4317.48,2649.11,2136.7,0
68,Male,144708.73,12059.06,Salaried,17,18764.65,36,777,3,0.0863,0,Bachelor,Rent,Divorced,Personal,0,68533.63,35715.84,570.86,0
33,Male,47201.61,3933.47,Salaried,4,220639.75,36,666,1,1.5,0,High School,Own,Divorced,Home,0,14619.82,5502.43,7434.23,1
29,Female,62845.48,5237.12,Salaried,2,14027.73,24,635,0,0.1273,2,Bachelor,Mortgage,Single,Auto,0,35307.89,24369.32,666.9,0
33,Female,69995.03,5832.92,Salaried,10,112882.62,12,683,2,1.5,0,High School,Own,Married,Home,0,30828.46,17407.41,9871.75,0
51,Male,48096.78,4008.06,Salaried,9,29474.18,36,598,0,0.2478,2,High School,Mortgage,Single,Auto,0,24727.72,16503.87,993.1,0
61,Male,170901.62,14241.8,Salaried,37,97418.65,24,621,2,0.3418,1,High School,Rent,Single,Auto,0,40954.54,7875.63,4631.46,0
31,Male,100508.72,8375.73,Salaried,1,27600.4,48,650,1,0.1196,2,Bachelor,Mortgage,Married,Education,0,45763.4,11410.99,740.45,0
24,Male,65473.51,5456.13,Salaried,2,26464.91,36,640,0,0.1634,2,Bachelor,Mortgage,Married,Personal,0,16862.03,5927.24,891.71,0
54,Male,61533.2,5127.77,Salaried,3,24783.79,24,690,1,0.2739,4,Master,Rent,Married,Education,0,19.26,1193.15,1132.24,0
58,Female,47460.66,3955.06,Salaried,18,24157.71,36,698,1,0.2388,0,High School,Own,Married,Auto,0,22000.21,4479.69,768.21,0
66,Male,107611.17,8967.6,Salaried,20,64809.02,24,554,0,0.3608,0,Bachelor,Mortgage,Married,Auto,0,41091.15,24244.79,3235.53,0
24,Female,50505.58,4208.8,Self-Employed,1,158097.96,36,649,0,1.2657,0,Bachelor,Mortgage,Married,Home,0,2552.8,3378.03,5326.95,1
58,Female,102999.92,8583.33,Salaried,0,30786.86,36,789,2,0.175,1,Bachelor,Mortgage,Married,Auto,0,46738.77,24239.95,936.6,0
39,Male,6207.83,517.32,Unemployed,0,2102.65,48,544,3,1.5,1,Master,Mortgage,Single,Personal,1,6994.11,6553.39,61.77,1
26,Female,71234.23,5936.19,Salaried,3,242460.26,36,678,1,1.3289,4,Bachelor,Rent,Married,Home,0,18533.26,3802.81,7710.17,1
54,Female,132093.43,11007.79,Salaried,21,65779.83,24,776,1,0.2927,2,Master,Rent,Divorced,Education,0,29265.97,8040.28,2915.4,0
38,Male,148873.31,12406.11,Salaried,12,96829.88,36,649,0,0.263,0,Bachelor,Mortgage,Single,Auto,0,0.0,1769.29,3262.58,0
33,Male,127954.23,10662.85,Salaried,8,65348.68,36,568,0,0.2216,2,Bachelor,Mortgage,Married,Personal,0,0.0,2498.63,2362.51,0
61,Male,66324.49,5527.04,Salaried,0,47919.93,12,792,0,0.7462,0,Bachelor,Own,Divorced,Auto,0,15913.3,11555.92,4124.3,0
43,Male,104419.82,8701.65,Salaried,14,12987.19,36,633,0,0.0503,0,Master,Rent,Married,Personal,0,12189.97,7563.1,437.59,0
39,Male,226510.17,18875.85,Salaried,14,70046.4,24,675,1,0.1883,2,Master,Own,Married,Education,0,93676.54,54866.15,3200.05,0
65,Male,93008.04,7750.67,Self-Employed,13,40533.82,12,631,0,0.4671,4,Bachelor,Mortgage,Single,Auto,0,20969.48,6083.41,3620.37,0
31,Male,147446.64,12287.22,Self-Employed,4,707674.86,12,584,1,1.5,0,Master,Mortgage,Married,Home,0,2850.46,4098.75,63207.59,1
21,Male,48152.48,4012.71,Salaried,0,38845.32,36,609,4,0.585,2,High School,Rent,Married,Business,0,7052.57,7573.19,1308.85,0
44,Male,210189.94,17515.83,Salaried,16,825415.36,48,722,1,1.181,3,Master,Mortgage,Single,Home,0,68017.44,16818.17,20540.5,0
27,Male,58896.55,4908.05,Self-Employed,5,24932.89,36,686,0,0.1615,0,High School,Mortgage,Married,Personal,0,30817.94,17052.43,792.86,0
45,Male,94086.95,7840.58,Salaried,8,81390.3,12,754,3,0.9796,0,High School,Rent,Single,Education,0,41696.05,14406.03,7004.97,0
41,Female,114437.26,9536.44,Self-Employed,19,45496.17,48,684,1,0.1371,2,High School,Mortgage,Married,Auto,0,4557.06,2747.28,1132.17,0
35,Male,7602.89,633.57,Student,0,2173.12,36,593,0,0.1156,2,PhD,Rent,Divorced,Education,0,5960.04,3186.0,73.22,0
21,Female,6303.78,525.31,Unemployed,0,11781.16,60,526,4,1.5,0,Master,Mortgage,Married,Home,1,3360.67,2630.59,299.16,1
32,Male,81680.21,6806.68,Salaried,9,228834.18,60,657,0,0.7649,0,Master,Mortgage,Married,Home,0,22508.19,11939.45,5206.68,0
27,Female,145961.02,12163.42,Salaried,1,110763.99,48,742,1,0.2521,1,Master,Mortgage,Married,Education,0,35493.58,18114.88,2756.37,0
35,Male,56360.34,4696.7,Self-Employed,8,171323.58,60,681,1,0.7851,2,Bachelor,Rent,Single,Home,0,1764.23,2544.22,3556.4,0
41,Female,89137.56,7428.13,Salaried,18,69663.16,48,692,0,0.2334,1,Master,Rent,Divorced,Business,0,1726.1,3485.62,1733.57,0
39,Female,204268.78,17022.4,Self-Employed,16,16056.32,60,688,0,0.0196,0,PhD,Mortgage,Single,Education,0,108226.9,34730.8,333.3,0
49,Male,102591.01,8549.25,Salaried,6,333302.19,36,621,0,1.3136,2,Bachelor,Rent,Single,Home,1,55430.46,15822.82,11230.27,1
45,Female,46285.72,3857.14,Self-Employed,7,5397.49,60,809,2,0.2075,1,High School,Mortgage,Married,Personal,0,0.0,2163.3,104.35,0
53,Female,125254.24,10437.85,Salaried,14,60572.1,24,658,1,0.2969,3,Bachelor,Rent,Married,Auto,0,4058.62,2000.6,2879.71,0
69,Male,209334.28,17444.52,Salaried,5,719587.03,12,704,0,1.5,3,PhD,Mortgage,Single,Home,0,101173.48,27019.93,62928.95,0
52,Female,112611.51,9384.29,Salaried,0,29696.33,36,642,1,0.139,2,Master,Rent,Single,Auto,0,26889.09,18798.0,1000.59,0
69,Female,248492.62,20707.72,Salaried,40,133789.41,24,656,0,0.3072,4,Master,Mortgage,Married,Personal,0,123418.14,36567.42,6360.59,0
55,Male,79909.19,6659.1,Salaried,6,140804.62,36,673,0,0.6724,4,Master,Own,Single,Business,0,25072.38,10142.68,4477.55,0
64,Male,74921.47,6243.46,Salaried,3,26304.74,48,746,1,0.1294,1,Master,Rent,Single,Auto,0,25205.09,11042.79,654.59,0
58,Female,73826.6,6152.22,Salaried,0,16813.55,24,721,0,0.1249,2,Bachelor,Rent,Single,Education,0,5437.62,2830.68,768.12,0
46,Female,95349.01,7945.75,Salaried,8,60660.66,12,626,1,0.7121,2,Bachelor,Mortgage,Single,Auto,0,43236.77,7124.36,5418.04,0
31,Female,53164.21,4430.35,Salaried,1,184048.83,36,581,0,1.3997,1,High School,Own,Married,Home,0,29219.32,17947.74,6201.33,1
55,Female,175372.93,14614.41,Salaried,33,191909.37,36,613,0,0.4425,0,Bachelor,Rent,Married,Business,1,24450.28,8598.32,6466.19,0
28,Male,68143.59,5678.63,Salaried,2,107414.3,36,730,2,0.6393,0,Bachelor,Mortgage,Married,Home,0,23933.56,6747.31,3415.75,0
66,Female,334841.82,27903.48,Salaried,45,120859.16,36,803,1,0.1405,0,Master,Mortgage,Single,Auto,0,41118.35,22266.31,3676.77,0
34,Male,79055.43,6587.95,Self-Employed,12,46876.66,12,654,1,0.6771,0,Bachelor,Rent,Single,Education,0,18362.77,15107.32,4186.9,0
30,Male,67616.44,5634.7,Salaried,0,43345.56,36,684,3,0.4002,0,High School,Rent,Single,Education,0,31085.65,18940.36,1378.38,0
22,Female,36108.6,3009.05,Self-Employed,1,9816.58,36,560,0,0.1179,3,High School,Rent,Single,Personal,0,11269.32,8196.76,354.89,0
66,Female,74186.88,6182.24,Salaried,2,9103.32,24,749,0,0.0673,1,Bachelor,Mortgage,Single,Auto,0,33793.74,8901.97,415.88,0
29,Male,59702.45,4975.2,Salaried,3,21797.14,36,645,4,0.4089,0,Bachelor,Mortgage,Single,Education,0,32240.83,9486.76,734.43,0
23,Female,83883.96,6990.33,Salaried,0,68194.73,24,453,0,0.487,1,Bachelor,Rent,Single,Education,2,16833.11,10751.31,3404.56,1
41,Male,56702.99,4725.25,Salaried,4,60218.34,12,607,0,1.1383,0,High School,Mortgage,Married,Business,0,30753.02,20227.42,5378.54,0
46,Male,91802.97,7650.25,Salaried,10,56694.61,24,780,2,0.3892,2,Bachelor,Mortgage,Single,Education,1,11159.23,6097.65,2512.74,0
28,Female,58508.01,4875.67,Salaried,5,79019.9,36,729,0,0.5154,0,High School,Rent,Single,Business,0,0.0,3832.68,2512.81,0
68,Male,146477.23,12206.44,Salaried,28,369982.41,36,722,1,0.9722,0,Bachelor,Own,Single,Home,0,0.0,1482.87,11765.34,0
22,Male,101637.41,8469.78,Salaried,0,53094.39,60,678,1,0.1546,3,Bachelor,Mortgage,Single,Auto,0,39480.19,8479.88,1102.15,0
26,Male,50565.59,4213.8,Salaried,2,9346.17,60,638,0,0.0505,1,Bachelor,Rent,Married,Auto,0,5004.37,3750.9,212.65,0
48,Female,120265.87,10022.16,Salaried,6,30741.24,24,674,0,0.1401,3,Bachelor,Own,Single,Personal,0,60451.53,9288.16,1404.41,0
49,Male,108600.98,9050.08,Salaried,22,54384.59,36,688,0,0.1911,1,High School,Own,Single,Auto,0,50611.91,19413.66,1729.42,0
46,Male,8483.2,706.93,Student,0,4324.93,60,597,1,0.6634,0,Master,Rent,Single,Education,0,7152.17,3540.03,98.41,1
45,Female,11191.02,932.58,Unemployed,0,26425.39,24,638,0,1.3471,1,Bachelor,Rent,Single,Home,0,7125.59,3631.71,1256.31,1
32,Male,46032.3,3836.02,Salaried,9,59292.02,60,737,0,0.3209,0,High School,Mortgage,Married,Home,0,17755.01,3714.84,1230.8,0
25,Male,46996.72,3916.39,Salaried,4,34144.98,24,698,1,0.4494,0,High School,Own,Divorced,Auto,0,20062.88,10162.85,1559.9,0
54,Female,146973.3,12247.78,Salaried,31,516337.43,36,761,0,1.2825,0,Bachelor,Mortgage,Single,Home,0,32484.64,7306.78,15707.98,0
68,Male,156100.29,13008.36,Salaried,43,598630.88,48,728,0,1.1452,2,High School,Rent,Married,Home,0,18565.51,6714.25,14896.95,0
57,Female,72320.57,6026.71,Salaried,0,8723.94,12,632,3,0.2222,2,High School,Rent,Single,Education,0,36361.66,15105.92,779.2,0
35,Male,108251.34,9020.94,Salaried,8,191307.47,60,687,1,0.4814,0,Bachelor,Mortgage,Single,Home,0,0.0,1338.34,3971.23,0
64,Male,166825.65,13902.14,Salaried,16,437820.01,36,783,1,0.9673,0,Bachelor,Rent,Single,Home,0,23735.0,10504.49,13319.33,0
56,Male,151737.12,12644.76,Salaried,11,501363.7,12,782,1,1.5,3,Bachelor,Rent,Divorced,Home,0,49260.18,29733.22,43150.58,0
35,Male,104378.08,8698.17,Salaried,11,47875.43,12,731,3,0.5338,0,Bachelor,Mortgage,Single,Education,0,53278.43,30882.72,4186.78,0
63,Female,50566.57,4213.88,Salaried,1,32522.41,24,741,0,0.3526,1,High School,Mortgage,Divorced,Education,0,3155.88,1796.54,1485.78,0
68,Male,98999.7,8249.98,Salaried,8,55086.55,60,840,0,0.1291,1,Master,Rent,Married,Personal,0,33825.39,5994.04,1064.98,0
43,Male,79314.23,6609.52,Salaried,11,217958.72,48,707,1,0.8782,2,High School,Own,Single,Home,0,19166.28,11518.53,5423.91,0
26,Female,52082.34,4340.2,Salaried,3,8829.16,48,588,2,0.1405,0,Bachelor,Rent,Married,Education,0,23072.16,5322.88,236.86,0
66,Female,11343.29,945.27,Student,0,5850.3,24,664,1,0.6911,3,High School,Mortgage,Divorced,Personal,0,4288.94,4029.07,278.13,0
64,Male,13928.97,1160.75,Student,0,9199.07,48,700,0,0.1972,1,Master,Mortgage,Married,Education,0,12354.3,7125.48,228.92,0
63,Male,185335.5,15444.62,Salaried,24,72909.71,36,599,1,0.1842,0,Bachelor,Rent,Married,Auto,0,3644.46,2828.91,2456.62,0
65,Male,137902.61,11491.88,Self-Employed,35,91778.88,60,675,1,0.1879,0,High School,Mortgage,Single,Education,0,60902.84,37253.23,1905.18,0
41,Male,144547.63,12045.64,Salaried,11,49818.26,24,755,1,0.1956,0,Bachelor,Own,Single,Education,0,54691.19,13942.3,2207.98,0
43,Male,103304.47,8608.71,Salaried,17,67998.15,48,771,1,0.2155,0,High School,Mortgage,Single,Personal,0,50757.32,15422.71,1596.94,0
63,Female,182250.18,15187.52,Self-Employed,34,245640.28,12,706,1,1.4371,3,Bachelor,Mortgage,Married,Business,0,4378.87,3188.36,21481.61,0
36,Female,91895.79,7657.98,Salaried,5,42934.85,48,668,0,0.1504,0,Bachelor,Rent,Divorced,Auto,1,34995.74,9280.71,1151.83,0
67,Male,69198.36,5766.53,Salaried,32,106213.21,36,763,0,0.5603,3,High School,Rent,Married,Home,0,10349.19,6675.52,3231.21,0
35,Male,86900.57,7241.71,Salaried,6,13661.52,36,698,1,0.0979,1,Bachelor,Mortgage,Married,Auto,0,11717.83,8869.39,434.43,0
45,Male,85885.75,7157.15,Salaried,17,62739.63,24,620,0,0.4168,0,High School,Own,Single,Auto,0,17675.33,7778.02,2982.76,0
56,Male,130938.8,10911.57,Salaried,20,112348.91,24,694,1,0.4903,0,Bachelor,Mortgage,Married,Auto,0,20662.9,8068.31,5132.63,0
31,Male,12760.14,1063.34,Student,0,9996.85,24,669,1,0.7339,1,Bachelor,Rent,Divorced,Education,0,5798.56,5914.68,475.27,0
35,Female,61469.47,5122.46,Salaried,6,200881.29,24,453,0,1.5,2,Bachelor,Mortgage,Married,Home,0,24541.37,7826.78,10028.82,1
24,Female,9948.99,829.08,Unemployed,0,7329.06,24,565,0,0.4413,3,PhD,Rent,Married,Auto,0,7835.57,5177.75,365.9,1
41,Female,79466.42,6622.2,Salaried,7,23056.58,60,684,0,0.0723,2,High School,Mortgage,Married,Education,0,2542.61,5051.16,478.62,0
33,Female,11008.22,917.35,Unemployed,0,4958.68,48,633,0,0.145,1,PhD,Rent,Married,Education,1,6579.03,2295.21,133.03,1
42,Male,112675.69,9389.64,Self-Employed,18,132673.18,12,592,0,1.262,0,Bachelor,Mortgage,Divorced,Business,1,17393.45,13791.58,11850.01,1
39,Female,37886.43,3157.2,Salaried,3,81454.94,24,692,1,1.2795,3,High School,Mortgage,Married,Home,0,24822.41,5857.15,3721.25,0
54,Male,188794.29,15732.86,Salaried,25,87154.27,24,585,0,0.2634,3,Bachelor,Rent,Single,Auto,0,32996.45,21323.29,4143.47,0
34,Male,101224.07,8435.34,Salaried,6,76472.01,24,646,1,0.4519,0,Bachelor,Own,Married,Personal,0,0.0,2780.24,3635.62,0
24,Female,12124.92,1010.41,Student,0,47456.16,24,636,0,1.5,0,Bachelor,Rent,Single,Home,0,2387.88,2505.79,2256.15,1
68,Male,215530.63,17960.89,Salaried,47,112646.8,36,637,1,0.2224,2,High School,Rent,Married,Business,0,22144.76,13341.08,3795.52,0
66,Female,65286.74,5440.56,Self-Employed,22,119788.55,24,658,4,1.1649,2,High School,Mortgage,Single,Home,0,0.0,2463.75,5694.97,1
47,Male,90194.11,7516.18,Salaried,8,47678.66,60,729,1,0.1665,1,Bachelor,Own,Divorced,Education,0,22659.58,5110.16,989.73,0
49,Female,3926.97,327.25,Unemployed,0,6744.91,24,655,0,0.6413,1,Bachelor,Rent,Divorced,Home,0,6471.44,7130.83,320.67,1
67,Female,130619.83,10884.99,Salaried,7,43213.09,48,768,0,0.0932,3,Bachelor,Own,Single,Auto,1,53133.22,29785.54,1014.86,0
48,Female,45494.33,3791.19,Salaried,19,99528.65,48,608,2,0.9008,0,High School,Mortgage,Single,Home,0,21353.26,11272.98,2670.1,0
55,Female,142289.98,11857.5,Salaried,31,22633.96,60,640,0,0.0434,1,Master,Mortgage,Married,Auto,0,22114.75,7365.56,514.99,0
28,Male,100962.49,8413.54,Salaried,2,53747.24,60,663,1,0.1803,0,PhD,Own,Married,Auto,0,11166.24,3914.58,1222.91,0
36,Female,78822.04,6568.5,Salaried,6,156525.29,36,653,1,0.8213,0,High School,Mortgage,Single,Home,0,16422.07,5975.05,5273.96,0
62,Female,56422.71,4701.89,Salaried,0,11513.83,60,707,1,0.0826,3,High School,Mortgage,Single,Personal,0,1554.72,1519.32,239.01,0
56,Female,191940.26,15995.02,Salaried,29,342258.78,60,665,0,0.4869,1,Master,Mortgage,Married,Home,1,0.0,1901.6,7787.44,0
50,Female,137009.66,11417.47,Salaried,27,44989.04,36,808,1,0.1352,2,Master,Mortgage,Married,Auto,0,40353.98,7823.28,1368.65,0
38,Female,101057.87,8421.49,Salaried,16,160736.5,36,616,1,0.6867,1,Bachelor,Rent,Single,Business,0,48793.27,24848.8,5415.85,0
22,Female,124342.03,10361.84,Salaried,0,52287.28,48,707,1,0.15,2,Master,Mortgage,Married,Education,0,2974.11,3479.96,1301.17,0
69,Female,164043.02,13670.25,Salaried,37,64297.63,36,807,1,0.1598,1,Bachelor,Mortgage,Divorced,Education,0,21073.93,11603.93,1956.06,0
33,Female,65456.48,5454.71,Self-Employed,9,22953.21,60,592,2,0.1423,0,High School,Mortgage,Single,Education,0,96.75,2967.59,522.26,0
24,Female,93124.59,7760.38,Salaried,3,14641.28,12,749,4,0.3369,3,Bachelor,Rent,Married,Personal,0,10615.81,4889.2,1280.4,0
46,Male,194978.48,16248.21,Salaried,21,84358.17,60,802,0,0.1004,0,Bachelor,Mortgage,Single,Personal,0,83977.71,33952.2,1630.88,0
45,Male,108765.26,9063.77,Self-Employed,4,48280.89,60,643,2,0.1993,1,PhD,Rent,Single,Auto,0,0.0,4706.66,1098.54,0
50,Male,92903.66,7741.97,Salaried,24,38687.97,60,729,0,0.1037,1,High School,Own,Single,Personal,0,30391.99,19578.31,803.1,0
31,Male,68066.99,5672.25,Salaried,3,110611.36,36,628,0,0.657,0,Bachelor,Rent,Married,Home,0,0.0,726.48,3726.93,0
27,Male,89855.38,7487.95,Salaried,6,11651.22,12,752,0,0.1339,0,Bachelor,Mortgage,Married,Auto,0,20783.14,8749.2,1002.78,0
51,Female,165111.69,13759.31,Salaried,21,143324.67,48,594,1,0.307,2,Bachelor,Rent,Married,Education,0,33146.17,11507.83,3845.04,0
64,Male,135524.85,11293.74,Self-Employed,21,209737.44,48,634,1,0.5327,0,Bachelor,Mortgage,Single,Home,1,26930.07,9157.38,5626.73,0
30,Male,154806.22,12900.52,Salaried,4,65331.72,24,724,2,0.2846,1,Master,Mortgage,Single,Auto,0,46723.35,29523.19,2984.66,0
59,Female,183266.91,15272.24,Salaried,33,61229.81,24,756,0,0.1777,1,Bachelor,Mortgage,Married,Auto,0,92848.25,29707.12,2713.74,0
33,Female,74404.27,6200.36,Self-Employed,3,338304.08,24,654,1,1.5,0,Bachelor,Rent,Single,Home,0,8158.92,5552.57,16083.59,1
51,Female,210300.65,17525.05,Salaried,16,150742.13,60,760,3,0.1954,2,Master,Own,Single,Personal,0,62179.1,9382.32,2914.27,0
27,Female,46566.2,3880.52,Salaried,0,19951.62,24,552,0,0.2567,3,High School,Rent,Married,Education,0,8918.63,6194.64,996.07,0
69,Female,7155.53,596.29,Unemployed,0,7274.2,60,692,0,0.2532,0,PhD,Own,Divorced,Business,0,8153.01,7853.02,151.0,0
62,Male,286976.71,23914.73,Salaried,39,813231.37,24,736,0,1.5,1,Bachelor,Mortgage,Single,Home,0,139351.43,58776.2,37152.27,0
62,Female,169808.99,14150.75,Salaried,19,336899.13,24,765,3,1.1153,0,Bachelor,Rent,Married,Business,0,0.0,4411.4,14931.58,0
56,Female,166682.49,13890.21,Salaried,16,334694.97,24,688,1,1.1265,1,Bachelor,Mortgage,Single,Home,0,85732.1,53683.71,15290.45,0
40,Male,240427.23,20035.6,Salaried,19,69039.94,48,758,0,0.0809,1,PhD,Mortgage,Married,Personal,0,87987.53,19850.51,1621.4,0
24,Male,47500.12,3958.34,Salaried,3,76106.46,24,721,0,0.8784,0,High School,Mortgage,Married,Home,1,29941.24,16158.36,3476.9,0
27,Female,138688.07,11557.34,Self-Employed,6,38946.15,36,626,0,0.1135,0,Bachelor,Rent,Married,Education,0,56505.52,28091.21,1312.25,0
21,Male,55801.51,4650.13,Salaried,0,22313.32,12,624,2,0.568,1,Bachelor,Own,Married,Education,0,5172.26,6572.65,1992.96,0
64,Female,115316.62,9609.72,Salaried,17,59750.07,60,732,0,0.1291,0,High School,Mortgage,Single,Auto,0,41851.84,22065.42,1240.31,0
65,Male,220163.01,18346.92,Salaried,27,714843.89,36,665,1,1.3205,0,Bachelor,Rent,Single,Home,1,78924.14,47454.23,24085.92,1
62,Female,13175.55,1097.96,Student,0,31688.52,12,671,1,1.5,4,PhD,Mortgage,Single,Home,0,3211.66,3170.15,2771.21,1
67,Female,98253.44,8187.79,Salaried,15,50820.19,36,797,0,0.1888,0,Master,Rent,Married,Education,0,39595.7,15445.45,1546.05,0
33,Male,142181.87,11848.49,Salaried,10,22867.15,12,633,1,0.202,1,Bachelor,Rent,Divorced,Education,0,48624.66,30652.76,2042.43,0
42,Male,111722.68,9310.22,Salaried,7,51095.86,36,628,1,0.2084,0,Bachelor,Rent,Married,Auto,0,60904.46,34670.31,1721.62,0
41,Female,127528.99,10627.42,Salaried,11,346840.55,36,777,0,0.9929,3,Bachelor,Own,Married,Home,0,36383.07,22947.97,10551.56,0
42,Female,108068.65,9005.72,Salaried,17,295908.71,12,714,1,1.5,0,High School,Rent,Single,Home,0,25864.02,11783.03,25877.65,0
48,Female,6905.37,575.45,Unemployed,0,26807.58,36,630,0,1.5,0,Master,Mortgage,Married,Home,0,12865.64,8819.19,903.25,1
29,Male,92058.86,7671.57,Salaried,5,39524.33,24,680,0,0.2354,1,Master,Rent,Single,Personal,0,29227.73,10057.41,1805.66,0
46,Female,180588.61,15049.05,Salaried,17,389431.0,60,647,1,0.6017,3,Master,Rent,Single,Home,0,22489.92,10312.41,8860.75,0
29,Male,58432.84,4869.4,Salaried,7,30990.03,36,764,0,0.1936,2,Bachelor,Rent,Married,Auto,0,5578.44,1998.23,942.78,0
35,Male,133927.78,11160.65,Self-Employed,13,77738.85,36,631,2,0.2723,0,Bachelor,Own,Married,Education,0,54622.2,25952.0,2619.33,0
30,Male,49147.05,4095.59,Salaried,0,4135.43,12,548,4,0.4649,2,High School,Rent,Single,Personal,2,5107.62,6682.65,379.14,1
44,Female,78181.81,6515.15,Self-Employed,1,9381.02,36,635,1,0.0756,2,Bachelor,Rent,Married,Auto,1,38061.27,6312.2,316.08,0
62,Male,6858.22,571.52,Student,0,2000.0,36,777,0,0.1065,4,Bachelor,Rent,Married,Education,0,11493.61,5539.77,60.84,0
28,Male,64953.94,5412.83,Salaried,5,50619.54,48,663,2,0.3511,3,Master,Rent,Single,Auto,0,5981.28,4632.12,1358.0,0
44,Female,11112.7,926.06,Student,0,8318.93,36,742,0,0.2857,1,Master,Own,Married,Personal,0,4270.14,6971.91,264.54,0
36,Female,168030.49,14002.54,Salaried,4,46937.85,36,691,0,0.1066,2,PhD,Own,Single,Personal,0,50970.4,14923.63,1492.61,0
69,Male,183685.72,15307.14,Salaried,21,139132.9,48,697,2,0.252,1,Master,Rent,Single,Personal,0,9363.55,3722.16,3462.33,0
46,Male,98727.04,8227.25,Self-Employed,14,44175.47,24,624,1,0.2751,1,High School,Rent,Single,Education,0,27689.88,17604.64,2100.18,0
47,Male,156366.28,13030.52,Self-Employed,24,26265.24,60,731,0,0.0418,0,Bachelor,Mortgage,Single,Personal,0,30573.88,7781.91,545.22,0
57,Male,124034.03,10336.17,Self-Employed,21,66886.12,60,720,0,0.1343,0,High School,Rent,Married,Personal,0,49117.53,12214.13,1388.45,0
24,Female,44134.64,3677.89,Salaried,3,38648.29,48,590,1,0.3903,0,High School,Mortgage,Divorced,Personal,1,29387.29,19712.57,1036.84,0
44,Male,4431.08,369.26,Unemployed,0,2840.78,12,646,1,1.1243,4,Bachelor,Rent,Single,Auto,1,8985.8,5520.46,253.73,1
39,Female,70786.52,5898.88,Self-Employed,6,53576.15,48,640,0,0.2437,0,Bachelor,Mortgage,Single,Personal,0,26877.71,17196.48,1437.31,0
56,Female,90718.66,7559.89,Salaried,32,154344.19,24,697,0,0.9327,0,Bachelor,Rent,Single,Home,0,16999.32,11003.61,7051.17,0
59,Male,11006.24,917.19,Unemployed,0,2297.98,12,719,0,0.2191,0,High School,Own,Married,Auto,0,8042.9,3956.85,200.96,0
30,Female,14991.87,1249.32,Student,0,24643.35,36,763,1,0.8086,1,High School,Rent,Single,Business,0,759.89,1415.86,749.7,0
45,Male,68459.17,5704.93,Salaried,1,9223.23,48,650,0,0.0434,3,High School,Rent,Married,Auto,0,14462.86,4376.0,247.44,0
38,Male,51105.38,4258.78,Self-Employed,3,24252.53,48,524,2,0.2987,2,High School,Mortgage,Married,Personal,1,6336.29,2582.54,712.42,0
39,Male,68314.68,5692.89,Self-Employed,15,42227.05,12,665,0,0.6625,0,High School,Rent,Married,Education,1,6323.08,4638.06,3771.61,0
56,Male,137665.72,11472.14,Self-Employed,11,244907.97,24,744,0,0.9753,3,Bachelor,Rent,Divorced,Home,0,34089.35,9633.84,11188.56,0
30,Male,100994.51,8416.21,Salaried,0,195067.02,60,658,0,0.5274,0,Master,Rent,Single,Home,1,15895.9,7176.57,4438.37,0
53,Male,172734.94,14394.58,Salaried,15,119591.61,24,670,0,0.395,4,Bachelor,Own,Divorced,Education,0,34008.42,19456.75,5685.6,0
25,Female,7795.8,649.65,Student,0,22484.1,36,574,0,1.2512,0,Bachelor,Rent,Single,Home,0,3166.66,2822.73,812.85,1
67,Female,103801.07,8650.09,Salaried,38,76576.48,24,731,0,0.4044,2,High School,Rent,Single,Education,0,21065.04,7123.48,3498.38,0
69,Female,352223.85,29351.99,Self-Employed,22,216130.15,12,615,0,0.6577,0,PhD,Own,Married,Auto,0,33025.96,15028.16,19304.16,0
55,Male,141904.78,11825.4,Salaried,7,60125.38,24,690,1,0.2519,3,Bachelor,Mortgage,Married,Education,0,60909.18,6634.38,2746.81,0
64,Female,182845.31,15237.11,Salaried,8,83732.14,24,702,0,0.2511,0,Master,Mortgage,Married,Education,0,47578.03,25328.55,3825.28,0
54,Female,137503.56,11458.63,Salaried,13,66346.3,24,738,4,0.3209,0,Master,Mortgage,Single,Education,0,4028.73,2746.59,3031.01,0
53,Female,176564.88,14713.74,Self-Employed,8,81526.8,12,727,0,0.4846,3,Master,Mortgage,Divorced,Auto,0,0.0,2672.12,7129.64,0
41,Female,61104.67,5092.06,Salaried,14,24446.59,12,662,0,0.4288,0,High School,Rent,Single,Education,0,0.0,1457.22,2183.5,0
37,Female,63399.39,5283.28,Salaried,3,52163.96,24,610,0,0.4694,2,Bachelor,Mortgage,Single,Education,0,11502.22,2665.59,2479.97,0
42,Male,56507.63,4708.97,Salaried,2,85371.43,24,612,2,0.9302,2,High School,Rent,Single,Home,0,9720.55,4141.57,4058.71,0
68,Female,92497.88,7708.16,Salaried,9,64694.38,48,784,0,0.1971,1,High School,Rent,Married,Education,0,11476.8,5288.98,1519.35,0
57,Male,58552.37,4879.36,Salaried,24,129007.41,48,801,1,0.6679,0,High School,Rent,Married,Home,1,20374.67,6368.26,3029.74,0
35,Female,119314.26,9942.86,Self-Employed,3,80099.9,24,576,0,0.4022,3,Master,Mortgage,Married,Auto,0,48182.25,8228.01,3998.92,0
55,Male,239703.49,19975.29,Self-Employed,29,78212.4,48,792,0,0.092,3,Master,Own,Single,Personal,0,0.0,1513.65,1836.82,0
48,Male,90703.01,7558.58,Salaried,17,282761.46,24,811,0,1.5,1,High School,Mortgage,Single,Home,0,0.0,2573.01,12532.16,0
27,Male,58198.28,4849.86,Salaried,2,53019.22,36,617,0,0.3683,0,Bachelor,Rent,Single,Auto,0,12089.5,3830.95,1786.43,0
52,Female,121287.77,10107.31,Salaried,18,209047.47,12,695,0,1.5,0,PhD,Mortgage,Married,Home,0,25317.41,16774.57,18281.51,0
31,Male,112994.34,9416.2,Salaried,2,22346.44,24,718,1,0.1395,0,Bachelor,Mortgage,Married,Education,0,25186.37,15947.29,1020.89,0
30,Male,7745.12,645.43,Unemployed,0,12073.29,12,580,1,1.5,1,Bachelor,Mortgage,Married,Business,1,5305.45,2424.35,1106.88,1
29,Female,98896.55,8241.38,Salaried,1,29931.63,12,648,1,0.3379,3,Bachelor,Mortgage,Divorced,Auto,0,378.4,2430.82,2673.41,0
34,Female,95952.51,7996.04,Salaried,12,16612.57,60,744,0,0.0431,2,Bachelor,Rent,Single,Auto,0,24244.06,4454.28,344.85,0
33,Male,53707.72,4475.64,Salaried,8,112746.0,48,720,1,0.6943,2,Bachelor,Mortgage,Single,Home,0,23513.35,6045.92,2805.69,0
45,Male,63803.49,5316.96,Salaried,3,32735.57,24,641,1,0.3223,1,Bachelor,Rent,Married,Education,1,34767.1,13131.64,1556.31,0
22,Female,43002.42,3583.54,Salaried,0,9263.51,24,694,0,0.1181,0,Bachelor,Mortgage,Married,Auto,0,14285.41,6417.28,423.2,0
55,Female,43946.34,3662.2,Salaried,13,118484.41,12,729,0,1.5,2,High School,Mortgage,Married,Home,0,3635.37,4255.16,10361.64,1
27,Female,55727.83,4643.99,Salaried,1,154215.62,24,659,0,1.5,2,Bachelor,Rent,Divorced,Home,0,22305.92,15290.49,7331.69,1
41,Female,68014.69,5667.89,Salaried,5,42069.17,36,662,0,0.2501,2,High School,Rent,Married,Personal,0,33050.49,20332.11,1417.48,0
38,Male,126506.01,10542.17,Salaried,7,99058.72,36,626,2,0.3857,0,Bachelor,Own,Single,Education,0,6995.38,3792.98,3337.68,0
23,Female,10213.57,851.13,Unemployed,0,5495.29,36,556,0,0.2334,1,High School,Mortgage,Single,Business,0,6527.09,5101.48,198.67,1
62,Female,293302.33,24441.86,Salaried,26,218659.61,12,690,0,0.7824,0,Master,Rent,Married,Education,0,135091.92,53631.0,19122.11,0
59,Female,166518.95,13876.58,Self-Employed,23,113981.87,36,718,0,0.2612,0,Bachelor,Rent,Married,Business,0,63930.76,19917.85,3624.59,0
61,Male,62383.31,5198.61,Self-Employed,15,41650.92,12,767,0,0.6896,2,Bachelor,Rent,Single,Education,0,14467.54,11352.45,3584.75,0
69,Female,149158.41,12429.87,Salaried,9,25548.55,60,707,4,0.1529,0,PhD,Rent,Single,Auto,0,32285.18,12821.65,530.35,0
31,Female,73375.25,6114.6,Self-Employed,5,232418.51,48,660,1,1.0708,3,Master,Mortgage,Married,Home,0,3642.47,3128.45,6235.21,0
59,Male,325753.51,27146.13,Salaried,26,983421.5,60,662,2,0.8533,0,PhD,Rent,Married,Home,0,76004.82,30108.3,22375.86,0
44,Female,57631.09,4802.59,Salaried,6,116702.69,48,688,0,0.6047,1,Bachelor,Mortgage,Single,Home,0,28818.41,4496.9,2904.15,0
66,Female,63015.94,5251.33,Salaried,27,56148.37,24,767,2,0.534,2,High School,Own,Married,Personal,0,38227.07,7757.69,2488.53,0
39,Female,88739.05,7394.92,Self-Employed,17,41380.91,24,647,1,0.3009,1,Master,Rent,Single,Education,0,15310.8,8383.04,1967.32,0
24,Female,145550.28,12129.19,Salaried,0,434748.35,36,644,0,1.2077,2,Master,Rent,Divorced,Home,1,30253.29,15996.69,14648.39,1
46,Female,164570.89,13714.24,Salaried,7,120614.22,48,673,1,0.2456,2,Master,Mortgage,Single,Education,1,0.0,1499.99,3001.49,0
58,Female,127496.56,10624.71,Salaried,26,76133.56,36,734,2,0.2491,3,Bachelor,Mortgage,Married,Business,0,49765.64,10223.45,2421.03,0
62,Male,99914.08,8326.17,Salaried,13,226419.18,24,714,0,1.2423,0,Bachelor,Rent,Married,Home,0,39692.58,23877.33,10343.9,0
52,Male,36922.28,3076.86,Salaried,8,11922.46,24,654,2,0.381,0,High School,Mortgage,Single,Personal,1,8313.89,5243.2,566.82,0
59,Male,6579.17,548.26,Student,0,2000.0,36,750,0,0.116,1,Bachelor,Mortgage,Married,Personal,0,8246.68,3595.92,63.6,0
65,Female,110357.39,9196.45,Salaried,43,109677.09,24,688,1,0.5858,2,High School,Rent,Single,Education,1,35788.51,10393.97,5010.57,0
66,Female,53272.08,4439.34,Salaried,5,94293.47,36,801,0,0.6462,1,High School,Rent,Married,Business,0,22956.05,5364.56,2868.59,0
56,Female,147836.89,12319.74,Salaried,19,187854.65,12,638,1,1.3922,0,Bachelor,Rent,Married,Business,1,21849.93,12771.42,16778.67,1
60,Female,132651.85,11054.32,Salaried,27,41534.64,36,840,2,0.1577,0,Bachelor,Own,Single,Personal,0,45269.94,24275.09,1263.56,0
57,Female,136732.45,11394.37,Salaried,22,262025.61,36,789,0,0.6996,0,High School,Rent,Single,Home,0,41043.61,17756.77,7971.33,0
53,Female,5427.94,452.33,Unemployed,0,14350.73,48,549,1,1.5,2,Master,Rent,Married,Home,2,7257.73,4609.99,421.55,1
56,Male,11415.95,951.33,Unemployed,0,7691.86,24,623,1,0.6986,0,Master,Rent,Single,Auto,0,5083.63,2800.77,365.69,1
23,Female,12298.6,1024.88,Student,0,3169.2,48,636,2,0.528,0,Bachelor,Own,Married,Auto,1,9309.31,5395.3,85.02,1
29,Male,134390.16,11199.18,Self-Employed,7,238143.34,60,598,0,0.4838,0,Bachelor,Rent,Single,Home,1,6065.58,3449.15,5418.49,0
28,Female,162426.22,13535.52,Salaried,2,598852.13,36,748,0,1.4069,2,PhD,Mortgage,Divorced,Home,0,27060.43,16951.14,19043.34,1
53,Female,7685.84,640.49,Unemployed,0,31839.79,24,669,1,1.5,3,High School,Rent,Married,Home,0,4774.58,2187.65,1513.72,1
26,Female,7090.83,590.9,Unemployed,0,21893.86,48,634,1,1.3812,1,Bachelor,Mortgage,Married,Home,0,8035.95,5975.21,587.36,1
61,Male,4913.38,409.45,Unemployed,0,8202.17,24,682,0,0.7494,0,High School,Mortgage,Single,Business,0,3346.58,3733.94,374.71,1
59,Male,4981.74,415.14,Unemployed,0,3827.81,48,589,1,0.4208,0,Bachelor,Rent,Single,Business,1,8388.73,3409.14,102.69,1
24,Female,60749.29,5062.44,Self-Employed,3,133623.35,36,656,0,0.8894,1,Bachelor,Rent,Single,Business,0,26707.38,10187.64,4502.3,0
33,Female,79698.67,6641.56,Salaried,5,20023.49,36,709,4,0.1738,1,Bachelor,Rent,Single,Personal,0,43972.1,11348.34,636.74,0
69,Male,62697.3,5224.78,Salaried,25,48953.1,24,667,1,0.4846,1,High School,Rent,Married,Personal,1,19529.04,9302.49,2327.32,0
22,Female,46155.46,3846.29,Salaried,1,64466.12,12,634,0,1.497,3,High School,Mortgage,Married,Business,0,19571.46,8598.98,5757.94,1
25,Male,104032.01,8669.33,Salaried,1,61904.98,36,689,0,0.2271,3,Bachelor,Rent,Single,Auto,0,39133.63,9211.32,1968.56,0
64,Female,127437.18,10619.76,Self-Employed,6,106443.81,12,614,1,0.9295,0,Bachelor,Mortgage,Married,Auto,0,40774.97,23666.67,9507.27,0
47,Female,133711.15,11142.6,Self-Employed,14,36994.06,12,680,1,0.3006,0,Bachelor,Rent,Single,Education,0,60837.82,23048.88,3235.19,0
52,Female,90817.18,7568.1,Salaried,15,13781.05,36,699,3,0.1728,0,Bachelor,Rent,Single,Education,0,45858.26,9102.47,438.23,0
41,Female,62189.36,5182.45,Salaried,3,7608.49,24,601,0,0.0698,1,Bachelor,Rent,Divorced,Auto,0,20931.38,4451.58,361.72,0
28,Female,46675.73,3889.64,Salaried,5,85571.56,36,716,2,0.7757,1,High School,Rent,Married,Business,0,17413.75,7371.09,2721.15,0
58,Female,52002.04,4333.5,Salaried,1,19210.23,12,822,0,0.3815,2,High School,Rent,Married,Auto,1,10609.39,6547.82,1653.36,0
28,Male,137309.34,11442.44,Salaried,6,363324.11,12,653,1,1.5,0,Bachelor,Mortgage,Single,Home,0,30335.73,12422.41,32451.12,0
23,Male,49343.94,4112.0,Salaried,2,30776.83,36,631,4,0.4192,2,Bachelor,Rent,Single,Education,0,10013.42,4415.6,1036.99,0
64,Male,110056.33,9171.36,Salaried,30,103122.87,24,733,1,0.5246,1,High School,Mortgage,Single,Business,0,19183.09,5057.44,4711.14,0
23,Female,59112.22,4926.02,Salaried,0,99232.85,36,696,0,0.6406,4,High School,Own,Divorced,Business,0,34523.29,6807.22,3155.58,0
42,Male,71583.45,5965.29,Salaried,7,52511.05,12,621,1,0.8523,2,Bachelor,Mortgage,Married,Personal,0,38487.65,22847.43,4690.14,0
26,Male,82270.29,6855.86,Self-Employed,3,60269.42,24,674,0,0.4016,2,High School,Own,Single,Auto,0,13148.46,10969.48,2753.39,0
22,Male,66223.69,5518.64,Salaried,1,14987.27,12,665,1,0.29,0,Bachelor,Own,Married,Personal,0,6378.9,1617.38,1338.62,0
43,Male,111723.74,9310.31,Self-Employed,1,36617.55,48,561,0,0.1155,2,Bachelor,Rent,Married,Personal,0,0.0,1471.65,1075.64,0
64,Male,85593.72,7132.81,Salaried,14,40113.61,12,691,0,0.4918,0,High School,Rent,Married,Auto,0,39832.26,10116.05,3507.99,0
22,Female,26212.13,2184.34,Salaried,1,64033.55,60,660,0,0.667,2,High School,Mortgage,Single,Home,0,15123.78,9004.47,1456.96,0
58,Female,181689.12,15140.76,Salaried,31,67658.98,24,689,0,0.2041,0,Master,Rent,Single,Personal,0,34892.61,19421.41,3090.98,0
37,Female,5215.49,434.62,Student,0,3621.6,12,668,0,0.6469,0,Bachelor,Own,Single,Auto,0,7142.43,4170.64,323.47,0
55,Female,92554.95,7712.91,Salaried,10,273388.89,48,710,1,0.9023,0,Bachelor,Rent,Single,Home,0,36842.78,23140.44,6803.29,0
54,Male,176201.69,14683.47,Self-Employed,16,122048.22,36,637,1,0.2903,0,Bachelor,Mortgage,Married,Business,0,28042.64,8883.0,4112.29,0
43,Female,176504.35,14708.7,Self-Employed,21,109950.31,48,752,1,0.1901,0,Bachelor,Mortgage,Married,Business,0,8115.83,4165.84,2582.19,0
50,Male,237468.01,19789.0,Self-Employed,28,32942.1,36,576,0,0.0602,4,Master,Own,Married,Personal,0,0.0,1655.6,1190.94,0
28,Male,90354.03,7529.5,Salaried,4,358383.11,24,627,2,1.5,0,Bachelor,Mortgage,Divorced,Home,0,5674.16,4916.37,17038.19,1
42,Female,80277.54,6689.79,Self-Employed,21,56123.78,12,716,2,0.8004,2,High School,Rent,Single,Education,0,30239.47,12097.82,4908.11,0
64,Male,4115.4,342.95,Unemployed,0,3234.16,36,669,0,0.2179,0,Bachelor,Rent,Divorced,Education,0,4626.34,1817.69,108.97,0
56,Female,96191.76,8015.98,Self-Employed,32,301506.16,36,678,0,1.1961,1,Bachelor,Own,Divorced,Home,0,45023.18,25489.42,9587.82,0
25,Male,57972.32,4831.03,Self-Employed,3,39406.7,36,726,1,0.3074,0,Bachelor,Own,Married,Auto,0,3343.71,3676.69,1253.12,0
33,Female,79191.37,6599.28,Salaried,6,60571.39,24,628,2,0.5538,0,Bachelor,Mortgage,Single,Business,0,17355.25,5940.35,2879.67,0
49,Male,216238.12,18019.84,Salaried,28,762798.57,48,747,1,1.0721,0,Master,Mortgage,Married,Home,0,17986.91,7925.66,18982.27,0
51,Male,82415.26,6867.94,Self-Employed,14,26690.96,36,588,0,0.1309,1,Bachelor,Rent,Single,Auto,0,43389.23,11782.79,899.32,0
67,Female,132689.57,11057.46,Salaried,20,35085.19,24,718,0,0.145,0,High School,Mortgage,Married,Education,0,55429.21,23643.31,1602.86,0
36,Male,2768.5,230.71,Unemployed,0,2000.0,60,612,0,0.091,3,High School,Own,Single,Personal,0,6278.29,3424.21,45.51,0
62,Male,5947.92,495.66,Student,0,2000.0,24,722,0,0.1827,1,Bachelor,Rent,Married,Education,0,10206.61,4814.14,91.37,0
50,Male,108799.42,9066.62,Self-Employed,21,437603.49,48,640,1,1.3195,2,High School,Mortgage,Married,Home,0,44236.19,17477.6,11739.81,1
36,Female,12550.62,1045.88,Student,0,4261.9,12,579,0,0.3736,4,Bachelor,Rent,Single,Auto,1,3346.97,2680.61,390.73,1
32,Female,114851.21,9570.93,Salaried,1,398317.68,60,784,1,0.8184,2,Bachelor,Mortgage,Single,Home,0,5779.26,3021.21,7700.6,0
37,Male,7304.44,608.7,Unemployed,0,7246.22,36,591,0,0.4011,3,Bachelor,Mortgage,Single,Business,0,6317.28,4783.0,244.15,1
36,Female,106549.43,8879.12,Salaried,7,18150.04,12,620,0,0.1826,0,PhD,Mortgage,Married,Education,0,25745.45,11594.94,1621.11,0
32,Female,146668.75,12222.4,Salaried,9,314718.67,12,644,0,1.5,2,Bachelor,Rent,Married,Home,0,87.94,1931.44,28109.81,1
28,Female,82893.13,6907.76,Salaried,3,160530.86,36,725,1,0.7807,0,High School,Rent,Single,Home,0,13755.14,5207.78,5104.84,0
40,Female,85410.83,7117.57,Salaried,5,226210.85,36,759,2,1.0662,1,High School,Mortgage,Married,Home,0,10604.14,7975.79,6881.77,0
23,Male,10716.56,893.05,Unemployed,0,2553.14,36,535,1,0.4614,1,Bachelor,Own,Single,Auto,0,9616.62,4531.26,92.3,1
36,Female,31189.0,2599.08,Salaried,2,104273.0,24,800,0,1.5,3,High School,Rent,Married,Home,0,14528.83,5842.95,4621.44,0
50,Male,10548.73,879.06,Unemployed,0,8998.86,36,580,3,1.1293,3,Bachelor,Rent,Divorced,Business,0,5919.7,4244.64,325.33,1
65,Male,142416.24,11868.02,Salaried,24,60574.53,36,689,0,0.1623,0,High School,Mortgage,Single,Auto,0,68872.08,16183.96,1926.25,0
43,Female,116806.91,9733.91,Self-Employed,12,53864.1,48,617,0,0.1485,0,Bachelor,Rent,Divorced,Business,0,0.0,1535.47,1445.04,0
48,Female,244336.86,20361.4,Self-Employed,23,100049.11,60,618,1,0.1205,2,Master,Rent,Married,Personal,0,33062.41,14755.97,2276.42,0
60,Male,127698.52,10641.54,Self-Employed,30,185824.05,48,704,3,0.5185,2,High School,Mortgage,Single,Business,0,29158.02,13448.43,4624.24,0
25,Male,59104.36,4925.36,Salaried,0,24635.54,12,633,1,0.5179,0,Bachelor,Mortgage,Divorced,Auto,0,4961.05,4459.71,2200.38,0
40,Female,110927.02,9243.92,Self-Employed,9,288126.93,24,600,0,1.4818,1,Bachelor,Rent,Single,Home,0,5468.83,6676.87,13698.08,1
60,Male,137547.97,11462.33,Salaried,8,29286.91,12,690,0,0.2234,2,Bachelor,Own,Single,Personal,0,63719.44,36813.78,2561.18,0
64,Male,194295.13,16191.26,Self-Employed,40,603530.03,36,748,0,1.1853,2,Bachelor,Rent,Married,Home,0,6501.26,4838.93,19192.09,0
21,Male,81760.9,6813.41,Salaried,0,32407.03,48,539,1,0.1824,1,Bachelor,Rent,Married,Auto,2,43450.38,16902.67,951.96,0
50,Male,148530.78,12377.56,Salaried,23,490830.94,48,738,0,0.9868,2,Bachelor,Rent,Married,Home,0,142.11,613.43,12214.35,0
41,Female,98583.01,8215.25,Salaried,17,89121.42,36,632,2,0.4376,1,Bachelor,Mortgage,Single,Business,0,47441.28,7376.8,3002.85,0
40,Male,113222.65,9435.22,Salaried,8,65125.4,36,770,1,0.2454,3,Bachelor,Own,Divorced,Personal,0,22472.09,15968.8,1981.24,0
26,Female,7094.7,591.22,Unemployed,0,13630.6,24,684,0,1.0533,1,High School,Rent,Married,Home,0,8835.89,5495.79,622.71,1
42,Male,63731.5,5310.96,Salaried,4,37126.85,36,673,0,0.2223,1,Bachelor,Rent,Divorced,Education,0,9952.03,7316.42,1180.62,0
38,Female,206515.97,17209.66,Self-Employed,12,425022.78,24,757,0,1.0946,3,Master,Rent,Single,Home,0,21028.92,9707.48,18837.27,0
28,Female,203006.41,16917.2,Salaried,3,41512.51,12,624,0,0.2192,0,PhD,Rent,Married,Auto,0,44423.8,17782.2,3707.78,0
59,Female,5553.73,462.81,Student,0,7755.16,24,608,1,1.0376,3,Master,Mortgage,Divorced,Business,0,6032.07,2902.68,368.69,1
52,Female,111112.53,9259.38,Salaried,8,233226.3,48,604,1,0.7095,2,Bachelor,Mortgage,Single,Home,0,1910.3,2199.32,6256.88,0
53,Female,118040.89,9836.74,Salaried,18,318947.8,24,615,0,1.5,3,Bachelor,Rent,Divorced,Home,0,18728.52,9388.09,15163.36,1
36,Male,86180.16,7181.68,Self-Employed,3,178103.6,24,652,2,1.2695,0,Bachelor,Own,Single,Home,0,6954.59,6026.46,8467.37,1
32,Female,65537.23,5461.44,Self-Employed,0,70646.69,60,576,2,0.3684,2,Bachelor,Mortgage,Single,Business,0,28969.39,8024.76,1793.96,0
58,Female,178307.6,14858.97,Salaried,36,575787.21,36,850,0,1.1789,2,Bachelor,Rent,Divorced,Home,0,73434.31,15906.94,17516.56,0
54,Male,135866.6,11322.22,Salaried,30,499728.97,24,677,0,1.5,2,Bachelor,Rent,Divorced,Home,0,1193.91,1690.23,22829.99,0
34,Male,57437.1,4786.42,Salaried,6,112955.57,24,633,0,1.1219,0,Bachelor,Mortgage,Single,Home,1,23571.39,5237.37,5370.11,1
56,Female,89025.62,7418.8,Salaried,12,38406.94,12,677,0,0.4527,0,Bachelor,Mortgage,Single,Personal,0,21959.99,3898.99,3358.74,0
53,Female,105329.9,8777.49,Self-Employed,5,58730.12,12,703,1,0.6027,1,Bachelor,Mortgage,Married,Auto,0,51389.77,10088.16,5136.04,0
43,Male,42929.76,3577.48,Salaried,14,7421.96,48,724,1,0.1277,1,High School,Mortgage,Divorced,Auto,0,3570.85,4106.13,184.7,0
65,Male,56494.87,4707.91,Salaried,7,37746.1,48,784,1,0.2712,2,High School,Rent,Married,Education,0,3574.4,3721.83,886.47,0
22,Female,56399.11,4699.93,Salaried,1,242531.91,60,677,0,1.0712,0,Master,Rent,Married,Home,0,25712.18,8062.63,5034.56,0
61,Female,87339.16,7278.26,Salaried,9,40853.84,24,799,0,0.2488,3,Bachelor,Mortgage,Married,Education,0,42469.7,26700.73,1810.67,0
41,Female,58173.56,4847.8,Self-Employed,8,19715.44,36,661,0,0.137,1,Bachelor,Mortgage,Single,Auto,1,32374.65,15102.02,664.29,0
22,Female,65491.93,5457.66,Self-Employed,1,30092.13,36,645,0,0.1858,0,Bachelor,Own,Divorced,Personal,0,9747.74,5969.69,1013.92,0
47,Female,152542.0,12711.83,Salaried,13,28745.04,12,722,0,0.1978,0,Bachelor,Own,Single,Education,0,0.0,2437.94,2513.8,0
29,Female,62350.89,5195.91,Salaried,3,37886.21,36,665,1,0.3026,1,High School,Rent,Married,Personal,0,6113.81,6291.48,1276.54,0
21,Female,88672.08,7389.34,Salaried,0,173735.7,24,660,1,1.1347,1,Bachelor,Rent,Married,Home,0,45211.37,21369.17,8259.71,0
31,Female,10038.0,836.5,Student,0,34588.15,24,596,0,1.5,1,Bachelor,Own,Married,Home,0,4950.88,5022.43,1644.38,1
23,Female,115212.92,9601.08,Salaried,2,36844.19,48,575,1,0.1456,2,Bachelor,Own,Married,Education,0,53053.7,15335.69,1082.3,0
43,Male,140556.42,11713.04,Salaried,20,155297.21,24,765,1,0.6079,0,Bachelor,Rent,Divorced,Business,0,72699.85,22974.32,6882.87,0
46,Male,41092.0,3424.33,Salaried,9,14292.15,48,685,2,0.2505,4,High School,Rent,Married,Personal,0,11115.37,7489.18,355.66,0
24,Female,14331.03,1194.25,Student,0,31904.03,12,584,0,1.5,3,Bachelor,Rent,Married,Business,0,8872.89,4176.15,2849.58,1
38,Male,48112.82,4009.4,Self-Employed,13,167669.82,36,671,0,1.3298,0,High School,Mortgage,Single,Home,0,6253.98,5063.03,5331.86,0
26,Male,112437.78,9369.82,Salaried,0,369437.86,36,745,0,1.2538,3,Bachelor,Mortgage,Married,Home,0,20483.11,9132.05,11748.03,0
55,Male,84184.58,7015.38,Salaried,5,41620.51,48,758,0,0.1393,2,Bachelor,Mortgage,Single,Education,0,28764.37,10173.26,977.46,0
42,Female,91757.67,7646.47,Self-Employed,15,64084.01,48,717,0,0.2086,1,Master,Rent,Single,Auto,0,9476.02,2255.99,1594.73,0
63,Male,212799.93,17733.33,Salaried,27,183016.95,24,662,3,0.536,1,Bachelor,Rent,Single,Personal,0,28969.97,17455.74,8700.96,0
35,Male,49802.16,4150.18,Salaried,3,153563.82,36,628,2,1.358,2,Bachelor,Rent,Married,Home,1,15907.54,5733.83,5174.17,1
42,Male,6744.32,562.03,Student,0,3454.78,24,627,1,0.6264,4,Bachelor,Rent,Divorced,Education,0,8954.42,6253.87,164.25,1
57,Female,6173.47,514.46,Unemployed,0,13991.37,24,651,0,1.293,1,Bachelor,Own,Married,Business,0,8398.4,6580.31,665.18,1
62,Male,8761.86,730.16,Unemployed,0,21465.55,24,663,0,1.3977,0,High School,Rent,Single,Home,0,7538.87,1815.16,1020.51,1
32,Male,46585.5,3882.12,Salaried,0,25752.29,24,680,0,0.3031,1,Bachelor,Rent,Single,Education,0,4536.31,3280.59,1176.49,0
67,Male,242487.04,20207.25,Salaried,29,120977.57,24,811,1,0.2724,0,Master,Mortgage,Married,Auto,0,120538.89,31122.91,5361.8,0
69,Female,153646.37,12803.86,Salaried,35,107918.86,24,737,0,0.3851,1,High School,Rent,Single,Auto,1,45507.77,27343.96,4930.25,0
62,Male,91653.93,7637.83,Self-Employed,24,26257.85,48,745,0,0.0856,2,Bachelor,Own,Single,Auto,0,24695.99,11695.06,653.43,0
58,Male,169840.45,14153.37,Self-Employed,12,73892.6,48,572,0,0.1534,0,Master,Rent,Married,Auto,0,12225.13,5403.51,2170.6,0
38,Female,135675.46,11306.29,Self-Employed,6,126744.12,24,687,0,0.5121,0,Bachelor,Mortgage,Divorced,Business,0,28598.75,17574.68,5790.27,0
65,Female,11673.95,972.83,Unemployed,0,23927.48,48,764,1,0.6917,2,Bachelor,Mortgage,Married,Home,0,10865.53,8723.66,561.94,0
55,Female,77414.52,6451.21,Self-Employed,14,43545.08,48,696,0,0.168,0,Bachelor,Rent,Single,Education,0,12538.53,3739.41,1083.62,0
50,Female,113373.37,9447.78,Salaried,5,422256.92,24,699,0,1.5,0,Bachelor,Rent,Married,Home,1,22035.27,8127.24,19290.7,1
44,Female,153516.1,12793.01,Salaried,13,39313.44,60,707,1,0.0814,2,Bachelor,Rent,Married,Personal,0,5896.69,3958.49,816.08,0
62,Male,116672.91,9722.74,Salaried,3,41509.7,36,726,1,0.1745,4,Bachelor,Mortgage,Divorced,Auto,0,45214.55,19571.3,1320.0,0
50,Female,82368.14,6864.01,Salaried,0,171142.85,48,636,0,0.6689,2,Master,Mortgage,Single,Home,0,41096.39,16603.05,4591.33,0
34,Male,56988.77,4749.06,Salaried,12,11054.2,12,698,1,0.248,1,High School,Own,Married,Auto,0,0.0,1266.21,966.71,0
26,Female,44376.75,3698.06,Self-Employed,2,56039.89,36,609,1,0.5557,1,Bachelor,Rent,Divorced,Business,1,17333.79,10403.03,1888.21,0
23,Male,44973.59,3747.8,Salaried,0,165517.61,48,652,0,1.1848,0,High School,Rent,Single,Home,0,17915.38,7829.55,4440.42,1
36,Male,32445.74,2703.81,Self-Employed,1,6553.85,36,609,1,0.143,2,High School,Rent,Married,Education,0,21353.15,2980.17,220.83,0
27,Female,111904.39,9325.37,Self-Employed,4,32008.62,48,680,1,0.1018,1,Bachelor,Mortgage,Single,Auto,0,15405.72,11089.86,796.54,0
34,Male,54009.19,4500.77,Salaried,3,41334.65,12,597,1,0.8702,4,Bachelor,Own,Married,Education,1,26403.58,13002.6,3691.9,0
29,Female,73858.7,6154.89,Salaried,3,212642.19,48,648,1,0.9459,4,High School,Rent,Married,Home,0,36031.88,10077.64,5704.66,0
35,Male,42532.95,3544.41,Salaried,10,5276.7,48,746,0,0.037,0,High School,Rent,Married,Education,0,15532.49,2660.69,131.31,0
41,Male,111790.16,9315.85,Salaried,13,71684.65,12,751,1,0.6882,4,Bachelor,Rent,Married,Personal,0,6686.6,3511.26,6169.64,0
55,Female,216735.39,18061.28,Salaried,24,823566.22,12,698,0,1.5,4,PhD,Rent,Married,Home,0,69989.03,12827.85,72022.08,0
22,Female,82615.78,6884.65,Self-Employed,0,20853.71,12,522,0,0.2777,1,Bachelor,Mortgage,Divorced,Personal,1,13513.9,11674.68,1911.87,0
47,Female,55013.68,4584.47,Salaried,2,23210.51,36,787,1,0.2133,0,High School,Rent,Married,Auto,0,11233.67,4760.05,706.11,0
22,Male,109862.65,9155.22,Salaried,0,411378.72,12,645,0,1.5,2,Master,Own,Single,Home,0,27363.5,13310.36,36743.23,1
55,Female,48092.51,4007.71,Salaried,7,24948.97,12,680,0,0.5444,0,Bachelor,Rent,Married,Education,0,14118.59,6200.04,2181.82,0
38,Female,90360.52,7530.04,Salaried,11,24148.23,48,695,1,0.1124,1,Master,Own,Married,Auto,0,8389.48,6195.59,600.93,0
34,Female,94592.18,7882.68,Salaried,6,106006.49,24,692,0,0.6144,0,Bachelor,Rent,Married,Business,0,29641.74,12085.3,4842.88,0
40,Male,87559.93,7296.66,Salaried,15,235540.45,36,673,0,1.0265,1,Bachelor,Own,Married,Home,0,47119.19,22846.27,7490.12,0
38,Female,2763.17,230.26,Unemployed,0,2000.0,36,599,2,1.5,4,Master,Own,Married,Education,0,10819.72,6511.58,67.39,1
30,Female,47368.27,3947.36,Salaried,8,31850.19,48,693,3,0.4895,0,High School,Own,Married,Auto,0,19028.15,7340.95,792.59,0
45,Female,209896.97,17491.41,Self-Employed,16,76121.57,36,590,0,0.1466,2,Master,Mortgage,Married,Auto,0,40660.02,23702.25,2564.84,0
22,Female,108336.19,9028.02,Salaried,1,55713.94,60,624,2,0.1772,0,Master,Rent,Married,Auto,0,14131.8,6721.43,1267.66,0
45,Female,158717.68,13226.47,Salaried,21,41231.41,36,740,0,0.0991,2,PhD,Rent,Married,Auto,0,26873.34,12093.47,1311.15,0
53,Male,43342.18,3611.85,Salaried,3,34272.87,36,786,0,0.2887,2,Bachelor,Mortgage,Married,Auto,0,19754.42,9789.59,1042.65,0
56,Male,5575.96,464.66,Unemployed,0,2000.0,60,679,0,0.083,0,High School,Own,Single,Auto,1,2389.61,1252.13,41.52,1
51,Female,105468.76,8789.06,Self-Employed,16,51991.06,48,636,1,0.174,1,Bachelor,Rent,Single,Education,0,27600.18,10507.29,1394.79,0
34,Male,160566.28,13380.52,Salaried,1,89112.84,48,727,1,0.1924,3,PhD,Own,Divorced,Education,0,33809.48,12755.47,2217.58,0
21,Male,11194.36,932.86,Unemployed,0,2601.25,12,526,0,0.2556,0,Bachelor,Mortgage,Single,Personal,1,9010.84,4389.55,238.48,1
66,Male,73249.18,6104.1,Salaried,3,52062.01,12,697,3,0.9149,2,Bachelor,Rent,Married,Personal,0,9336.92,7809.56,4552.9,0
36,Male,89109.95,7425.83,Salaried,0,23698.67,24,619,0,0.1517,2,Bachelor,Rent,Divorced,Auto,0,22076.1,12231.21,1126.68,0
66,Female,139593.38,11632.78,Salaried,16,82367.6,36,711,0,0.2252,0,Bachelor,Rent,Single,Education,0,4163.32,4494.04,2619.27,0
23,Female,46104.01,3842.0,Salaried,0,15405.41,48,631,1,0.1431,3,High School,Rent,Married,Auto,0,20023.21,12755.42,413.29,0
55,Male,83185.84,6932.15,Salaried,24,55955.62,12,778,2,0.7912,1,Bachelor,Mortgage,Married,Education,0,1475.62,2868.37,4815.9,0
61,Male,105134.17,8761.18,Salaried,2,12363.08,12,645,0,0.126,0,Master,Rent,Divorced,Auto,1,47036.2,10335.77,1104.24,0
26,Female,5541.39,461.78,Unemployed,0,16277.87,36,616,0,1.0969,0,High School,Mortgage,Single,Home,1,10177.7,5928.32,548.47,1
45,Female,151227.99,12602.33,Self-Employed,11,85156.61,12,762,1,0.6019,1,Master,Mortgage,Single,Education,0,0.0,3163.29,7329.13,0
33,Female,65666.69,5472.22,Self-Employed,10,12010.27,36,630,0,0.0739,2,Bachelor,Own,Divorced,Auto,0,31227.24,17244.87,404.67,0
54,Female,150581.5,12548.46,Salaried,16,81858.58,60,799,0,0.1261,1,Bachelor,Mortgage,Single,Education,0,53482.49,9652.44,1582.56,0
28,Male,115897.54,9658.13,Self-Employed,5,17199.89,48,552,0,0.0523,2,Bachelor,Mortgage,Married,Education,0,2928.25,2365.72,505.25,0
41,Female,55084.62,4590.38,Salaried,6,84555.63,48,768,1,0.4838,2,High School,Own,Married,Business,0,31187.62,19312.34,1985.79,0
54,Female,81033.1,6752.76,Self-Employed,15,45054.57,36,609,0,0.2248,1,Bachelor,Rent,Single,Auto,0,28310.34,18576.89,1518.07,0
24,Female,11235.78,936.32,Student,0,10188.21,36,638,1,0.6058,1,Bachelor,Rent,Divorced,Education,0,4641.56,2923.24,343.28,0
45,Female,126655.64,10554.64,Salaried,4,21091.01,48,618,0,0.0536,4,Bachelor,Own,Married,Education,0,60513.83,19484.12,565.82,0
35,Male,97240.76,8103.4,Salaried,2,141737.35,12,708,1,1.5,4,Bachelor,Rent,Single,Business,0,0.0,1456.24,12395.14,1
24,Female,32421.08,2701.76,Salaried,1,8197.45,48,785,1,0.1656,1,High School,Rent,Single,Auto,0,14638.47,6455.94,192.52,0
65,Female,8972.2,747.68,Student,0,5807.91,48,666,1,0.701,2,Bachelor,Rent,Single,Education,1,5824.18,3758.71,155.81,0
32,Male,131629.3,10969.11,Salaried,6,12419.51,12,589,0,0.1011,0,Bachelor,Rent,Single,Personal,0,33772.32,12320.17,1109.28,0
52,Male,112307.84,9358.99,Self-Employed,8,146566.42,48,652,2,0.4777,0,Bachelor,Mortgage,Married,Business,0,0.0,1774.82,3932.01,0
52,Male,63420.92,5285.08,Salaried,24,27292.58,24,759,0,0.2289,2,High School,Rent,Single,Auto,0,25453.33,15521.23,1209.62,0
48,Male,318393.97,26532.83,Salaried,27,876843.61,24,724,0,1.5,1,PhD,Mortgage,Single,Home,0,62185.03,36314.52,40058.37,0
33,Male,94740.59,7895.05,Self-Employed,12,68932.46,36,823,0,0.2656,0,Bachelor,Mortgage,Divorced,Education,0,0.0,1348.71,2097.06,0
51,Male,118744.13,9895.34,Salaried,15,54079.22,48,705,0,0.136,2,Bachelor,Mortgage,Married,Auto,0,0.0,1192.1,1345.76,0
34,Female,79609.05,6634.09,Salaried,4,345807.71,24,761,0,1.5,3,Bachelor,Mortgage,Single,Home,0,30097.0,10762.87,15326.41,0
40,Male,102958.51,8579.88,Salaried,3,61174.94,36,578,0,0.2578,3,Bachelor,Rent,Divorced,Auto,0,22584.94,4442.5,2211.62,0
38,Male,44510.18,3709.18,Self-Employed,6,23414.96,48,754,0,0.1483,1,High School,Rent,Single,Education,0,20591.8,5288.28,549.9,0
49,Female,71957.95,5996.5,Salaried,2,36279.97,48,699,2,0.2384,1,Bachelor,Rent,Divorced,Auto,0,11305.85,5604.89,902.83,0
26,Female,104541.84,8711.82,Salaried,3,16595.48,24,661,0,0.0906,0,Bachelor,Mortgage,Married,Education,1,15213.37,4121.46,788.98,0
52,Female,140959.59,11746.63,Self-Employed,14,112512.16,48,578,0,0.2814,2,Bachelor,Mortgage,Married,Education,0,60778.05,33301.2,3305.04,0
49,Male,103156.41,8596.37,Salaried,24,31986.82,36,663,0,0.1254,3,Bachelor,Mortgage,Married,Auto,0,46714.41,19663.14,1077.76,0
63,Female,127599.59,10633.3,Salaried,25,462797.34,36,705,0,1.384,3,Bachelor,Own,Married,Home,1,65135.39,12692.43,14716.83,0
22,Male,40120.39,3343.37,Salaried,1,17262.28,36,691,0,0.1642,2,Bachelor,Rent,Married,Education,0,19186.51,8383.78,548.94,0
43,Female,127741.39,10645.12,Salaried,6,442092.24,12,684,0,1.5,0,Master,Rent,Married,Home,0,2919.42,3816.92,38661.62,0
39,Male,65599.08,5466.59,Salaried,17,16712.15,24,817,0,0.1355,1,High School,Mortgage,Single,Education,0,3279.53,4931.52,740.69,0
51,Female,2118.66,176.55,Unemployed,0,2000.0,48,499,2,1.0996,1,Master,Mortgage,Married,Auto,1,531.72,4081.07,58.75,1
25,Male,46235.25,3852.94,Self-Employed,0,16912.52,48,665,1,0.1521,3,High School,Rent,Divorced,Auto,0,26491.61,5954.7,453.72,0
39,Female,124137.66,10344.8,Salaried,4,275013.13,48,531,0,0.7809,0,Bachelor,Rent,Married,Home,0,26716.8,8587.61,8078.51,0
54,Female,192159.16,16013.26,Salaried,20,684667.85,24,703,1,1.5,1,Bachelor,Mortgage,Divorced,Home,0,0.0,3423.22,31278.87,1
30,Male,73256.64,6104.72,Salaried,3,117072.78,36,700,2,0.6955,0,Bachelor,Mortgage,Married,Business,0,22567.89,9047.49,3722.88,0
45,Male,91121.08,7593.42,Salaried,7,43591.32,24,678,3,0.3226,2,Bachelor,Rent,Married,Auto,0,31277.48,11084.96,1991.46,0
22,Female,4426.81,368.9,Unemployed,0,2240.39,24,656,0,0.213,2,Bachelor,Own,Single,Business,0,4819.15,2157.15,106.51,1
31,Female,39781.54,3315.13,Salaried,10,44110.95,48,717,0,0.3311,1,High School,Rent,Single,Business,0,5763.85,3619.04,1097.7,0
51,Female,8939.27,744.94,Unemployed,0,18561.07,24,639,3,1.5,2,Bachelor,Own,Married,Home,1,2573.4,3292.34,882.43,1
35,Male,72802.95,6066.91,Salaried,3,83410.43,12,701,2,1.305,1,High School,Rent,Married,Business,1,42726.8,6062.08,7294.37,1
29,Male,107648.16,8970.68,Salaried,1,50261.57,36,631,0,0.1888,0,Bachelor,Mortgage,Married,Education,0,16183.81,6910.26,1693.51,0
43,Female,129175.86,10764.66,Salaried,20,77572.63,12,676,0,0.6302,0,High School,Mortgage,Married,Auto,1,43054.09,10970.76,6783.84,0
39,Female,121772.85,10147.74,Salaried,18,24596.76,36,820,2,0.1241,4,High School,Mortgage,Married,Auto,0,59924.89,9690.02,748.28,0
29,Female,29533.47,2461.12,Self-Employed,3,104991.23,48,625,0,1.1445,0,High School,Rent,Married,Home,0,16876.32,7900.35,2816.65,1
55,Female,119725.69,9977.14,Salaried,2,94471.86,12,645,1,0.8583,0,Bachelor,Mortgage,Single,Auto,0,21876.26,5354.35,8437.97,0
41,Female,105540.24,8795.02,Salaried,5,60785.25,36,781,2,0.2619,0,Master,Rent,Married,Education,0,15895.64,7445.26,1849.21,0
29,Female,144155.2,12012.93,Salaried,1,100315.22,12,732,0,0.7303,0,Master,Rent,Single,Auto,0,65640.19,36290.02,8772.71,0
48,Male,95957.54,7996.46,Self-Employed,26,29084.38,36,660,0,0.1226,1,High School,Rent,Married,Auto,0,6537.35,4831.44,979.97,0
66,Male,6221.91,518.49,Unemployed,0,2000.0,48,575,1,0.3288,1,Bachelor,Mortgage,Single,Auto,0,11050.33,4037.58,58.75,1
27,Female,47540.73,3961.73,Salaried,6,82479.52,36,752,1,0.6722,4,Bachelor,Rent,Single,Home,0,22322.69,4993.75,2509.19,0
36,Male,62978.33,5248.19,Self-Employed,13,34400.9,24,629,0,0.3116,2,Bachelor,Rent,Single,Education,0,30549.08,15492.19,1635.48,0
36,Male,112442.79,9370.23,Salaried,7,391270.72,48,722,0,1.0391,0,Bachelor,Rent,Single,Home,1,0.0,1700.94,9736.79,1
53,Male,129387.65,10782.3,Self-Employed,20,79281.9,36,736,2,0.2794,2,High School,Rent,Married,Auto,0,29999.48,16392.0,2521.14,0
24,Male,4244.0,353.67,Unemployed,0,2913.69,36,569,0,0.2107,2,Bachelor,Mortgage,Divorced,Personal,0,5961.31,3098.17,105.34,0
24,Female,46325.68,3860.47,Salaried,1,5763.36,36,720,1,0.1456,3,Bachelor,Mortgage,Single,Personal,0,29113.25,7011.91,183.27,0
59,Female,45686.85,3807.24,Salaried,7,154925.79,24,699,0,1.5,1,High School,Rent,Married,Home,0,16065.24,11963.95,7077.74,1
60,Male,7123.2,593.6,Student,0,21359.97,60,646,2,1.5,0,Bachelor,Own,Married,Home,0,7667.43,3937.02,486.0,1
37,Male,83279.24,6939.94,Salaried,10,30105.03,12,588,1,0.4281,2,Bachelor,Mortgage,Single,Auto,0,10272.71,3741.13,2688.9,0
57,Female,2947.43,245.62,Unemployed,0,10213.56,24,682,0,0.9332,2,High School,Own,Single,Home,0,6861.18,2073.63,466.6,1
59,Male,79436.88,6619.74,Salaried,11,44786.23,48,690,2,0.2037,1,Bachelor,Mortgage,Single,Auto,0,12053.19,7525.63,1114.51,0
49,Female,170552.98,14212.75,Salaried,15,72141.02,24,708,1,0.2535,0,Bachelor,Rent,Married,Personal,0,71324.28,41891.37,3295.74,0
56,Female,10902.19,908.52,Unemployed,0,9101.85,24,636,0,0.4763,2,Master,Mortgage,Single,Auto,0,8813.56,3450.14,432.72,0
58,Male,124894.56,10407.88,Salaried,26,92102.12,36,725,4,0.429,0,Bachelor,Rent,Single,Personal,0,0.0,2600.4,2928.82,0
59,Female,264950.14,22079.18,Salaried,34,390447.55,36,691,2,0.5975,0,Bachelor,Mortgage,Single,Business,0,58553.97,8848.91,12416.13,0
57,Female,62271.54,5189.3,Salaried,1,44984.6,12,685,0,0.7581,0,Bachelor,Own,Married,Education,0,15658.03,7938.33,3933.97,0
55,Male,216263.88,18021.99,Salaried,34,44770.91,48,714,0,0.0618,0,Bachelor,Rent,Married,Personal,0,37435.64,18286.41,1114.13,0
27,Female,70928.55,5910.71,Salaried,6,56759.9,36,523,0,0.3472,1,High School,Rent,Single,Personal,0,14775.34,9547.02,2052.01,0
47,Male,54197.2,4516.43,Self-Employed,7,135589.76,12,530,0,1.5,0,Bachelor,Rent,Married,Home,0,17390.53,7703.62,12430.87,1
48,Male,5422.97,451.91,Unemployed,0,3751.45,36,650,1,0.454,0,Bachelor,Mortgage,Married,Education,0,8371.53,4917.34,126.4,0
42,Female,191597.95,15966.5,Self-Employed,19,84375.67,24,753,0,0.2342,0,Bachelor,Mortgage,Single,Personal,0,86339.96,42580.29,3739.58,0
34,Female,70510.97,5875.91,Self-Employed,7,17117.65,12,683,0,0.2548,0,Master,Rent,Single,Auto,0,20795.88,7176.35,1496.96,0
27,Female,62764.24,5230.35,Self-Employed,6,13423.82,36,734,1,0.1486,1,Bachelor,Rent,Married,Personal,0,15116.52,8214.62,426.87,0
57,Male,82372.96,6864.41,Self-Employed,3,37902.22,48,725,0,0.1374,0,High School,Mortgage,Married,Education,0,8033.85,5784.1,943.2,0
42,Male,39944.66,3328.72,Self-Employed,12,7438.6,24,686,0,0.1021,0,High School,Mortgage,Married,Education,0,15942.02,8134.79,339.83,0
25,Female,49223.58,4101.96,Salaried,1,18519.26,60,588,0,0.1027,1,High School,Mortgage,Married,Auto,0,22324.36,6178.37,421.37,0
22,Male,106376.33,8864.69,Salaried,0,16228.37,36,680,0,0.0582,0,Bachelor,Rent,Single,Personal,0,18291.76,10058.21,516.06,0
47,Female,220882.85,18406.9,Salaried,26,41465.58,24,652,1,0.1202,0,Bachelor,Mortgage,Single,Auto,0,110213.36,60216.94,1971.35,0
41,Female,310657.39,25888.12,Self-Employed,17,1079526.46,36,577,0,1.5,2,PhD,Rent,Married,Home,0,71635.4,27902.04,39027.47,1
58,Female,85374.95,7114.58,Salaried,4,46642.94,48,751,0,0.154,1,Bachelor,Rent,Married,Auto,0,46706.47,15655.74,1095.41,0
35,Female,84453.12,7037.76,Salaried,11,24665.26,12,693,0,0.3065,3,Master,Rent,Single,Auto,0,45664.91,28332.49,2157.01,0
41,Male,99270.86,8272.57,Salaried,1,41630.28,48,705,1,0.1569,1,Bachelor,Mortgage,Divorced,Personal,0,31504.53,14008.1,1035.97,0
30,Male,12089.83,1007.49,Student,0,46852.56,36,625,0,1.5,3,Master,Rent,Married,Home,0,6668.89,3024.59,1578.65,1
43,Male,110120.57,9176.71,Self-Employed,9,13559.35,36,762,0,0.045,0,Bachelor,Rent,Single,Education,0,0.0,1612.99,412.5,0
59,Female,129105.94,10758.83,Salaried,6,64735.64,48,758,1,0.1733,1,Bachelor,Mortgage,Married,Auto,0,70374.97,24464.54,1520.32,0
25,Female,114337.18,9528.1,Self-Employed,2,22556.15,36,593,0,0.0798,1,Bachelor,Rent,Single,Auto,0,47311.72,15725.27,760.01,0
21,Female,8832.44,736.04,Unemployed,0,2076.61,36,564,0,0.102,3,Bachelor,Own,Married,Auto,0,7672.99,4165.02,75.07,0
33,Female,62434.19,5202.85,Salaried,9,27958.28,48,587,0,0.1442,1,Bachelor,Own,Married,Education,0,12434.29,8418.7,750.05,0
41,Female,36922.56,3076.88,Salaried,6,7026.52,60,615,4,0.5502,3,High School,Mortgage,Single,Education,1,20809.63,4239.47,159.87,0
46,Male,70873.12,5906.09,Salaried,14,201281.92,48,665,3,1.0941,1,High School,Mortgage,Married,Home,0,9808.43,7767.97,5399.89,0
65,Male,135551.8,11295.98,Salaried,32,272044.58,60,736,2,0.5574,2,Bachelor,Mortgage,Married,Home,0,33242.44,20332.58,5647.2,0
41,Male,3329.83,277.49,Unemployed,0,2000.0,48,601,0,0.1073,3,Bachelor,Rent,Single,Education,0,2741.81,1739.97,53.65,0
38,Female,86672.88,7222.74,Self-Employed,14,34419.05,48,649,2,0.2215,4,High School,Mortgage,Single,Personal,0,37315.83,5096.03,923.38,0
57,Male,63910.61,5325.88,Self-Employed,2,147752.56,24,473,2,1.48,2,High School,Mortgage,Single,Home,1,27198.39,8770.99,7376.41,1
65,Female,237197.72,19766.48,Salaried,41,84776.4,60,647,0,0.0976,0,Bachelor,Mortgage,Married,Education,0,22725.48,11216.11,1928.92,0
52,Female,6752.77,562.73,Student,0,19591.72,12,638,1,1.5,0,Bachelor,Own,Single,Home,0,3357.23,5122.71,1749.88,1
56,Female,41903.88,3491.99,Salaried,1,58610.69,36,750,0,0.5337,0,High School,Own,Married,Business,0,4300.17,2849.04,1863.8,0
37,Female,57322.34,4776.86,Salaried,16,13056.63,12,660,1,0.2909,0,High School,Rent,Single,Education,0,23239.67,5891.11,1166.18,0
55,Male,55066.71,4588.89,Salaried,0,46444.15,24,714,2,0.5327,0,High School,Mortgage,Single,Personal,0,2396.87,978.62,2121.79,0
69,Male,128049.77,10670.81,Self-Employed,35,348405.32,36,681,1,1.0729,1,High School,Mortgage,Married,Home,0,15421.19,6056.11,11079.2,0
31,Female,140463.88,11705.32,Self-Employed,10,122135.96,12,734,0,0.9125,2,Master,Own,Married,Auto,0,59070.46,13370.9,10680.97,0
41,Male,65276.64,5439.72,Salaried,16,256895.7,12,705,0,1.5,0,High School,Rent,Married,Home,0,7395.43,1594.67,22465.91,1
46,Male,57490.13,4790.84,Self-Employed,1,7627.0,36,646,0,0.0536,1,Bachelor,Mortgage,Married,Education,0,15391.44,3981.03,256.98,0
24,Female,104280.59,8690.05,Salaried,0,197689.4,12,751,2,1.5,0,Bachelor,Rent,Married,Business,0,18884.69,4185.83,17014.42,0
54,Male,145446.3,12120.52,Salaried,28,52718.84,24,675,4,0.3214,3,PhD,Rent,Single,Auto,0,4595.58,3333.38,2408.45,0
68,Female,69383.9,5781.99,Salaried,5,174150.18,48,711,0,0.7495,0,High School,Rent,Single,Home,0,22032.94,15438.77,4333.73,0
38,Female,36370.39,3030.87,Salaried,10,90272.69,24,594,0,1.416,1,High School,Own,Single,Home,1,13320.69,5381.31,4291.73,1
60,Male,83260.58,6938.38,Self-Employed,35,52603.05,24,730,0,0.3464,4,High School,Mortgage,Married,Education,0,16542.61,9713.8,2403.16,0
55,Male,75790.41,6315.87,Self-Employed,23,238583.27,48,679,0,0.94,0,High School,Mortgage,Divorced,Home,1,0.0,2014.8,5937.15,1
61,Male,145581.03,12131.75,Salaried,10,78939.92,12,751,0,0.56,2,Bachelor,Rent,Single,Business,0,5458.02,6596.74,6794.08,0
49,Female,36988.63,3082.39,Salaried,4,10437.39,48,785,1,0.1684,3,High School,Mortgage,Single,Education,0,8971.33,2835.63,245.12,0
49,Male,11378.07,948.17,Unemployed,0,32012.47,12,718,1,1.5,0,High School,Own,Single,Home,0,4716.53,6407.17,2799.54,1
58,Female,284138.56,23678.21,Salaried,29,312784.29,24,693,0,0.6035,4,Master,Rent,Married,Business,0,4991.61,4105.96,14289.47,0
62,Male,120262.74,10021.9,Salaried,9,172883.31,36,732,0,0.5486,2,Bachelor,Own,Married,Home,0,27925.98,19653.16,5497.64,0
41,Male,52881.28,4406.77,Salaried,4,33156.14,24,701,0,0.3437,0,High School,Rent,Single,Business,0,15663.61,9444.17,1514.73,0
62,Male,143336.2,11944.68,Salaried,26,349172.14,48,736,0,0.7275,0,High School,Own,Married,Home,0,48376.09,21404.77,8689.16,0
33,Male,71956.85,5996.4,Salaried,10,241789.54,60,674,0,0.837,1,High School,Mortgage,Married,Home,0,18752.59,11904.6,5019.15,0
69,Male,167271.85,13939.32,Salaried,23,55128.83,24,802,0,0.1753,3,Master,Rent,Single,Education,0,2435.35,4565.16,2443.34,0
61,Female,117247.39,9770.62,Salaried,2,71706.73,12,694,0,0.6418,0,Master,Rent,Married,Education,0,40890.95,17749.42,6270.86,0
37,Female,87872.12,7322.68,Salaried,5,17358.56,48,794,2,0.0873,2,Master,Rent,Married,Education,0,19325.63,8582.08,407.67,0
29,Male,95836.89,7986.41,Salaried,6,386007.65,60,647,2,1.1287,0,Master,Rent,Single,Home,0,1904.48,3584.78,8782.86,1
61,Male,178833.63,14902.8,Self-Employed,17,106538.56,36,644,1,0.2479,2,Bachelor,Mortgage,Married,Auto,0,0.0,3558.67,3589.71,0
21,Female,64696.34,5391.36,Self-Employed,0,28354.74,60,581,1,0.1769,2,High School,Rent,Single,Business,0,24059.58,9593.02,645.16,0
22,Female,76012.55,6334.38,Salaried,0,37626.27,12,629,1,0.5927,1,Bachelor,Own,Married,Auto,1,23423.89,4315.22,3360.68,0
68,Male,170481.53,14206.79,Salaried,37,598435.17,48,728,0,1.0482,1,Bachelor,Mortgage,Married,Home,0,74256.85,27961.61,14892.08,0
49,Female,177829.51,14819.13,Salaried,9,142950.86,36,603,1,0.345,3,Master,Own,Married,Auto,0,67879.48,32313.29,4816.58,0
53,Male,157383.54,13115.3,Salaried,24,250680.82,24,598,0,0.9087,0,Bachelor,Mortgage,Single,Home,0,72221.03,10887.3,11917.82,0
30,Female,90588.34,7549.03,Self-Employed,8,181000.42,36,593,1,0.8244,2,Bachelor,Mortgage,Single,Home,0,10031.19,4366.24,6098.62,1
60,Male,194966.17,16247.18,Salaried,23,115612.69,24,725,0,0.3251,0,Master,Rent,Married,Auto,0,34661.07,9589.2,5281.74,0
41,Male,48358.81,4029.9,Salaried,8,12428.17,36,700,0,0.0981,2,High School,Mortgage,Single,Auto,0,2663.13,3282.92,395.21,0
48,Female,143201.86,11933.49,Salaried,26,529922.19,36,682,0,1.4121,2,Master,Mortgage,Married,Home,0,28974.01,14566.53,16851.38,0
31,Male,104236.35,8686.36,Salaried,10,372231.03,48,681,1,1.0881,1,High School,Own,Single,Home,0,7052.02,2336.86,9262.98,0
54,Female,154307.14,12858.93,Salaried,10,39928.73,36,687,0,0.0987,2,Bachelor,Rent,Married,Education,0,64326.22,21817.6,1269.72,0
28,Male,6208.27,517.36,Unemployed,0,11419.25,36,544,0,0.798,1,High School,Mortgage,Divorced,Home,1,7577.03,4649.18,412.83,1
42,Female,137060.31,11421.69,Self-Employed,20,89288.42,12,702,0,0.6836,3,Bachelor,Mortgage,Divorced,Personal,0,56192.26,36041.4,7808.4,0
28,Female,123429.05,10285.75,Salaried,6,23690.79,48,681,0,0.0573,0,Bachelor,Mortgage,Single,Auto,0,39133.42,10701.93,589.55,0
69,Male,9258.36,771.53,Unemployed,0,4124.43,36,663,0,0.1801,0,Bachelor,Rent,Married,Auto,0,5830.76,3218.55,138.97,0
35,Female,71945.91,5995.49,Salaried,5,171557.84,48,679,0,0.7121,2,Master,Mortgage,Single,Home,0,8917.12,6364.37,4269.22,0
37,Female,102329.49,8527.46,Salaried,14,323272.2,48,693,1,0.9558,2,Bachelor,Mortgage,Married,Home,0,37025.82,10211.79,8044.64,0
43,Female,4501.51,375.13,Unemployed,0,2433.73,36,635,3,1.5,1,Bachelor,Mortgage,Single,Business,0,4208.99,2935.96,82.0,1
44,Female,134336.72,11194.73,Salaried,20,48982.71,12,809,1,0.3964,4,High School,Mortgage,Married,Education,0,14278.54,3800.14,4215.77,0
65,Female,9487.02,790.58,Unemployed,0,14805.89,36,608,4,1.1551,2,Master,Own,Married,Business,0,5458.88,2387.78,498.87,1
39,Male,40534.63,3377.89,Salaried,12,86076.29,24,649,3,1.5,4,High School,Mortgage,Divorced,Home,0,24940.49,7530.4,4092.22,1
25,Male,14000.38,1166.7,Student,0,2524.91,24,720,1,0.1889,1,High School,Mortgage,Married,Education,0,10507.89,5570.83,115.35,0
52,Female,117092.59,9757.72,Self-Employed,16,440234.45,36,637,0,1.5,0,High School,Mortgage,Single,Home,0,53176.09,23740.87,14833.24,1
64,Female,149988.42,12499.04,Salaried,35,110707.05,24,722,2,0.4359,1,Bachelor,Mortgage,Divorced,Education,0,76741.97,15555.93,5057.62,0
21,Male,8419.78,701.65,Unemployed,0,2000.0,48,533,1,0.3079,4,Master,Rent,Single,Personal,1,8628.93,3855.87,58.75,1
43,Female,82742.73,6895.23,Salaried,10,315326.88,24,752,0,1.5,0,High School,Mortgage,Divorced,Home,0,39211.16,20944.05,13975.48,0
57,Female,92216.07,7684.67,Self-Employed,0,35325.9,36,664,0,0.1549,4,Bachelor,Mortgage,Married,Auto,0,13656.3,11760.86,1190.27,0
28,Male,133672.81,11139.4,Salaried,3,58943.3,36,619,0,0.1783,2,Master,Rent,Divorced,Education,1,22848.21,6690.7,1986.03,0
33,Male,79478.85,6623.24,Self-Employed,0,125618.81,36,615,0,0.6391,1,Bachelor,Own,Single,Business,0,19048.13,8988.75,4232.59,0
28,Female,117761.36,9813.45,Self-Employed,2,231116.58,48,682,0,0.5861,1,Bachelor,Rent,Single,Home,0,0.0,3163.6,5751.35,0
43,Male,95163.17,7930.26,Self-Employed,22,34479.34,36,663,0,0.1465,1,High School,Rent,Married,Education,0,40284.11,17014.81,1161.75,0
63,Female,71476.85,5956.4,Self-Employed,14,325955.19,48,692,1,1.3855,2,Bachelor,Mortgage,Divorced,Home,0,3373.08,1375.3,8111.41,0
21,Female,29021.27,2418.44,Self-Employed,0,19889.22,48,656,2,0.4307,0,High School,Mortgage,Single,Auto,0,15604.17,5358.04,533.58,0
65,Male,147737.34,12311.44,Salaried,32,52709.41,12,653,0,0.3824,3,PhD,Rent,Single,Auto,0,72505.98,33527.37,4707.86,0
44,Male,6279.23,523.27,Unemployed,0,2042.39,12,630,2,1.0353,1,Bachelor,Rent,Single,Personal,0,6215.49,6058.41,182.42,1
55,Male,129903.69,10825.31,Self-Employed,31,139890.24,12,762,1,1.1276,3,Bachelor,Rent,Divorced,Business,0,3911.88,1609.38,12039.85,0
44,Male,131150.58,10929.21,Self-Employed,22,34908.72,36,719,3,0.2105,1,High School,Rent,Married,Education,0,24008.09,16067.1,1110.09,0
37,Female,13671.48,1139.29,Student,0,2088.85,24,618,2,0.5193,1,High School,Rent,Single,Auto,1,1313.64,2997.42,99.31,1
25,Male,69567.81,5797.32,Salaried,1,20448.86,60,645,0,0.0803,1,High School,Mortgage,Single,Auto,0,2272.64,3050.61,465.27,0
40,Female,164073.37,13672.78,Salaried,15,98296.33,36,605,1,0.2579,2,Bachelor,Rent,Married,Education,0,58034.5,15430.21,3311.99,0
41,Male,65403.67,5450.31,Self-Employed,16,216353.39,12,656,2,1.5,0,High School,Rent,Single,Home,0,11021.21,2625.47,19324.1,1
60,Male,91685.64,7640.47,Salaried,8,305484.07,24,608,0,1.5,4,Bachelor,Mortgage,Married,Home,0,0.0,2134.11,14523.27,1
51,Male,47080.81,3923.4,Salaried,4,42505.77,24,633,0,0.5151,1,High School,Rent,Married,Auto,0,0.0,2795.67,2020.8,0
66,Male,2860.81,238.4,Unemployed,0,7215.98,48,611,0,0.3872,4,Bachelor,Rent,Married,Home,0,7425.76,6384.79,193.59,0
56,Male,150948.91,12579.08,Salaried,28,64309.09,36,666,0,0.1723,3,High School,Rent,Divorced,Auto,0,47144.03,18670.6,2166.83,0
31,Male,8159.26,679.94,Unemployed,0,29677.46,48,617,1,1.5,2,High School,Rent,Married,Home,0,6762.81,5046.78,796.17,1
35,Female,6325.52,527.13,Student,0,14234.61,24,732,0,1.2337,1,Bachelor,Mortgage,Single,Home,0,7311.81,3882.15,650.3,1
39,Female,63545.31,5295.44,Salaried,5,121999.63,36,698,1,0.791,1,Bachelor,Rent,Married,Home,0,13323.25,7765.09,3879.56,0
27,Male,88419.99,7368.33,Self-Employed,6,18488.87,48,698,0,0.0624,2,Bachelor,Own,Single,Auto,0,25946.16,13833.98,460.1,0
48,Male,57396.98,4783.08,Salaried,27,30109.79,36,696,0,0.2002,1,High School,Rent,Divorced,Auto,0,23945.56,7310.74,957.48,0
63,Male,150538.4,12544.87,Self-Employed,40,18661.17,48,718,1,0.0494,2,Bachelor,Mortgage,Single,Personal,0,0.0,2823.1,464.38,0
25,Male,97479.16,8123.26,Salaried,2,338185.74,12,661,0,1.5,2,Bachelor,Mortgage,Married,Home,0,45196.61,18536.28,30205.83,0
25,Male,11204.06,933.67,Unemployed,0,24297.74,36,624,0,0.8769,1,Bachelor,Own,Single,Home,0,9736.28,5681.64,818.69,1
50,Male,115727.24,9643.94,Salaried,2,313622.34,36,793,1,1.0242,1,Bachelor,Rent,Single,Home,0,3683.52,2949.58,9541.0,0
52,Male,131583.75,10965.31,Self-Employed,18,16848.4,48,725,1,0.0563,0,Bachelor,Rent,Single,Auto,0,0.0,78.75,419.27,0
28,Male,47105.0,3925.42,Self-Employed,4,19723.85,36,547,0,0.1817,0,High School,Mortgage,Divorced,Education,2,25645.9,16821.31,713.06,1
30,Male,176172.46,14681.04,Salaried,6,142841.54,48,607,4,0.3694,3,Master,Mortgage,Divorced,Auto,0,84310.47,49529.01,3832.08,0
58,Male,227734.38,18977.87,Self-Employed,34,50450.25,48,701,0,0.0662,2,Bachelor,Own,Single,Education,0,26111.98,12026.5,1255.46,0
67,Female,10871.12,905.93,Student,0,2000.0,48,703,0,0.0549,0,High School,Rent,Single,Education,0,6341.71,5470.65,49.77,0
52,Male,176160.98,14680.08,Salaried,19,91444.72,36,767,0,0.1895,3,Bachelor,Rent,Single,Auto,0,47835.47,14671.88,2781.93,0
68,Male,134236.25,11186.35,Self-Employed,45,171801.7,36,686,1,0.5147,0,High School,Mortgage,Single,Business,0,46854.37,10525.4,5463.25,0
48,Female,63668.26,5305.69,Salaried,1,123306.95,12,652,0,1.5,1,Master,Rent,Married,Home,0,26170.82,4984.78,11013.44,1
37,Female,146700.29,12225.02,Salaried,9,242467.29,24,649,0,0.9429,0,Bachelor,Rent,Married,Home,1,58495.58,22645.34,11527.34,1
51,Female,68244.47,5687.04,Salaried,8,10061.57,36,675,1,0.1034,4,High School,Rent,Married,Education,0,545.86,2656.92,319.96,0
28,Female,69326.85,5777.24,Salaried,4,43062.62,60,678,2,0.2217,4,High School,Rent,Married,Business,0,17577.92,9070.47,893.91,0
60,Male,103505.91,8625.49,Salaried,33,320650.02,24,739,0,1.5,1,High School,Own,Married,Home,0,26036.94,13087.9,14648.81,0
45,Female,76288.98,6357.42,Self-Employed,15,9438.94,24,728,0,0.0678,0,Bachelor,Rent,Married,Education,0,40634.57,7437.07,431.22,0
29,Female,67153.72,5596.14,Salaried,4,164427.05,36,600,0,0.99,1,Bachelor,Own,Single,Home,0,35882.53,20608.46,5540.2,0
22,Male,27183.63,2265.3,Salaried,0,49752.82,48,624,0,0.5892,2,High School,Mortgage,Single,Home,0,17022.78,9946.44,1334.74,0
35,Female,37605.09,3133.76,Self-Employed,7,26810.27,12,710,3,1.0953,0,High School,Mortgage,Married,Auto,0,22678.89,4756.49,2344.6,0
23,Female,54983.69,4581.97,Salaried,1,128413.99,48,701,0,0.6974,1,Bachelor,Mortgage,Single,Home,0,21151.39,8296.54,3195.59,0
69,Male,152785.6,12732.13,Salaried,47,76518.48,24,785,1,0.2954,2,High School,Own,Single,Auto,0,54471.59,17129.65,3391.35,0
56,Male,223932.71,18661.06,Salaried,25,327598.15,36,753,1,0.5408,0,Bachelor,Mortgage,Divorced,Business,0,14871.68,10191.82,9966.17,0
24,Male,104810.42,8734.2,Salaried,1,82488.45,36,604,2,0.3596,0,Bachelor,Rent,Married,Business,0,34580.59,22300.21,2779.36,0
34,Male,5858.67,488.22,Student,0,2000.0,24,747,0,0.1827,1,Bachelor,Rent,Married,Auto,0,4502.47,2149.23,91.37,0
61,Male,10423.44,868.62,Unemployed,0,2000.0,36,574,0,0.0832,2,PhD,Own,Married,Education,0,8283.47,4675.62,72.3,1
61,Female,186536.04,15544.67,Salaried,20,481136.23,24,736,1,1.4315,4,Master,Mortgage,Single,Home,0,50232.19,8169.09,21980.58,0
45,Female,107910.08,8992.51,Salaried,6,54478.5,60,789,0,0.1171,0,Bachelor,Rent,Divorced,Education,0,13079.24,8428.4,1053.22,0
30,Male,3297.66,274.8,Unemployed,0,2797.58,12,491,0,0.513,1,Bachelor,Mortgage,Single,Personal,0,7081.88,4899.03,256.48,0
41,Female,5954.4,496.2,Unemployed,0,2045.56,48,606,0,0.1098,1,PhD,Rent,Married,Auto,0,5257.94,6073.28,54.88,0
56,Male,135643.93,11303.66,Salaried,24,495251.25,12,639,0,1.5,0,High School,Mortgage,Married,Home,0,0.0,864.6,44234.49,1
32,Male,61074.13,5089.51,Self-Employed,8,139865.64,36,706,1,0.9432,1,High School,Mortgage,Married,Home,1,8767.87,7517.47,4447.69,0
47,Female,45152.17,3762.68,Salaried,11,144765.6,60,632,0,0.8754,0,High School,Rent,Married,Home,1,13520.15,2799.28,3293.86,1
60,Female,133827.42,11152.29,Salaried,30,302230.52,24,663,1,1.3028,0,Bachelor,Rent,Divorced,Home,0,72519.81,19270.43,14368.59,0
22,Female,54113.98,4509.5,Salaried,0,92317.11,36,686,1,0.6896,2,Bachelor,Mortgage,Married,Home,0,25718.04,6813.14,2935.66,0
33,Female,11868.97,989.08,Student,0,5005.21,36,687,0,0.1609,1,Bachelor,Own,Single,Auto,0,6598.12,1765.2,159.16,0
52,Female,215887.25,17990.6,Self-Employed,26,613187.47,36,686,1,1.099,4,Bachelor,Mortgage,Married,Home,0,84922.33,49573.84,19499.2,0
51,Female,170221.61,14185.13,Salaried,21,74398.34,24,742,1,0.2559,0,Bachelor,Mortgage,Divorced,Personal,0,28135.78,18187.88,3398.87,0
36,Male,69868.24,5822.35,Self-Employed,1,51141.36,48,700,0,0.2186,1,High School,Mortgage,Married,Personal,0,22179.27,8666.68,1272.65,0
52,Female,180202.84,15016.9,Salaried,21,215221.21,24,722,0,0.6548,0,Bachelor,Rent,Married,Business,0,69274.57,42150.22,9832.33,0
52,Female,42197.55,3516.46,Salaried,16,13691.58,60,686,2,0.2731,0,High School,Mortgage,Married,Personal,0,19646.7,9270.71,284.21,0
54,Female,43705.91,3642.16,Salaried,10,5483.24,48,623,0,0.0404,3,High School,Mortgage,Single,Auto,0,2922.38,3871.38,147.1,0
31,Male,96031.42,8002.62,Salaried,1,56243.67,12,611,0,0.6277,2,Master,Rent,Single,Personal,1,42244.05,17030.11,5023.53,0
30,Female,66105.68,5508.81,Salaried,2,29290.7,48,728,0,0.1323,0,Master,Rent,Divorced,Auto,0,34849.87,13726.08,728.9,0
35,Female,143252.43,11937.7,Salaried,4,202050.67,24,699,2,0.7956,2,Master,Mortgage,Married,Home,0,10777.77,4627.56,9230.63,0
37,Male,70133.05,5844.42,Salaried,16,45418.4,48,670,1,0.252,4,Bachelor,Rent,Single,Auto,0,11014.05,7293.96,1218.46,0
60,Female,137436.28,11453.02,Salaried,25,82315.47,24,685,1,0.3453,0,Bachelor,Rent,Divorced,Education,0,67555.24,24429.79,3760.56,0
38,Male,99044.1,8253.68,Salaried,12,61279.38,24,598,0,0.353,0,Bachelor,Mortgage,Married,Personal,0,53665.18,21494.46,2913.33,0
29,Male,90779.77,7564.98,Salaried,4,319776.21,12,725,0,1.5,0,Bachelor,Mortgage,Married,Home,0,19010.25,9885.58,27964.9,1
45,Female,98255.84,8187.99,Salaried,4,82005.84,24,661,1,0.5172,3,Bachelor,Rent,Single,Auto,0,0.0,3277.3,3898.71,0
60,Male,190998.24,15916.52,Salaried,19,405028.2,12,703,0,1.5,0,Bachelor,Rent,Divorced,Home,0,90336.43,47566.01,35420.31,0
34,Male,62465.97,5205.5,Salaried,2,92245.69,60,728,1,0.413,0,Bachelor,Mortgage,Married,Home,0,0.0,2013.58,1914.87,0
45,Female,8659.84,721.65,Unemployed,0,3459.32,24,560,1,0.4797,1,Bachelor,Own,Married,Auto,0,9177.61,5931.81,172.7,1
42,Female,33175.26,2764.6,Salaried,6,3671.57,24,700,0,0.0607,1,High School,Rent,Single,Auto,0,2978.58,3042.63,167.73,0
50,Male,52605.74,4383.81,Self-Employed,10,22249.63,24,659,0,0.2413,2,Bachelor,Rent,Single,Education,0,17670.81,7560.38,1057.79,0
40,Female,39401.87,3283.49,Salaried,0,22860.86,36,686,1,0.296,1,Bachelor,Rent,Single,Education,0,0.0,759.97,726.97,0
41,Female,58832.53,4902.71,Salaried,6,7968.81,24,629,1,0.1205,1,High School,Rent,Divorced,Auto,1,6238.46,3187.0,378.85,0
64,Female,142426.78,11868.9,Salaried,2,17624.34,36,754,2,0.0639,4,PhD,Rent,Single,Auto,0,31283.97,16705.86,536.17,0
52,Female,37459.66,3121.64,Self-Employed,12,96250.08,36,693,1,1.0408,0,High School,Mortgage,Married,Home,0,0.0,2186.32,3060.73,0
66,Female,5964.12,497.01,Unemployed,0,3928.99,12,689,0,0.6872,0,Bachelor,Mortgage,Single,Auto,0,7358.22,4609.77,343.6,1
69,Male,29206.26,2433.86,Self-Employed,2,13312.77,36,704,1,0.3176,2,High School,Mortgage,Single,Auto,0,6568.12,3430.7,423.34,0
41,Male,138394.07,11532.84,Salaried,5,41570.41,48,612,0,0.0967,2,Master,Rent,Single,Education,0,12637.82,8686.3,1115.23,0
55,Female,186653.29,15554.44,Self-Employed,30,413662.53,24,667,1,1.2756,1,Bachelor,Mortgage,Married,Home,0,94177.89,19810.58,19666.27,0
52,Female,177217.39,14768.12,Self-Employed,21,471968.84,24,592,1,1.5,0,Bachelor,Rent,Married,Home,0,57746.27,20288.84,22438.26,0
50,Male,213437.22,17786.44,Salaried,26,623766.86,36,802,2,1.106,2,Master,Rent,Divorced,Home,0,103468.6,18614.0,18976.2,0
59,Female,11229.5,935.79,Student,0,8245.31,36,664,2,0.8474,2,Bachelor,Mortgage,Divorced,Business,0,9420.85,5328.88,277.82,0
69,Female,82618.45,6884.87,Salaried,28,155906.33,12,734,1,1.5,3,High School,Rent,Single,Home,0,40258.29,10979.05,13634.24,0
32,Male,32785.41,2732.12,Self-Employed,3,15797.21,36,659,0,0.1948,2,High School,Rent,Married,Education,1,14095.27,7466.4,532.27,0
61,Male,107645.64,8970.47,Salaried,4,38560.42,12,696,1,0.3906,0,Bachelor,Mortgage,Married,Education,0,59280.61,34958.46,3372.17,0
67,Male,90060.93,7505.08,Self-Employed,2,53813.71,60,771,0,0.1386,2,Bachelor,Mortgage,Divorced,Personal,0,24842.98,9750.09,1040.37,0
38,Female,115066.55,9588.88,Self-Employed,15,23252.26,36,655,2,0.1235,0,High School,Rent,Single,Auto,0,44515.65,25750.9,783.46,0
41,Male,122116.52,10176.38,Salaried,16,38730.77,12,641,0,0.3399,3,High School,Rent,Married,Education,0,1303.23,3390.11,3459.33,0
33,Male,13472.84,1122.74,Student,0,2387.93,36,633,0,0.0717,2,High School,Mortgage,Single,Auto,0,10705.47,7340.36,80.46,0
41,Female,147076.56,12256.38,Salaried,8,578594.73,12,709,1,1.5,1,Bachelor,Own,Single,Home,0,29892.28,16972.36,50598.96,0
28,Female,59667.21,4972.27,Salaried,1,81407.68,12,640,0,1.4623,1,High School,Own,Single,Business,1,32361.88,11030.09,7271.11,1
66,Male,2919.49,243.29,Unemployed,0,4323.38,24,618,0,0.4111,0,High School,Own,Single,Business,0,5483.65,1651.98,205.54,1
60,Male,81396.89,6783.07,Salaried,21,29734.36,60,743,0,0.091,0,Bachelor,Rent,Married,Auto,0,23192.68,16979.77,617.24,0
66,Female,254888.36,21240.7,Salaried,40,114613.52,36,713,0,0.1716,0,Bachelor,Rent,Married,Education,0,0.0,1811.59,3644.68,0
27,Female,66317.44,5526.45,Self-Employed,5,56122.45,24,651,2,0.564,2,Bachelor,Rent,Married,Business,0,14355.23,6395.14,2668.16,0
43,Female,79099.34,6591.61,Self-Employed,22,23495.55,12,673,0,0.3117,1,Bachelor,Rent,Single,Auto,0,638.68,2395.42,2054.72,0
64,Female,9722.75,810.23,Student,0,2264.99,12,653,0,0.2497,0,Bachelor,Rent,Single,Personal,0,9540.57,6258.61,202.3,0
52,Male,85537.81,7128.15,Self-Employed,10,39920.06,48,644,0,0.1502,2,Bachelor,Mortgage,Single,Auto,0,26484.86,5270.33,1070.96,0
31,Male,184985.36,15415.45,Self-Employed,9,142748.0,36,544,0,0.3348,0,PhD,Rent,Divorced,Personal,0,81836.5,14369.41,5160.68,0
42,Male,8001.51,666.79,Unemployed,0,4861.78,12,672,0,0.6376,2,High School,Rent,Single,Auto,0,1825.69,1998.96,425.17,1
42,Male,120513.1,10042.76,Salaried,9,49159.83,36,707,0,0.1557,1,Bachelor,Mortgage,Married,Auto,0,32884.62,9085.39,1563.27,0
63,Female,151778.37,12648.2,Salaried,22,35872.26,12,700,1,0.2676,1,Bachelor,Rent,Single,Personal,0,107.0,2918.03,3137.08,0
45,Male,51093.25,4257.77,Self-Employed,4,40649.16,36,621,2,0.503,0,High School,Rent,Married,Personal,0,26311.23,10212.5,1369.63,0
42,Male,43988.0,3665.67,Salaried,3,73098.48,60,569,0,0.5064,3,Bachelor,Mortgage,Single,Home,0,12677.77,7083.88,1856.22,0
48,Female,98356.19,8196.35,Salaried,10,78897.0,60,611,1,0.2336,0,High School,Rent,Single,Personal,1,9874.4,1713.86,1795.15,0
49,Male,126519.02,10543.25,Self-Employed,26,228496.83,60,770,2,0.4499,0,Bachelor,Mortgage,Single,Business,0,24617.86,8925.53,4417.48,0
33,Male,10071.51,839.29,Student,0,20517.29,12,577,0,1.5,1,Bachelor,Own,Single,Home,0,5011.43,3883.99,1881.03,1
38,Male,63416.26,5284.69,Salaried,5,318512.45,24,659,2,1.5,3,High School,Mortgage,Single,Home,0,23758.38,9076.3,15142.66,1
22,Female,63558.53,5296.54,Salaried,1,26317.61,48,717,0,0.1236,0,Bachelor,Mortgage,Married,Auto,0,32421.63,8727.53,654.91,0
49,Female,121272.14,10106.01,Salaried,25,65621.81,12,629,2,0.6039,2,Bachelor,Rent,Single,Personal,1,7378.49,3827.45,5861.16,0
41,Male,61629.78,5135.81,Salaried,2,29864.76,12,703,0,0.5085,2,Bachelor,Own,Single,Education,0,0.0,964.81,2611.72,0
35,Female,57981.56,4831.8,Salaried,1,105225.49,36,645,2,0.8479,1,Bachelor,Rent,Single,Business,0,25754.66,9896.2,3545.46,0
47,Female,53039.57,4419.96,Salaried,25,7103.76,36,661,0,0.0542,1,High School,Mortgage,Divorced,Auto,0,29473.89,4784.27,239.35,0
51,Female,183697.24,15308.1,Salaried,17,97585.24,48,706,0,0.1586,0,Bachelor,Mortgage,Married,Auto,0,48821.23,17670.81,2428.41,0
35,Female,135816.71,11318.06,Salaried,6,68246.29,24,594,1,0.3176,0,Master,Mortgage,Married,Education,0,0.0,1593.55,3244.55,0
43,Female,3080.67,256.72,Unemployed,0,6600.61,36,573,0,0.4773,2,High School,Own,Single,Business,0,1058.75,1409.23,238.63,1
44,Female,147414.39,12284.53,Self-Employed,20,614880.06,48,659,2,1.3686,0,Bachelor,Mortgage,Single,Home,0,47953.35,18819.58,16495.69,0
64,Male,81279.48,6773.29,Salaried,12,23832.23,24,610,2,0.2251,1,Bachelor,Rent,Single,Auto,0,15000.1,11556.94,1133.03,0
33,Male,72961.38,6080.12,Salaried,5,35983.48,36,770,1,0.2271,0,Bachelor,Mortgage,Married,Auto,0,32044.29,19934.62,1094.69,0
42,Male,70263.08,5855.26,Salaried,2,9798.2,36,771,0,0.0509,1,High School,Mortgage,Married,Auto,0,8839.42,3894.4,298.08,0
63,Female,13858.02,1154.84,Student,0,7508.55,48,605,2,0.5798,1,Bachelor,Mortgage,Divorced,Education,1,7156.71,4834.88,201.44,1
57,Female,197970.94,16497.58,Salaried,30,83539.07,36,668,1,0.1892,3,Bachelor,Mortgage,Divorced,Auto,0,90916.43,24382.19,2814.76,0
53,Female,11325.81,943.82,Unemployed,0,13894.08,48,700,0,0.3663,1,PhD,Mortgage,Married,Home,0,10926.0,5942.5,345.75,0
23,Male,73061.41,6088.45,Self-Employed,1,208501.08,48,650,1,0.9391,0,High School,Own,Married,Home,0,264.01,2803.34,5593.56,0
39,Female,152419.67,12701.64,Salaried,4,304417.41,48,698,1,0.6188,0,PhD,Mortgage,Single,Home,0,13323.0,2798.92,7575.44,0
43,Female,147823.9,12318.66,Salaried,10,211449.3,60,745,1,0.3678,1,Bachelor,Rent,Single,Home,0,54316.18,31849.67,4389.34,0
49,Female,7449.98,620.83,Unemployed,0,4960.62,48,642,0,0.2144,1,High School,Mortgage,Divorced,Personal,0,2773.91,4801.02,133.08,0
50,Female,50759.02,4229.92,Salaried,3,9190.88,48,703,1,0.1018,2,Bachelor,Rent,Single,Education,0,29930.76,18613.71,228.72,0
59,Female,111674.24,9306.19,Salaried,3,23334.92,12,673,0,0.2193,1,Bachelor,Mortgage,Divorced,Education,0,56871.24,11233.62,2040.67,0
64,Female,40396.96,3366.41,Salaried,7,24513.37,12,722,1,0.7077,2,High School,Mortgage,Married,Auto,0,5926.16,4040.29,2143.73,0
67,Female,101179.06,8431.59,Salaried,37,16218.46,36,818,2,0.1446,3,High School,Rent,Married,Education,0,49613.94,13735.14,493.4,0
45,Female,123170.99,10264.25,Salaried,10,56566.51,24,779,0,0.2443,0,Master,Rent,Single,Education,0,42917.46,17104.81,2507.06,0
57,Male,13072.86,1089.4,Student,0,3121.95,24,662,1,0.4282,2,PhD,Rent,Married,Personal,0,10536.11,6600.93,148.42,0
67,Male,45515.86,3792.99,Salaried,1,10562.81,48,629,1,0.139,0,Bachelor,Rent,Married,Personal,0,3757.2,3124.73,283.37,0
28,Female,49136.96,4094.75,Self-Employed,1,168257.11,12,626,0,1.5,1,High School,Mortgage,Single,Home,1,6327.5,4533.38,15028.27,1
62,Male,118026.19,9835.52,Salaried,17,280023.26,36,558,0,1.0293,1,Bachelor,Mortgage,Single,Home,1,37879.54,13302.97,10123.51,1
36,Female,97394.42,8116.2,Salaried,5,81498.4,24,713,0,0.4587,2,Bachelor,Mortgage,Single,Education,0,18456.94,11063.59,3723.23,0
28,Male,47816.65,3984.72,Salaried,3,52764.28,36,638,2,0.6335,0,High School,Rent,Married,Business,0,16760.55,7187.64,1777.84,0
21,Female,10771.62,897.64,Student,0,2000.0,24,570,1,0.418,2,Master,Mortgage,Single,Education,0,4265.83,5121.91,99.85,0
64,Male,121843.33,10153.61,Salaried,16,30296.25,48,650,0,0.08,0,High School,Rent,Married,Auto,0,6838.77,4211.83,812.77,0
25,Male,46295.48,3857.96,Self-Employed,2,12839.39,36,601,0,0.1121,0,Bachelor,Rent,Married,Auto,0,21101.28,14549.0,432.61,0
23,Female,103097.13,8591.43,Salaried,0,277935.64,48,591,0,0.8679,0,Bachelor,Mortgage,Single,Home,0,54774.1,16567.09,7456.32,0
21,Male,60647.21,5053.93,Self-Employed,0,10725.28,36,660,0,0.0715,2,Bachelor,Rent,Married,Education,0,21410.44,14770.51,361.38,0
24,Male,54080.12,4506.68,Salaried,3,86801.29,36,527,0,0.6963,0,High School,Rent,Single,Home,1,3354.71,3009.38,3138.07,1
60,Male,197337.68,16444.81,Salaried,28,347067.64,60,747,0,0.4381,0,Bachelor,Rent,Married,Business,0,0.0,1046.08,7204.55,0
55,Female,282007.29,23500.61,Self-Employed,15,1161645.63,12,725,0,1.5,0,PhD,Mortgage,Single,Home,0,66432.7,37627.07,101587.63,0
52,Male,50398.47,4199.87,Salaried,8,183177.61,36,744,1,1.4144,0,Bachelor,Mortgage,Single,Home,0,16026.32,10562.34,5825.0,0
62,Female,122030.19,10169.18,Salaried,10,113240.95,36,665,1,0.3912,0,Bachelor,Mortgage,Single,Personal,1,39918.03,19658.69,3815.54,0
54,Female,52398.82,4366.57,Salaried,21,40154.6,36,694,1,0.3193,0,High School,Rent,Married,Personal,0,31097.68,16554.43,1276.91,0
63,Female,221546.56,18462.21,Self-Employed,29,673325.04,36,675,2,1.1851,1,Master,Mortgage,Single,Home,0,70685.16,24919.25,21411.56,0
45,Female,199961.61,16663.47,Salaried,7,531069.08,48,597,1,0.8684,1,PhD,Mortgage,Single,Home,0,96340.46,33781.14,14247.25,0
30,Female,52223.66,4351.97,Salaried,1,184016.75,12,605,1,1.5,0,Bachelor,Own,Single,Home,0,4969.85,6000.6,16435.87,1
41,Male,144071.49,12005.96,Self-Employed,13,29481.41,36,694,0,0.0781,2,Bachelor,Mortgage,Single,Education,0,48455.37,26250.75,937.5,0
66,Female,161907.57,13492.3,Salaried,15,136462.99,48,659,0,0.2713,0,PhD,Rent,Married,Personal,0,79026.8,15226.62,3660.96,0
59,Male,97728.5,8144.04,Salaried,19,31310.38,60,802,0,0.0743,0,High School,Mortgage,Married,Education,0,24986.9,13812.77,605.32,0
47,Female,107697.82,8974.82,Salaried,6,63489.5,24,724,1,0.3646,2,Bachelor,Rent,Divorced,Auto,0,60565.31,15651.43,2900.5,0
47,Male,8489.81,707.48,Unemployed,0,3333.77,36,544,1,0.4453,1,Bachelor,Rent,Single,Education,0,9409.16,2547.61,120.52,1
22,Female,40446.49,3370.54,Salaried,1,14206.43,24,717,1,0.3031,4,Bachelor,Mortgage,Single,Auto,0,22829.68,15287.26,649.02,0
61,Male,140891.19,11740.93,Self-Employed,29,84190.97,48,684,0,0.1784,0,Master,Rent,Married,Auto,0,55625.57,11558.47,2095.1,0
68,Male,252253.7,21021.14,Salaried,37,119091.66,12,802,0,0.4876,2,Bachelor,Rent,Married,Personal,0,47366.59,9947.32,10249.79,0
33,Female,106548.33,8879.03,Salaried,12,56229.38,12,683,0,0.5538,2,High School,Rent,Single,Business,0,0.0,2662.84,4917.34,0
29,Female,79775.09,6647.92,Salaried,0,38580.96,36,714,1,0.2404,3,Bachelor,Mortgage,Married,Personal,0,26647.95,12107.38,1226.86,0
56,Male,134927.48,11243.96,Salaried,16,46836.9,36,746,3,0.2091,4,Bachelor,Own,Married,Personal,0,10042.68,7573.73,1489.4,0
42,Female,124248.03,10354.0,Salaried,8,66539.81,48,671,1,0.1737,0,Bachelor,Rent,Single,Auto,0,16385.06,11215.71,1655.85,0
62,Female,47117.47,3926.46,Self-Employed,1,209492.57,12,673,0,1.5,0,High School,Rent,Married,Home,0,874.04,1062.31,18320.43,1
46,Female,56305.11,4692.09,Salaried,9,4259.38,48,721,1,0.0466,2,High School,Rent,Single,Auto,0,19709.48,6497.54,105.99,0
32,Female,114138.15,9511.51,Salaried,5,44113.19,48,698,1,0.1267,0,Bachelor,Rent,Divorced,Personal,0,15074.36,7282.73,1097.76,0
37,Male,80299.42,6691.62,Salaried,13,149248.79,48,757,1,0.5807,2,Master,Rent,Married,Home,0,41964.23,17946.83,3505.11,0
34,Male,144076.01,12006.33,Salaried,1,23188.12,48,727,0,0.0481,0,Master,Rent,Single,Auto,0,55487.16,18730.63,577.04,0
34,Female,136430.87,11369.24,Salaried,4,86858.88,36,705,2,0.2658,2,PhD,Mortgage,Married,Auto,0,19056.88,3852.49,2762.09,0
54,Female,123520.12,10293.34,Salaried,16,387894.29,24,611,0,1.5,0,Bachelor,Mortgage,Divorced,Home,0,10540.57,5231.51,18441.2,1
40,Male,72593.8,6049.48,Salaried,7,251524.99,24,739,4,1.5,0,High School,Rent,Married,Home,0,28682.87,7444.95,11490.85,0
31,Male,80536.12,6711.34,Self-Employed,1,30105.58,36,654,0,0.1511,4,Master,Rent,Single,Education,0,7860.65,6041.69,1014.38,0
36,Female,98764.87,8230.41,Salaried,5,132563.97,12,652,0,1.4386,0,Bachelor,Rent,Married,Business,1,22871.48,15187.09,11840.25,1
51,Male,182534.96,15211.25,Self-Employed,26,115236.82,12,668,0,0.6766,0,Bachelor,Rent,Married,Education,1,6578.81,4181.26,10292.64,0
26,Male,6179.31,514.94,Student,0,11894.31,36,483,0,0.8351,0,Bachelor,Mortgage,Single,Home,2,3857.25,2410.04,430.01,1
39,Male,130620.26,10885.02,Salaried,7,273992.33,60,775,0,0.4866,3,Master,Rent,Single,Home,0,0.0,1872.01,5297.04,0
57,Male,89577.37,7464.78,Salaried,11,65961.81,24,734,2,0.5106,2,Bachelor,Own,Married,Education,0,18859.81,6082.89,3013.45,0
24,Male,54982.6,4581.88,Salaried,1,48521.19,48,771,1,0.2747,2,High School,Rent,Married,Business,0,30682.97,11129.21,1139.52,0
67,Female,84449.67,7037.47,Salaried,29,37966.29,24,850,0,0.2391,1,Bachelor,Mortgage,Single,Education,0,2702.59,921.07,1682.69,0
24,Male,67104.74,5592.06,Self-Employed,2,133577.93,12,473,0,1.5,0,High School,Mortgage,Married,Home,1,19970.11,7719.48,12246.42,1
40,Male,90234.61,7519.55,Salaried,2,274164.35,48,645,1,1.0268,0,PhD,Rent,Married,Home,0,14465.11,11678.21,7355.14,1
30,Male,99908.5,8325.71,Salaried,3,18351.36,36,657,0,0.0743,0,Bachelor,Mortgage,Single,Education,0,16740.75,5412.31,618.33,0
44,Male,95161.12,7930.09,Salaried,0,15978.43,12,696,0,0.1762,1,Bachelor,Rent,Single,Education,0,44229.33,20608.19,1397.34,0
55,Male,190397.02,15866.42,Salaried,13,447402.89,36,653,0,0.9501,2,Master,Rent,Married,Home,0,37386.95,22335.43,15074.77,0
46,Male,197625.31,16468.78,Salaried,25,29729.31,24,764,1,0.093,0,Bachelor,Rent,Married,Education,0,64322.16,35094.15,1317.62,0
57,Female,82390.01,6865.83,Salaried,9,10461.16,36,795,0,0.0464,0,Bachelor,Rent,Married,Personal,0,48828.18,26460.63,318.25,0
58,Male,90961.02,7580.08,Salaried,6,403007.64,36,621,2,1.5,0,High School,Rent,Single,Home,0,30457.74,5201.75,13578.92,1
41,Male,50286.54,4190.54,Salaried,7,14753.81,24,734,4,0.326,0,Bachelor,Rent,Married,Education,0,10529.46,8129.65,674.02,0
60,Male,149142.41,12428.53,Salaried,13,42565.6,36,644,1,0.1462,0,Master,Own,Divorced,Auto,1,26332.14,15613.85,1434.2,0
59,Female,138651.29,11554.27,Self-Employed,35,113402.84,60,706,0,0.2037,0,Bachelor,Own,Single,Education,0,48961.27,30966.1,2354.06,0
41,Female,216979.08,18081.59,Salaried,10,166141.76,36,636,1,0.321,0,PhD,Rent,Single,Education,0,72695.18,44103.05,5597.97,0
30,Male,88755.18,7396.26,Salaried,9,78365.49,60,731,0,0.2199,3,High School,Rent,Married,Business,0,13347.5,6021.6,1626.74,0
58,Female,161331.89,13444.32,Salaried,36,588830.51,48,778,2,1.0657,0,High School,Rent,Single,Home,0,61255.38,26128.74,13828.7,0
66,Male,105191.34,8765.94,Self-Employed,41,394367.32,36,701,1,1.468,2,High School,Rent,Single,Home,0,31596.81,17702.21,12540.78,0
24,Female,60382.96,5031.91,Salaried,1,213908.39,12,756,2,1.5,1,Bachelor,Rent,Single,Home,0,33457.51,20283.36,18410.33,0
65,Male,72970.01,6080.83,Salaried,6,42600.34,48,702,1,0.2174,1,High School,Mortgage,Single,Education,0,37568.59,22967.48,1060.11,0
40,Female,117111.12,9759.26,Salaried,16,261968.67,36,717,1,0.8944,0,High School,Rent,Married,Home,0,49950.29,30346.18,8330.53,0
37,Female,7542.05,628.5,Student,0,5621.13,12,681,1,1.157,1,Bachelor,Rent,Single,Auto,0,5522.68,3568.74,491.58,1
27,Male,122722.17,10226.85,Self-Employed,4,95424.29,12,630,1,0.8456,0,Bachelor,Mortgage,Divorced,Personal,0,21888.64,13504.11,8523.04,0
24,Female,91682.76,7640.23,Salaried,3,192496.67,60,704,2,0.5719,0,Bachelor,Mortgage,Married,Home,0,26686.08,7214.78,3995.91,0
49,Female,133697.31,11141.44,Salaried,11,440991.49,24,749,0,1.5,3,Bachelor,Mortgage,Married,Home,0,32970.47,18674.46,20146.58,0
34,Male,81770.61,6814.22,Salaried,4,9705.43,36,642,0,0.048,1,Bachelor,Rent,Single,Auto,0,33856.15,7443.46,327.01,0
23,Male,98014.29,8167.86,Salaried,0,51376.84,36,681,0,0.2,0,Bachelor,Mortgage,Married,Education,0,47492.96,28687.8,1633.77,0
44,Male,276452.66,23037.72,Self-Employed,22,59232.47,12,658,2,0.2614,1,Master,Own,Married,Auto,0,108658.74,67240.74,5290.48,0
57,Female,120703.63,10058.64,Self-Employed,35,61724.21,48,692,0,0.1527,0,Bachelor,Mortgage,Married,Auto,0,4595.68,2322.95,1536.01,0
36,Female,90327.06,7527.26,Salaried,9,269449.15,36,775,1,1.1134,2,Bachelor,Mortgage,Married,Home,0,22431.78,9774.64,8197.17,0
24,Male,110358.99,9196.58,Self-Employed,2,192232.78,36,572,0,0.7557,1,Bachelor,Rent,Married,Home,0,23518.01,6951.81,6949.68,0
44,Female,64960.6,5413.38,Salaried,23,63290.69,48,766,1,0.3172,0,High School,Rent,Married,Education,0,29722.31,10858.83,1486.38,0
54,Female,211807.52,17650.63,Salaried,33,53089.16,60,682,0,0.0624,0,Master,Rent,Married,Personal,0,95662.38,24013.29,1102.04,0
50,Female,71940.43,5995.04,Salaried,29,30557.81,12,676,1,0.4948,1,High School,Own,Married,Auto,0,8339.61,3881.78,2672.33,0
38,Female,114836.83,9569.74,Salaried,0,53804.1,36,659,2,0.27,1,Master,Mortgage,Single,Education,0,26158.08,8456.69,1812.87,0
39,Female,50205.7,4183.81,Salaried,9,209095.49,24,680,0,1.5,1,High School,Mortgage,Single,Home,0,20740.31,7106.05,9552.47,0
51,Male,88080.21,7340.02,Salaried,0,383429.04,48,708,0,1.2999,2,Master,Mortgage,Divorced,Home,0,206.66,0.0,9541.65,1
39,Male,110015.84,9167.99,Salaried,12,460187.68,12,644,0,1.5,2,Bachelor,Mortgage,Single,Home,0,56008.78,27332.29,41102.71,1
69,Female,98046.85,8170.57,Salaried,16,223759.2,24,596,0,1.302,0,Bachelor,Own,Married,Home,0,43580.88,14766.43,10637.92,0
66,Male,8799.01,733.25,Unemployed,0,5987.6,24,661,0,0.3882,3,Bachelor,Rent,Single,Personal,1,6688.96,3680.81,284.66,0
39,Female,6112.49,509.37,Student,0,23720.97,36,638,1,1.5,0,Bachelor,Own,Married,Home,0,7880.56,3285.43,799.25,1
42,Male,136600.28,11383.36,Salaried,8,335226.91,36,624,0,0.9922,1,Bachelor,Mortgage,Married,Home,0,61208.18,7738.97,11295.12,0
44,Male,54955.07,4579.59,Salaried,3,33735.84,60,681,0,0.1529,3,High School,Rent,Single,Education,0,16753.3,8434.9,700.3,0
65,Female,106208.6,8850.72,Self-Employed,8,67085.7,12,688,0,0.6629,1,Bachelor,Rent,Married,Auto,0,25769.77,7798.33,5866.74,0
32,Female,104358.06,8696.5,Self-Employed,6,80390.45,36,781,1,0.322,1,Bachelor,Rent,Married,Personal,0,49757.86,32652.62,2445.63,0
50,Male,52610.11,4384.18,Salaried,22,54284.5,12,737,1,1.1259,0,High School,Rent,Married,Auto,0,25315.94,14719.34,4747.26,0
58,Female,266482.04,22206.84,Salaried,28,152658.72,36,773,1,0.2228,2,Master,Mortgage,Married,Education,0,2486.43,1439.5,4644.17,0
51,Female,112783.46,9398.62,Salaried,1,98116.23,36,714,1,0.3493,0,Bachelor,Rent,Single,Business,0,55519.59,11655.4,3120.07,0
56,Female,128508.4,10709.03,Salaried,17,115338.82,12,720,1,0.9612,2,Bachelor,Mortgage,Married,Personal,0,14315.52,7496.53,10086.55,0
39,Male,138975.52,11581.29,Salaried,14,99666.9,24,705,0,0.3932,0,Master,Rent,Single,Education,0,48641.02,28424.9,4553.26,0
68,Female,254389.58,21199.13,Self-Employed,41,143985.32,48,624,0,0.1822,0,Bachelor,Mortgage,Single,Auto,1,85906.54,34150.16,3862.77,0
65,Female,113492.83,9457.74,Salaried,6,330575.41,24,696,0,1.5,0,Bachelor,Mortgage,Divorced,Home,0,16209.23,4747.63,15102.25,0
56,Male,120852.46,10071.04,Salaried,10,46109.13,36,672,0,0.1456,0,Bachelor,Mortgage,Married,Auto,0,15651.11,12492.53,1466.26,0
50,Female,181703.58,15141.96,Salaried,6,128279.11,24,662,0,0.4028,3,Master,Own,Married,Auto,1,66679.52,40973.52,6098.62,0
69,Female,144957.77,12079.81,Salaried,42,174367.84,24,657,0,0.6862,3,High School,Mortgage,Married,Business,0,5677.06,2474.5,8289.76,0
53,Female,107766.11,8980.51,Self-Employed,23,25730.26,60,637,0,0.0652,1,Bachelor,Mortgage,Single,Auto,0,48095.46,27323.56,585.44,0
38,Female,61397.63,5116.47,Salaried,14,23018.02,12,746,3,0.5931,0,Bachelor,Rent,Married,Education,0,8478.5,4826.92,2012.96,0
69,Male,104880.82,8740.07,Self-Employed,30,173313.21,36,602,0,0.6681,0,High School,Mortgage,Married,Business,0,14871.06,7670.97,5839.61,0
48,Male,99099.83,8258.32,Salaried,18,245471.28,24,734,0,1.3579,1,High School,Rent,Single,Home,0,10270.31,5351.99,11214.29,1
67,Female,86705.95,7225.5,Salaried,18,38604.38,36,850,3,0.2305,0,Bachelor,Mortgage,Married,Auto,0,4159.66,5446.18,1174.42,0
31,Female,50473.32,4206.11,Salaried,7,11592.26,36,803,0,0.0838,2,Bachelor,Mortgage,Married,Auto,0,32588.83,15091.44,352.66,0
65,Female,191636.17,15969.68,Salaried,9,482962.31,36,721,1,0.9701,0,Master,Mortgage,Single,Home,0,14184.42,6849.41,15358.07,0
53,Female,76986.95,6415.58,Salaried,7,25775.17,36,718,0,0.1278,2,Bachelor,Rent,Married,Personal,0,23644.05,5796.33,819.64,0
37,Male,72453.71,6037.81,Salaried,0,56561.61,12,778,1,0.8443,2,Bachelor,Rent,Single,Education,0,30484.99,19003.06,4868.06,0
26,Male,5910.71,492.56,Student,0,4329.12,36,586,0,0.2917,1,High School,Rent,Single,Business,0,5895.9,2473.98,145.87,0
24,Male,5816.13,484.68,Unemployed,0,2180.15,48,668,1,0.5344,2,High School,Own,Married,Personal,0,5193.82,4921.85,58.49,0
40,Male,72054.32,6004.53,Salaried,1,16452.05,24,684,0,0.1252,2,Bachelor,Rent,Divorced,Personal,0,1759.98,1227.96,751.61,0
68,Female,223036.38,18586.37,Salaried,28,704463.8,48,830,2,0.9286,2,Bachelor,Own,Married,Home,0,63848.3,27914.42,16544.35,0
67,Male,180240.39,15020.03,Self-Employed,41,276420.74,48,650,2,0.5196,1,High School,Own,Married,Home,0,55486.05,26704.94,7415.68,0
47,Female,70278.21,5856.52,Salaried,9,42905.16,60,737,0,0.1521,0,Bachelor,Mortgage,Divorced,Education,0,25424.22,16795.3,890.64,0
35,Male,143624.46,11968.7,Salaried,9,46852.59,36,754,3,0.1846,3,Master,Mortgage,Divorced,Education,0,53106.75,13877.38,1425.35,0
26,Female,92343.59,7695.3,Salaried,0,159173.26,24,671,0,0.945,1,Bachelor,Own,Single,Home,1,48888.71,14629.71,7271.79,0
67,Female,130655.34,10887.94,Salaried,30,319007.53,12,641,0,1.5,2,Bachelor,Rent,Married,Home,0,63820.12,20891.72,28492.88,0
34,Male,69765.77,5813.81,Salaried,1,27720.58,12,736,0,0.417,1,Bachelor,Rent,Single,Auto,0,22846.08,4232.86,2424.21,0
31,Male,95032.4,7919.37,Salaried,7,54968.68,60,714,0,0.1441,0,High School,Mortgage,Married,Personal,0,17846.7,11273.93,1141.06,0
59,Male,12597.32,1049.78,Student,0,7216.58,36,641,2,0.9775,4,High School,Rent,Divorced,Education,1,6736.18,3881.37,243.16,1
29,Female,108712.89,9059.41,Salaried,4,33618.62,12,690,0,0.3245,0,Master,Rent,Single,Auto,1,52869.22,15155.18,2940.0,0
46,Male,139601.03,11633.42,Salaried,20,57525.44,24,696,0,0.2259,3,Bachelor,Rent,Married,Auto,0,62450.54,13792.06,2628.03,0
36,Female,118207.15,9850.6,Salaried,10,12956.47,36,632,1,0.0576,0,Bachelor,Rent,Married,Personal,0,11394.49,8459.36,436.55,0
25,Female,49942.03,4161.84,Salaried,0,16457.67,60,606,2,0.2127,0,High School,Mortgage,Single,Auto,0,1461.48,2341.38,374.46,0
30,Female,6116.2,509.68,Unemployed,0,2000.0,48,487,0,0.1153,1,Bachelor,Rent,Single,Education,1,5162.37,3904.81,58.75,1
23,Male,44686.18,3723.85,Salaried,1,50923.83,36,710,2,0.5011,3,High School,Rent,Married,Business,0,15438.17,11859.42,1619.36,0
33,Female,6689.82,557.48,Student,0,22606.71,12,612,0,1.5,3,High School,Mortgage,Single,Home,1,7492.94,4084.1,2019.17,1
63,Male,296197.85,24683.15,Salaried,42,166447.3,36,755,2,0.2225,2,Bachelor,Own,Married,Auto,0,79829.77,39082.76,5063.65,0
69,Male,86937.67,7244.81,Self-Employed,24,34328.66,24,761,0,0.21,0,Bachelor,Rent,Married,Auto,0,698.76,2720.94,1521.47,0
50,Female,83677.7,6973.14,Salaried,13,11153.4,12,652,0,0.1429,0,High School,Rent,Married,Auto,0,4900.1,1278.14,996.19,0
65,Female,11596.02,966.34,Unemployed,0,18618.48,48,629,4,1.2818,2,High School,Rent,Single,Home,0,8611.27,5163.61,499.49,1
26,Male,70869.46,5905.79,Salaried,2,38696.41,60,595,1,0.1986,1,Bachelor,Own,Married,Education,0,23966.39,7140.31,880.46,0
37,Male,60946.13,5078.84,Salaried,2,27954.11,36,734,0,0.175,2,Bachelor,Rent,Single,Education,0,8313.51,5152.49,888.93,0
65,Male,109164.22,9097.02,Self-Employed,0,35928.68,12,605,0,0.3528,2,Bachelor,Rent,Divorced,Personal,1,60226.01,33758.32,3209.05,0
39,Female,105440.89,8786.74,Self-Employed,2,237398.9,36,671,0,0.8592,1,Bachelor,Rent,Single,Home,0,19205.99,12923.14,7549.22,0
62,Male,8550.25,712.52,Unemployed,0,6842.86,12,609,1,1.0557,2,PhD,Mortgage,Divorced,Auto,0,6598.25,2982.06,611.19,1
55,Female,55599.42,4633.28,Salaried,0,227794.67,48,760,0,1.1546,2,High School,Rent,Married,Home,0,10349.37,4309.05,5349.76,0
66,Female,116977.15,9748.1,Salaried,43,71690.03,36,721,1,0.2658,3,High School,Mortgage,Married,Education,0,27300.97,13440.68,2279.72,0
46,Female,123262.48,10271.87,Salaried,11,77898.87,24,814,0,0.3361,1,Bachelor,Mortgage,Single,Personal,0,55774.96,30546.7,3452.53,0
25,Male,71051.47,5920.96,Salaried,4,18633.91,48,658,0,0.0844,2,High School,Mortgage,Single,Auto,0,30453.67,12609.68,499.9,0
49,Female,51046.17,4253.85,Self-Employed,7,153311.73,48,680,0,0.8969,1,Bachelor,Rent,Married,Home,0,1888.45,3719.14,3815.17,0
57,Female,101918.86,8493.24,Salaried,30,14859.52,48,763,2,0.0784,0,Bachelor,Mortgage,Single,Education,0,15763.62,8864.58,348.98,0
40,Female,110039.91,9169.99,Salaried,2,161694.3,48,716,1,0.4777,0,PhD,Mortgage,Divorced,Home,0,8274.79,3910.61,4023.77,0
69,Male,171210.71,14267.56,Self-Employed,27,51155.81,48,653,1,0.1067,0,Master,Rent,Single,Auto,0,78133.62,10590.12,1372.38,0
41,Male,252092.87,21007.74,Self-Employed,20,130590.08,36,677,1,0.2051,0,Master,Mortgage,Divorced,Education,0,95010.54,49525.11,4152.73,0
30,Male,80546.37,6712.2,Salaried,9,69407.25,36,639,0,0.3484,0,High School,Rent,Married,Business,0,22032.62,6061.37,2338.6,0
25,Female,94338.48,7861.54,Salaried,2,51910.24,36,772,3,0.32,3,Master,Mortgage,Single,Education,1,34376.04,5999.24,1579.21,0
56,Female,13092.02,1091.0,Student,0,5076.15,12,551,0,0.4266,1,High School,Rent,Married,Education,0,11213.52,7586.5,465.38,0
26,Female,71617.95,5968.16,Salaried,4,39172.82,24,742,0,0.2999,0,Bachelor,Mortgage,Single,Education,0,12256.55,3325.57,1789.6,0
46,Male,214668.89,17889.07,Self-Employed,23,531800.4,24,662,0,1.4133,1,Bachelor,Rent,Single,Home,0,0.0,967.48,25282.76,1
24,Male,69207.47,5767.29,Salaried,2,8111.71,36,586,0,0.0474,1,High School,Rent,Single,Education,0,0.0,1731.97,273.32,0
59,Male,215884.35,17990.36,Salaried,30,388742.76,48,636,0,0.5797,0,Bachelor,Own,Divorced,Home,1,0.0,1718.26,10428.99,0
59,Male,4609.73,384.14,Unemployed,0,2880.0,48,634,2,0.9467,0,High School,Mortgage,Married,Education,0,4924.36,5756.82,77.26,1
55,Male,41282.16,3440.18,Self-Employed,7,5511.84,24,608,1,0.1344,3,High School,Mortgage,Married,Personal,0,14131.47,9795.08,262.04,0
21,Female,88953.9,7412.82,Salaried,0,15580.84,36,687,1,0.0913,2,Master,Own,Single,Auto,0,46935.42,9206.12,495.47,0
44,Female,75081.22,6256.77,Salaried,20,323090.63,36,669,0,1.5,1,High School,Mortgage,Married,Home,0,16316.42,9054.5,10886.2,1
56,Female,129522.88,10793.57,Salaried,26,34867.92,24,731,1,0.1632,1,High School,Mortgage,Single,Education,0,48701.76,22204.84,1592.93,0
26,Male,58663.07,4888.59,Salaried,4,28530.54,48,577,0,0.1714,0,Bachelor,Rent,Single,Auto,1,29788.0,10920.28,838.08,0
61,Male,221932.72,18494.39,Self-Employed,29,34772.99,24,543,0,0.0939,1,Master,Rent,Single,Education,1,88507.93,47761.22,1736.01,0
66,Male,85742.69,7145.22,Self-Employed,13,54148.93,36,614,4,0.4669,1,High School,Rent,Married,Auto,0,21359.66,4530.3,1824.49,0
64,Female,5851.65,487.64,Unemployed,0,2000.0,48,733,0,0.0995,2,Bachelor,Mortgage,Married,Education,0,8859.98,5989.55,49.77,0
51,Male,142923.89,11910.32,Salaried,26,65923.04,36,775,0,0.1684,0,Master,Rent,Single,Auto,0,16931.75,9733.24,2005.51,0
40,Female,69783.34,5815.28,Self-Employed,0,37701.74,12,699,0,0.567,2,High School,Rent,Divorced,Auto,0,27384.52,7977.12,3297.07,0
44,Male,70911.25,5909.27,Salaried,12,151937.57,24,744,1,1.2041,0,Bachelor,Mortgage,Single,Home,0,15855.45,3507.46,6941.23,0
45,Female,115747.83,9645.65,Salaried,23,372410.07,12,721,0,1.5,1,Bachelor,Rent,Married,Home,0,14576.27,6455.72,32567.81,1
56,Female,113091.06,9424.25,Salaried,5,71434.95,48,847,2,0.2385,1,Bachelor,Own,Single,Auto,0,36099.19,12807.48,1677.65,0
41,Male,8053.12,671.09,Unemployed,0,22524.94,24,578,0,1.5,1,Master,Mortgage,Single,Home,0,6916.49,6524.61,1124.54,1
50,Female,73838.73,6153.23,Salaried,5,325842.36,48,744,2,1.3689,1,High School,Own,Divorced,Home,0,15691.57,9687.24,8108.6,0
44,Male,235577.99,19631.5,Salaried,20,135293.54,24,670,1,0.3329,0,Master,Rent,Married,Education,0,81738.11,33216.43,6432.1,0
64,Female,161865.57,13488.8,Salaried,4,105744.0,24,750,0,0.3581,1,Master,Rent,Married,Auto,0,70384.09,15087.84,4830.89,0
62,Male,94938.67,7911.56,Salaried,34,371575.84,12,805,2,1.5,0,High School,Mortgage,Divorced,Home,0,19132.75,10112.88,31980.21,0
50,Male,6743.05,561.92,Unemployed,0,21526.05,36,577,0,1.3849,0,High School,Own,Married,Home,0,5142.37,4280.02,778.22,1
42,Female,213895.83,17824.65,Salaried,11,42607.72,36,581,0,0.0805,0,PhD,Mortgage,Married,Education,0,78656.73,10410.6,1435.62,0
48,Female,151485.24,12623.77,Self-Employed,14,175342.98,24,637,0,0.6604,1,Bachelor,Own,Married,Home,0,10153.17,7971.4,8336.12,0
27,Male,87303.16,7275.26,Salaried,2,31374.52,36,567,2,0.1954,0,Bachelor,Rent,Single,Personal,0,16824.9,12133.36,1134.26,0
55,Female,97319.83,8109.99,Salaried,7,361728.63,12,721,0,1.5,0,Bachelor,Mortgage,Married,Home,0,40873.21,21983.66,31633.7,0
48,Male,125135.17,10427.93,Self-Employed,10,218878.17,48,660,1,0.5939,1,Bachelor,Mortgage,Married,Business,0,57914.28,10049.15,5871.95,0
34,Male,95259.13,7938.26,Salaried,2,34355.36,48,585,2,0.1887,3,Master,Mortgage,Single,Auto,0,32297.0,13060.34,921.67,0
30,Female,80834.85,6736.24,Salaried,4,122328.24,24,506,0,0.9066,2,High School,Rent,Divorced,Home,0,12936.53,6211.09,6107.13,1
36,Male,55553.08,4629.42,Salaried,14,186722.04,24,682,1,1.5,3,High School,Mortgage,Single,Home,0,21335.67,13983.01,8530.35,0
36,Male,188224.57,15685.38,Salaried,9,567457.35,36,850,2,1.1372,1,Master,Mortgage,Divorced,Home,0,8893.65,7846.73,17263.15,0
51,Female,251595.67,20966.31,Salaried,30,137656.21,36,688,1,0.2188,1,Master,Rent,Single,Education,0,0.0,1457.58,4377.43,0
62,Male,201420.5,16785.04,Salaried,36,462830.62,48,684,1,0.7045,2,Bachelor,Rent,Single,Home,0,0.0,1883.59,11517.56,0
45,Female,155192.78,12932.73,Salaried,7,135995.16,12,608,1,0.9555,0,PhD,Rent,Single,Business,0,0.0,2316.49,12146.72,1
33,Male,58927.14,4910.6,Salaried,5,19678.37,36,719,3,0.2791,0,Bachelor,Mortgage,Divorced,Auto,0,5911.47,4181.11,625.77,0
26,Male,79166.18,6597.18,Salaried,4,327551.76,48,611,0,1.332,0,High School,Mortgage,Single,Home,0,17045.7,10382.91,8787.39,0
64,Male,88405.43,7367.12,Salaried,15,135756.12,24,647,1,0.9028,0,Master,Rent,Married,Home,0,9878.72,4004.56,6454.09,0
29,Female,57747.43,4812.29,Salaried,0,18605.21,24,743,0,0.1766,2,Bachelor,Rent,Married,Auto,0,15644.32,11928.54,849.97,0
65,Female,39021.23,3251.77,Salaried,7,102746.78,36,686,0,1.0048,1,High School,Rent,Single,Home,0,23414.46,8975.15,3267.32,0
56,Male,50974.17,4247.85,Salaried,3,5755.44,12,718,3,0.2022,0,Bachelor,Rent,Divorced,Personal,0,13977.3,6893.26,503.32,0
63,Male,149591.02,12465.92,Salaried,31,137206.39,36,760,0,0.3348,3,Bachelor,Mortgage,Single,Business,0,57073.16,11079.08,4174.08,0
40,Female,135387.27,11282.27,Salaried,16,72227.76,36,593,3,0.2811,1,PhD,Mortgage,Married,Personal,0,14060.39,9262.71,2433.64,0
38,Male,58394.83,4866.24,Salaried,2,9588.59,36,635,4,0.2846,1,High School,Own,Married,Education,1,33187.5,15992.69,323.08,0
63,Female,90172.72,7514.39,Salaried,15,49415.23,36,834,2,0.246,3,High School,Own,Single,Personal,0,10690.69,8193.58,1503.31,0
41,Male,107803.31,8983.61,Salaried,1,277456.12,48,643,0,0.8286,0,Bachelor,Rent,Single,Home,1,33442.34,14024.71,7443.45,0
24,Female,79966.79,6663.9,Salaried,0,20525.23,12,629,0,0.2751,2,Master,Rent,Married,Auto,1,42217.72,13434.88,1833.26,0
53,Male,8091.78,674.32,Student,0,19900.39,36,653,1,1.2325,0,Bachelor,Mortgage,Divorced,Home,1,4569.05,3726.12,670.52,1
47,Female,55977.65,4664.8,Salaried,0,30474.95,48,764,1,0.2061,2,Bachelor,Mortgage,Single,Auto,0,36182.69,11415.29,715.71,0
27,Female,115362.93,9613.58,Self-Employed,5,219225.06,48,739,1,0.5891,3,Bachelor,Rent,Single,Home,0,21634.44,9923.63,5455.42,0
26,Male,50115.24,4176.27,Salaried,2,26905.72,24,680,0,0.2943,1,High School,Mortgage,Divorced,Personal,0,6095.29,4276.37,1229.18,0
35,Male,78931.65,6577.64,Salaried,0,72459.2,24,683,0,0.5033,0,Bachelor,Rent,Single,Personal,0,9526.4,4777.99,3310.28,0
38,Female,45480.11,3790.01,Salaried,1,6174.36,36,658,0,0.0549,0,High School,Own,Married,Auto,0,29406.32,20177.27,208.04,0
52,Female,112971.82,9414.32,Salaried,18,40046.04,36,755,1,0.1675,0,Master,Own,Married,Education,0,15246.12,3929.65,1218.28,0
31,Male,36151.78,3012.65,Salaried,5,23587.23,24,646,3,0.6253,2,High School,Rent,Single,Auto,0,1420.68,3159.2,1121.38,0
40,Male,110830.15,9235.85,Salaried,2,371530.92,48,678,3,1.0877,0,Bachelor,Rent,Married,Home,1,32095.61,18685.72,9245.56,0
44,Female,38274.08,3189.51,Self-Employed,0,98372.55,36,768,2,1.1212,0,High School,Rent,Divorced,Home,0,12924.96,5893.73,2992.68,0
35,Male,134070.65,11172.55,Salaried,6,77363.99,36,690,0,0.2202,2,Bachelor,Rent,Married,Auto,0,0.0,2350.58,2460.15,0
68,Female,144729.34,12060.78,Salaried,25,233835.62,24,762,1,0.8859,0,High School,Rent,Married,Home,0,31894.77,7347.18,10363.74,0
27,Male,73419.12,6118.26,Salaried,0,30419.37,12,641,0,0.4441,2,Bachelor,Own,Married,Education,0,27402.99,5327.58,2716.98,0
41,Female,93349.65,7779.14,Salaried,7,61728.24,48,667,3,0.2701,0,High School,Mortgage,Married,Auto,0,10627.07,5205.96,1656.01,0
62,Female,96713.16,8059.43,Self-Employed,36,251440.39,24,590,1,1.5,0,Bachelor,Mortgage,Single,Home,0,3908.82,2768.75,11953.93,1
46,Female,44373.79,3697.82,Self-Employed,0,10175.48,36,725,2,0.2135,0,Bachelor,Mortgage,Married,Education,0,24204.16,10676.31,323.58,0
64,Male,86967.23,7247.27,Salaried,14,35857.48,12,701,0,0.4327,4,Bachelor,Rent,Single,Personal,0,32222.33,19315.93,3135.79,0
34,Female,53189.51,4432.46,Salaried,0,102567.14,36,664,0,0.7797,1,Bachelor,Mortgage,Single,Home,0,8204.56,8202.27,3455.89,0
57,Male,72253.23,6021.1,Salaried,7,189725.21,36,790,0,0.9586,0,Bachelor,Mortgage,Divorced,Home,0,24563.54,6471.01,5771.81,0
41,Female,128559.73,10713.31,Salaried,20,17574.43,24,760,0,0.0727,1,Bachelor,Mortgage,Married,Auto,0,47112.67,28351.33,778.91,0
38,Female,5629.21,469.1,Student,0,2073.48,24,618,1,0.6164,2,PhD,Rent,Divorced,Education,0,8877.65,3675.19,98.58,0
25,Male,82320.29,6860.02,Salaried,1,45301.57,48,641,0,0.1772,0,Bachelor,Mortgage,Single,Education,0,6261.52,6041.03,1215.33,0
23,Female,5094.54,424.54,Unemployed,0,5604.26,36,454,0,0.4052,2,High School,Own,Married,Business,2,9869.42,5416.96,202.61,1
43,Male,2715.48,226.29,Unemployed,0,2000.0,24,635,3,1.5,0,Master,Mortgage,Married,Auto,0,6069.87,4801.91,95.08,1
46,Female,67673.3,5639.44,Salaried,2,20831.45,36,730,1,0.1379,0,High School,Rent,Divorced,Auto,0,7381.86,3784.79,662.43,0
57,Female,152252.73,12687.73,Salaried,8,42884.73,48,671,2,0.146,1,Master,Own,Divorced,Personal,0,0.0,2730.17,1067.19,0
44,Female,113821.85,9485.15,Self-Employed,19,155295.92,60,683,0,0.3399,0,High School,Rent,Divorced,Business,0,48465.72,22631.57,3223.69,0
69,Male,164072.67,13672.72,Salaried,13,86339.44,12,779,0,0.5435,3,Bachelor,Rent,Divorced,Personal,0,0.0,2256.2,7430.93,0
39,Male,65145.91,5428.83,Salaried,5,29368.77,36,627,0,0.1823,0,High School,Rent,Single,Auto,0,19031.4,11800.5,989.55,0
45,Female,226462.02,18871.84,Salaried,19,87041.62,36,682,1,0.1632,2,Master,Mortgage,Married,Education,0,94317.08,36646.58,2767.9,0
41,Male,58731.35,4894.28,Salaried,3,137818.08,60,702,1,0.6644,0,Bachelor,Mortgage,Single,Home,0,29710.97,15702.48,2860.88,0
32,Male,87395.23,7282.94,Salaried,7,46795.87,60,707,2,0.1842,2,Bachelor,Mortgage,Married,Education,0,17684.51,6455.53,971.41,0
61,Male,105067.24,8755.6,Salaried,26,65612.22,36,753,0,0.228,0,High School,Rent,Divorced,Auto,0,36818.58,7337.31,1996.05,0
53,Male,112451.09,9370.92,Self-Employed,11,198522.86,24,658,0,1.0072,4,Bachelor,Own,Single,Home,0,53755.34,28727.97,9438.14,0
24,Female,12183.37,1015.28,Student,0,47575.73,36,588,3,1.5,0,Bachelor,Rent,Married,Home,0,6784.97,4937.19,1603.01,1
62,Male,202166.8,16847.23,Salaried,27,336401.85,12,619,0,1.5,2,Bachelor,Own,Married,Home,0,95694.94,49046.98,30046.5,0
27,Female,63010.06,5250.84,Salaried,2,47731.54,24,650,1,0.4673,1,High School,Own,Single,Auto,0,23588.09,15026.86,2269.24,0
42,Male,44326.88,3693.91,Salaried,2,27627.19,48,727,0,0.1861,1,Bachelor,Rent,Single,Personal,0,1329.31,2848.04,687.5,0
53,Male,137897.12,11491.43,Salaried,29,446481.27,48,818,1,0.9214,0,Bachelor,Rent,Single,Home,0,8153.66,5068.44,10485.63,0
37,Male,87940.0,7328.33,Salaried,16,398640.39,60,737,0,1.1292,2,High School,Rent,Single,Home,0,45503.46,26245.32,8275.12,0
44,Male,60472.17,5039.35,Self-Employed,5,49080.89,48,671,2,0.339,0,High School,Mortgage,Married,Personal,0,25636.39,17153.33,1221.38,0
54,Male,68644.42,5720.37,Salaried,17,37368.56,24,707,0,0.2984,2,Bachelor,Mortgage,Married,Personal,0,14304.78,4283.75,1707.17,0
48,Female,384965.51,32080.46,Self-Employed,27,1020598.07,24,634,3,1.5,1,PhD,Rent,Single,Home,0,704.27,747.81,48521.09,1
63,Male,171820.45,14318.37,Self-Employed,34,374732.94,36,618,0,0.8818,4,High School,Rent,Divorced,Home,0,5750.98,5606.52,12626.23,0
61,Male,194885.55,16240.46,Salaried,26,399781.28,24,772,0,1.091,1,Bachelor,Mortgage,Married,Home,0,88544.86,11440.9,17718.55,0
59,Male,45538.97,3794.91,Salaried,16,40481.45,36,789,0,0.3245,0,High School,Mortgage,Married,Auto,0,2207.98,1861.6,1231.52,0
42,Male,97671.82,8139.32,Salaried,10,209892.74,12,619,2,1.5,1,Bachelor,Mortgage,Single,Home,0,15350.28,8708.21,18747.05,1
69,Female,169217.14,14101.43,Self-Employed,37,66630.41,60,776,1,0.1019,0,Bachelor,Mortgage,Married,Education,0,81221.22,35640.07,1288.15,0
37,Female,61365.51,5113.79,Salaried,4,22916.3,60,698,1,0.1373,0,High School,Rent,Single,Education,1,0.0,1949.13,475.7,0
54,Male,96731.55,8060.96,Salaried,33,11168.07,12,757,1,0.1525,0,Bachelor,Mortgage,Married,Education,0,34595.42,5654.88,961.2,0
26,Male,99754.92,8312.91,Self-Employed,2,23300.37,12,745,3,0.3398,3,Master,Mortgage,Married,Auto,0,17766.15,7781.22,2037.65,0
66,Female,352195.01,29349.58,Salaried,45,293717.84,36,650,0,0.3372,2,Master,Mortgage,Single,Auto,0,0.0,2922.51,9896.51,0
26,Male,89880.48,7490.04,Self-Employed,5,24623.41,12,576,1,0.3288,0,High School,Rent,Divorced,Education,0,25920.97,5698.88,2257.47,0
54,Female,113926.09,9493.84,Salaried,27,32791.67,12,695,1,0.3181,1,High School,Mortgage,Married,Auto,0,24294.47,10538.5,2867.68,0
21,Male,180076.54,15006.38,Self-Employed,0,646905.65,24,578,2,1.5,0,PhD,Mortgage,Single,Home,0,0.0,2393.72,32296.18,1
30,Female,89912.31,7492.69,Salaried,5,9033.85,60,632,0,0.0274,0,High School,Rent,Divorced,Auto,0,4616.18,2494.44,205.55,0
41,Female,112173.83,9347.82,Self-Employed,15,108273.41,60,714,2,0.2938,0,Bachelor,Mortgage,Married,Business,0,44735.9,14131.72,2247.58,0
25,Female,60771.9,5064.32,Salaried,1,34649.79,60,677,0,0.142,2,High School,Rent,Married,Auto,0,27015.32,13896.26,719.27,0
22,Male,55630.78,4635.9,Salaried,1,34877.59,24,676,0,0.3437,4,Bachelor,Rent,Married,Auto,0,18085.29,12450.09,1593.37,0
42,Male,62441.37,5203.45,Salaried,7,14654.19,12,697,0,0.2463,0,High School,Rent,Single,Personal,0,1869.34,3322.59,1281.53,0
68,Male,83291.26,6940.94,Self-Employed,11,22257.46,12,665,2,0.4016,0,Master,Rent,Divorced,Education,0,41529.14,14446.52,1987.98,0
22,Male,52914.98,4409.58,Salaried,0,22815.93,36,676,0,0.1645,0,Master,Rent,Married,Auto,0,6169.82,6829.1,725.54,0
30,Male,13929.19,1160.77,Student,0,7738.93,24,636,0,0.317,3,High School,Rent,Single,Education,1,12585.61,6696.11,367.92,1
54,Male,271680.07,22640.01,Salaried,25,204861.89,48,764,1,0.2287,0,Master,Mortgage,Divorced,Auto,0,0.0,1700.67,4811.19,0
36,Female,82830.6,6902.55,Self-Employed,9,44966.14,36,693,1,0.2269,1,Bachelor,Mortgage,Married,Personal,0,10663.02,5210.02,1429.91,0
68,Female,70814.53,5901.21,Salaried,12,21269.69,60,758,0,0.0697,3,High School,Rent,Married,Education,0,18971.44,7046.48,411.2,0
59,Male,143079.88,11923.32,Salaried,23,286208.48,60,719,1,0.5185,0,Bachelor,Rent,Married,Home,0,0.0,1670.98,5941.22,0
42,Male,110235.72,9186.31,Self-Employed,11,22085.07,36,636,1,0.1242,1,Bachelor,Mortgage,Single,Auto,0,5924.26,7411.58,744.13,0
32,Female,34266.83,2855.57,Salaried,2,98922.48,48,607,0,0.9294,0,High School,Mortgage,Single,Home,0,7262.87,4506.11,2653.84,0
44,Male,119855.52,9987.96,Salaried,22,51050.65,24,850,0,0.2265,2,High School,Mortgage,Single,Personal,0,69561.97,32616.03,2262.6,0
67,Female,258583.79,21548.65,Salaried,36,1068192.79,48,728,0,1.2336,0,PhD,Mortgage,Divorced,Home,0,104174.52,21700.24,26582.02,0
60,Male,131860.4,10988.37,Salaried,37,53733.75,48,761,1,0.1435,4,Master,Mortgage,Single,Education,0,56842.82,23415.48,1261.94,0
58,Male,291787.26,24315.6,Salaried,37,157145.18,24,767,0,0.2864,3,Master,Own,Single,Personal,0,91481.26,24855.62,6964.77,0
30,Male,69153.63,5762.8,Salaried,1,52629.12,48,676,1,0.2915,2,High School,Rent,Single,Business,0,8695.44,1290.44,1309.68,0
55,Male,148903.31,12408.61,Salaried,10,49692.84,36,703,1,0.1377,1,Bachelor,Rent,Single,Auto,0,56283.11,23844.92,1580.22,0
69,Female,93952.43,7829.37,Salaried,15,297610.9,12,697,0,1.5,2,High School,Mortgage,Married,Home,0,35400.62,21960.67,26026.51,0
52,Female,145168.59,12097.38,Self-Employed,17,93369.62,60,581,1,0.1858,0,PhD,Mortgage,Divorced,Business,1,45095.39,11321.34,2124.45,0
27,Male,56668.59,4722.38,Salaried,1,96788.86,24,779,1,0.9925,0,High School,Rent,Single,Home,0,9160.42,8953.53,4289.74,0
41,Female,143999.72,11999.98,Salaried,9,570052.1,36,660,1,1.5,0,Bachelor,Mortgage,Married,Home,0,15097.97,4213.0,19207.31,0
40,Male,94412.17,7867.68,Self-Employed,12,100311.72,48,596,1,0.3693,1,Bachelor,Rent,Married,Business,0,15338.44,9887.64,2691.11,0
46,Female,186028.89,15502.41,Salaried,7,333759.96,24,786,1,0.9683,2,Master,Mortgage,Married,Business,0,20915.12,14234.36,14792.45,0
24,Female,48412.0,4034.33,Salaried,2,41421.33,24,651,0,0.4881,3,Bachelor,Rent,Divorced,Auto,0,3182.22,1853.62,1969.25,0
66,Male,151050.49,12587.54,Salaried,16,59635.45,36,736,2,0.1676,2,Bachelor,Own,Married,Education,0,65800.47,17940.11,1896.39,0
42,Male,61371.21,5114.27,Self-Employed,8,40614.72,24,635,3,0.4824,2,Bachelor,Rent,Single,Auto,0,14054.16,5783.41,1930.9,0
35,Male,181842.54,15153.54,Salaried,10,91238.63,36,591,1,0.2209,3,Master,Mortgage,Divorced,Business,0,61963.32,30742.85,3074.19,0
60,Female,38249.96,3187.5,Salaried,7,23305.93,24,720,1,0.4186,3,High School,Rent,Married,Personal,0,5900.37,6405.95,1064.73,0
41,Female,145327.61,12110.63,Salaried,19,72008.23,60,688,1,0.1364,1,Master,Own,Single,Auto,0,44478.96,20718.18,1494.77,0
35,Female,148115.96,12343.0,Salaried,4,72720.75,24,657,0,0.2801,0,Master,Mortgage,Single,Auto,0,0.0,1011.5,3457.28,0
42,Female,55691.21,4640.93,Self-Employed,4,26808.84,36,724,2,0.2296,1,High School,Rent,Divorced,Education,0,3702.95,2607.99,852.51,0
48,Male,141034.02,11752.84,Self-Employed,26,88154.52,24,713,0,0.3427,1,High School,Rent,Married,Education,0,20532.21,7365.62,4027.32,0
34,Male,89272.05,7439.34,Self-Employed,8,326760.8,36,735,1,1.4155,1,Bachelor,Mortgage,Married,Home,0,12104.88,6984.74,10390.91,1
47,Female,143515.98,11959.66,Salaried,23,375173.35,24,640,0,1.4914,4,High School,Rent,Married,Home,0,18977.86,10089.33,17836.42,1
61,Male,62240.98,5186.75,Self-Employed,15,35655.85,36,726,1,0.2629,3,Bachelor,Own,Married,Auto,0,34148.14,13654.8,1133.85,0
60,Female,179409.33,14950.78,Salaried,25,113947.23,36,841,0,0.2319,0,Bachelor,Rent,Single,Education,0,0.0,1261.87,3466.5,0
48,Male,195392.49,16282.71,Salaried,21,740226.75,48,738,1,1.145,0,Bachelor,Rent,Married,Home,0,39601.41,8727.41,18420.57,0
46,Male,103598.65,8633.22,Salaried,25,16586.17,24,735,0,0.0878,0,High School,Rent,Married,Auto,0,7212.96,3527.85,757.73,0
69,Male,299190.36,24932.53,Self-Employed,42,79802.57,48,705,0,0.0797,0,Bachelor,Rent,Married,Auto,0,41217.15,8608.74,1985.89,0
22,Female,9080.25,756.69,Unemployed,0,7235.23,24,617,1,0.7606,0,Bachelor,Mortgage,Single,Business,1,7618.19,5704.76,343.98,1
45,Male,145006.1,12083.84,Salaried,14,87103.9,12,643,2,0.7061,3,Master,Mortgage,Single,Auto,0,77116.86,39976.66,7779.88,0
23,Female,7153.77,596.15,Unemployed,0,24797.93,60,535,1,1.2524,1,High School,Mortgage,Married,Home,2,5490.08,2423.11,629.7,1
28,Male,132237.08,11019.76,Self-Employed,7,91952.18,24,589,0,0.3967,1,Bachelor,Mortgage,Married,Personal,0,58692.5,37578.21,4371.57,0
64,Female,227383.03,18948.59,Salaried,14,742994.63,60,698,0,0.814,0,Master,Rent,Married,Home,0,3277.35,4056.49,15423.35,0
53,Female,148879.96,12406.66,Self-Employed,22,131114.63,36,674,2,0.3904,1,Bachelor,Mortgage,Married,Education,0,5700.7,2987.41,4169.41,0
62,Male,118651.09,9887.59,Salaried,24,29630.89,48,813,0,0.0704,3,Bachelor,Rent,Married,Auto,0,53457.62,12759.76,695.88,0
55,Female,41402.21,3450.18,Self-Employed,3,45870.89,12,749,1,1.1957,2,High School,Rent,Divorced,Business,0,13890.82,2991.67,4011.48,0
26,Male,109429.4,9119.12,Self-Employed,3,21148.18,36,575,2,0.1654,0,Master,Rent,Single,Education,0,44277.39,18802.69,764.56,0
59,Male,95560.63,7963.39,Salaried,15,47118.39,12,661,0,0.5285,3,Bachelor,Own,Single,Personal,0,8845.82,6602.14,4208.49,0
43,Male,6208.37,517.36,Unemployed,0,2095.38,24,568,0,0.2022,0,Master,Mortgage,Married,Education,0,4961.42,2930.08,104.61,0
45,Female,208176.82,17348.07,Salaried,14,37424.32,12,658,0,0.1927,2,Master,Mortgage,Single,Education,0,0.0,911.19,3342.64,0
63,Female,186621.62,15551.8,Self-Employed,39,48592.06,36,761,1,0.1183,0,Bachelor,Mortgage,Married,Auto,0,85468.53,42064.59,1478.26,0
39,Female,109524.37,9127.03,Salaried,7,34420.23,48,784,3,0.1414,2,Bachelor,Rent,Divorced,Education,1,55389.15,15500.6,808.36,0
25,Female,31865.77,2655.48,Self-Employed,2,7546.34,48,562,0,0.0835,0,High School,Rent,Married,Personal,0,16073.21,9311.57,221.67,0
31,Female,73203.38,6100.28,Salaried,4,21520.83,36,690,0,0.1122,1,High School,Rent,Divorced,Auto,0,18819.83,11069.76,684.36,0
32,Male,94358.81,7863.23,Self-Employed,7,33456.68,48,629,0,0.1141,1,Bachelor,Rent,Married,Education,1,14692.34,4617.18,897.56,0
30,Female,64570.69,5380.89,Salaried,0,29570.05,24,552,0,0.2744,0,Bachelor,Mortgage,Married,Auto,0,21008.72,11968.54,1476.26,0
28,Male,8109.89,675.82,Unemployed,0,20846.19,24,538,0,1.5,3,Bachelor,Mortgage,Married,Home,0,8814.27,6064.14,1040.73,1
44,Female,65014.47,5417.87,Salaried,2,8792.81,60,685,0,0.0337,0,Master,Rent,Single,Education,0,16956.39,10343.59,182.52,0
48,Female,56667.92,4722.33,Salaried,6,132819.46,24,631,1,1.3956,3,High School,Rent,Single,Home,0,13971.41,4666.28,6314.48,1
61,Female,141585.02,11798.75,Salaried,11,73455.09,60,688,0,0.1292,0,Bachelor,Rent,Married,Education,0,30264.34,17422.13,1524.81,0
56,Female,57154.8,4762.9,Self-Employed,0,35081.06,48,724,0,0.1833,2,Bachelor,Mortgage,Divorced,Personal,0,27315.97,6803.65,872.99,0
57,Male,258779.59,21564.97,Salaried,36,894761.36,48,720,0,1.0325,2,Bachelor,Mortgage,Married,Home,0,101739.2,42149.77,22266.17,0
41,Female,165546.54,13795.54,Salaried,5,70088.59,48,741,0,0.1264,0,PhD,Mortgage,Single,Education,0,69402.24,18191.91,1744.16,0
28,Male,93670.53,7805.88,Self-Employed,5,202690.33,24,573,0,1.2963,0,Bachelor,Mortgage,Single,Home,0,5229.04,3412.06,10119.13,1
29,Female,67467.83,5622.32,Self-Employed,0,105198.81,48,561,1,0.5806,1,Bachelor,Rent,Divorced,Home,0,3168.45,2623.31,3090.22,0
67,Female,175121.92,14593.49,Salaried,22,638499.52,24,758,1,1.5,2,Bachelor,Mortgage,Married,Home,0,24213.38,12831.76,28298.69,0
35,Female,70254.87,5854.57,Salaried,8,241694.36,24,725,1,1.5,4,High School,Mortgage,Divorced,Home,0,12850.52,6945.48,11041.74,0
68,Female,190591.71,15882.64,Salaried,24,168706.66,48,601,2,0.3069,0,Bachelor,Rent,Married,Personal,0,67049.97,42731.03,4525.98,0
66,Male,5316.79,443.07,Unemployed,0,2000.0,24,605,0,0.1902,0,Bachelor,Mortgage,Married,Auto,0,7102.57,2676.05,95.08,0
60,Male,129817.56,10818.13,Self-Employed,2,248009.36,48,763,0,0.5384,2,Master,Own,Married,Home,0,68411.47,34666.95,5824.51,0
38,Female,161665.58,13472.13,Self-Employed,3,100821.37,12,654,1,0.698,1,Master,Rent,Single,Education,0,25635.14,5720.21,9005.09,0
62,Male,126346.85,10528.9,Self-Employed,29,153668.87,24,620,1,0.7272,3,Bachelor,Own,Married,Business,0,18077.46,7423.17,7305.7,0
40,Male,111075.13,9256.26,Salaried,0,34251.3,60,594,0,0.0842,0,Bachelor,Rent,Married,Auto,0,33201.3,10113.35,779.32,0
26,Female,52810.58,4400.88,Salaried,4,38070.35,36,699,1,0.321,1,High School,Mortgage,Married,Personal,0,24979.94,8519.68,1210.63,0
32,Female,30157.81,2513.15,Salaried,3,10125.82,36,696,0,0.1281,2,High School,Rent,Married,Personal,0,14291.4,6877.19,322.0,0
22,Female,66900.69,5575.06,Salaried,1,7771.34,36,768,3,0.1539,0,Bachelor,Rent,Single,Personal,0,21509.6,3934.23,236.42,0
27,Male,3496.42,291.37,Unemployed,0,10232.38,36,493,0,0.7399,2,Bachelor,Own,Married,Home,1,4793.29,4125.76,369.93,1
36,Female,46648.55,3887.38,Salaried,4,14207.29,12,627,1,0.4105,0,High School,Rent,Single,Auto,0,13528.78,9971.28,1268.96,0
23,Male,2959.7,246.64,Unemployed,0,11771.39,48,627,0,0.6316,1,Bachelor,Rent,Single,Home,0,4043.4,2583.22,315.8,1
65,Female,3782.04,315.17,Unemployed,0,2694.61,48,594,0,0.1446,2,Bachelor,Mortgage,Married,Business,0,4606.26,5357.07,72.29,0
23,Male,33841.74,2820.14,Self-Employed,2,16931.78,36,522,2,0.3441,0,High School,Own,Single,Education,1,12091.79,3402.03,612.12,0
47,Female,73369.3,6114.11,Salaried,20,269609.6,48,697,4,1.2035,0,Bachelor,Rent,Married,Home,0,32582.72,19869.62,6709.25,0
63,Male,49363.56,4113.63,Salaried,6,42649.35,48,669,0,0.2781,4,High School,Rent,Single,Personal,0,9143.62,6821.81,1144.18,0
60,Male,108072.0,9006.0,Salaried,0,229035.43,36,771,0,0.7737,3,Bachelor,Mortgage,Single,Home,0,50158.25,28927.19,6967.7,0
58,Female,336259.24,28021.6,Salaried,33,132597.84,12,683,1,0.42,3,Master,Mortgage,Single,Education,0,131622.56,41593.55,11595.88,0
53,Female,189877.16,15823.1,Salaried,22,147920.31,12,735,0,0.8175,4,Bachelor,Rent,Single,Auto,0,56204.68,29215.67,12935.85,0
48,Male,55311.18,4609.27,Salaried,2,98755.92,12,748,0,1.5,0,Master,Rent,Married,Home,0,9132.65,6158.28,8636.35,0
21,Female,26406.17,2200.51,Self-Employed,0,5874.67,36,643,0,0.09,0,High School,Rent,Married,Personal,0,15409.82,6628.81,197.94,0
28,Male,2103.57,175.3,Unemployed,0,2000.0,24,760,0,0.1773,0,Bachelor,Rent,Divorced,Business,0,2558.12,2148.75,88.64,0
57,Female,5666.4,472.2,Unemployed,0,2000.0,24,638,0,0.1902,3,Bachelor,Rent,Single,Education,0,5428.29,5070.2,95.08,0
52,Female,186512.5,15542.71,Salaried,17,67096.42,48,807,0,0.1014,2,Bachelor,Own,Married,Personal,0,71205.59,21204.14,1575.76,0
68,Male,10968.38,914.03,Unemployed,0,15511.67,36,583,3,1.5,1,Master,Mortgage,Married,Business,0,6522.5,6053.53,522.65,1
63,Female,150857.55,12571.46,Self-Employed,42,78478.15,60,693,2,0.1584,3,Bachelor,Own,Single,Auto,0,0.0,1629.48,1629.08,0
57,Male,98301.05,8191.75,Self-Employed,11,47613.65,60,751,1,0.1392,1,Bachelor,Rent,Married,Education,0,45098.63,8705.82,920.51,0
24,Male,68870.27,5739.19,Salaried,1,32130.12,36,658,0,0.1886,0,High School,Rent,Married,Auto,0,36064.9,10386.26,1082.59,0
50,Female,124599.77,10383.31,Self-Employed,8,18635.77,36,696,1,0.0724,0,Bachelor,Rent,Married,Auto,0,35063.72,15730.56,592.61,0
26,Female,53139.92,4428.33,Self-Employed,3,126828.3,60,713,0,0.5945,0,Bachelor,Rent,Married,Home,0,25399.43,9247.08,2632.75,0
66,Male,120339.82,10028.32,Salaried,41,57720.79,48,745,0,0.1432,0,Bachelor,Own,Married,Personal,0,39518.61,10929.69,1436.38,0
39,Male,193088.3,16090.69,Salaried,12,737264.59,36,598,1,1.5,0,PhD,Own,Single,Home,0,50256.95,15820.74,24841.36,0
52,Male,57802.73,4816.89,Self-Employed,23,13659.44,36,682,3,0.3056,2,High School,Mortgage,Married,Education,0,2376.39,1143.7,434.37,0
29,Female,10250.19,854.18,Unemployed,0,20904.23,36,622,1,1.0752,0,Bachelor,Rent,Divorced,Home,1,9766.43,4890.01,704.35,1
32,Male,4533.27,377.77,Unemployed,0,2000.0,12,605,0,0.3573,2,Bachelor,Mortgage,Single,Auto,0,5043.41,4865.27,178.63,0
31,Male,88106.21,7342.18,Salaried,7,318789.96,12,642,0,1.5,1,Master,Mortgage,Married,Home,0,22908.85,15756.86,28473.45,1
66,Male,74052.52,6171.04,Salaried,2,41461.11,24,661,0,0.3194,4,Master,Mortgage,Married,Education,0,27626.9,5596.3,1971.14,0
36,Male,57249.31,4770.78,Salaried,10,38080.72,36,639,0,0.2689,2,Bachelor,Mortgage,Married,Education,0,28854.59,12406.14,1283.09,0
21,Male,57091.74,4757.64,Self-Employed,0,41159.03,60,673,0,0.1796,4,High School,Rent,Married,Education,0,12339.06,6705.73,854.39,0
65,Male,65785.11,5482.09,Self-Employed,8,43001.3,24,703,0,0.3583,0,Bachelor,Rent,Single,Education,0,32303.67,7803.64,1964.5,0
41,Male,57200.36,4766.7,Salaried,1,40453.63,48,689,3,0.315,0,Bachelor,Mortgage,Married,Education,0,4086.47,1101.6,1006.69,0
50,Male,9513.06,792.76,Unemployed,0,7060.39,12,635,0,0.7955,1,PhD,Mortgage,Married,Auto,0,8817.64,1956.96,630.61,1
33,Female,51845.76,4320.48,Self-Employed,6,5477.07,48,635,3,0.1098,0,Bachelor,Mortgage,Married,Auto,0,2958.28,2967.33,146.94,0
54,Male,109628.24,9135.69,Salaried,27,12960.99,12,769,2,0.1993,1,Bachelor,Own,Married,Auto,0,16702.29,5458.59,1115.51,0
24,Female,52597.23,4383.1,Salaried,2,20835.6,60,598,0,0.1082,0,Bachelor,Mortgage,Married,Auto,0,14480.61,7961.54,474.07,0
48,Female,49980.05,4165.0,Salaried,8,27876.1,36,743,0,0.2128,1,Bachelor,Rent,Married,Auto,0,19513.86,8572.54,886.45,0
58,Female,236970.01,19747.5,Salaried,32,131118.81,36,788,1,0.2083,3,Master,Rent,Married,Auto,0,112487.11,16923.71,3988.89,0
51,Female,35881.77,2990.15,Salaried,1,108302.05,60,829,0,0.7002,0,High School,Rent,Married,Home,0,12683.39,6139.07,2093.78,0
47,Male,152942.38,12745.2,Self-Employed,20,74418.29,36,698,0,0.1857,4,Bachelor,Rent,Single,Education,0,759.25,2557.91,2366.48,0
25,Male,145258.04,12104.84,Self-Employed,4,218184.55,60,550,1,0.4877,0,PhD,Rent,Single,Business,0,30437.99,12354.58,5540.45,0
45,Male,95766.0,7980.5,Salaried,16,31363.18,36,850,0,0.1196,0,High School,Rent,Divorced,Education,0,13417.5,4621.56,954.13,0
23,Male,115562.02,9630.17,Salaried,1,75069.25,24,765,1,0.3669,1,Bachelor,Rent,Married,Auto,0,33109.62,7767.58,3327.11,0
53,Female,101502.24,8458.52,Salaried,22,54150.7,12,816,0,0.551,2,Bachelor,Rent,Married,Business,0,52214.69,12973.79,4660.56,0
24,Female,87440.79,7286.73,Salaried,0,15977.57,60,638,0,0.0499,2,Bachelor,Rent,Married,Education,0,28197.38,17226.45,363.54,0
45,Female,10336.11,861.34,Unemployed,0,14038.63,24,619,4,1.5,2,High School,Own,Single,Home,1,5139.02,2537.21,667.42,1
40,Male,161769.87,13480.82,Salaried,12,100438.82,12,687,0,0.6516,0,Bachelor,Own,Divorced,Education,0,9979.49,3479.35,8783.52,0
54,Female,151515.14,12626.26,Salaried,20,58513.21,60,689,0,0.0962,0,Bachelor,Mortgage,Married,Education,0,14141.77,7441.76,1214.64,0
46,Male,40373.38,3364.45,Salaried,7,11204.18,36,641,1,0.1641,0,High School,Mortgage,Married,Personal,0,12020.71,10291.81,377.51,0
25,Male,41538.59,3461.55,Self-Employed,0,129521.74,36,693,1,1.2702,0,Bachelor,Mortgage,Single,Home,0,26962.73,12209.67,4118.76,0
55,Male,88750.5,7395.88,Salaried,32,46275.73,60,793,0,0.121,4,High School,Mortgage,Married,Personal,0,25669.35,5323.71,894.64,0
48,Female,214223.6,17851.97,Salaried,25,42658.55,24,773,0,0.1059,3,Bachelor,Mortgage,Single,Personal,0,48280.58,11083.93,1890.65,0
49,Male,116136.36,9678.03,Self-Employed,3,391853.91,36,631,0,1.3642,0,Master,Rent,Married,Home,0,29800.05,18437.24,13203.11,1
29,Female,56123.89,4676.99,Salaried,1,37466.14,24,632,1,0.4487,2,High School,Own,Married,Personal,0,25743.9,15650.47,1781.21,0
58,Female,124387.48,10365.62,Salaried,31,50242.56,24,763,0,0.2148,1,High School,Rent,Single,Education,0,44060.96,23738.97,2226.78,0
26,Female,99865.83,8322.15,Self-Employed,5,63872.42,36,696,0,0.2441,0,Master,Rent,Married,Education,0,52632.24,20936.18,2031.13,0
39,Male,51119.32,4259.94,Self-Employed,0,22374.13,24,679,0,0.2399,0,Bachelor,Mortgage,Married,Personal,0,17398.46,7005.08,1022.16,0
64,Female,171600.52,14300.04,Self-Employed,34,378187.63,36,666,1,0.9109,1,High School,Own,Married,Home,0,5438.7,4364.91,12742.64,0
31,Female,128049.28,10670.77,Salaried,9,322331.31,12,746,2,1.5,2,Bachelor,Rent,Married,Home,0,0.0,2155.61,28188.35,0
22,Male,52574.61,4381.22,Salaried,1,118603.63,36,742,1,0.9246,0,High School,Mortgage,Single,Home,0,10814.37,6251.48,3771.56,0
67,Male,101697.8,8474.82,Salaried,33,36840.26,48,774,2,0.154,3,High School,Mortgage,Single,Auto,0,0.0,2092.65,865.19,0
64,Male,102208.32,8517.36,Self-Employed,1,12880.98,24,660,1,0.1114,1,Master,Own,Divorced,Auto,0,23317.18,7494.01,612.39,0
64,Male,59236.84,4936.4,Salaried,12,186603.22,12,680,0,1.5,0,Bachelor,Mortgage,Married,Home,0,4018.53,3283.64,16318.73,0
29,Female,65031.94,5419.33,Salaried,4,32072.87,12,755,0,0.5094,0,Bachelor,Rent,Married,Auto,0,15809.67,7096.34,2760.4,0
41,Female,49546.6,4128.88,Salaried,8,98624.34,36,669,2,0.8561,2,High School,Mortgage,Single,Home,0,13190.34,9774.26,3323.04,0
44,Male,88862.65,7405.22,Self-Employed,22,34011.91,60,646,1,0.1436,1,High School,Rent,Single,Personal,1,10816.42,6984.92,773.88,0
54,Female,138418.61,11534.88,Salaried,22,17356.28,36,735,1,0.0814,2,Master,Rent,Married,Education,0,45539.89,7859.43,551.93,0
42,Female,35643.77,2970.31,Salaried,1,111099.12,12,666,3,1.5,0,High School,Mortgage,Married,Home,0,11586.43,6026.71,9923.07,0
23,Male,98711.17,8225.93,Salaried,1,46923.73,60,719,0,0.1184,0,Bachelor,Mortgage,Single,Auto,0,49298.4,30271.15,974.06,0
32,Female,10935.05,911.25,Unemployed,0,32248.53,48,593,2,1.3572,0,High School,Rent,Married,Home,0,2826.29,2932.04,865.15,1
48,Female,5671.4,472.62,Student,0,4006.25,36,638,0,0.27,0,Bachelor,Rent,Single,Auto,0,7764.79,5028.15,134.99,0
50,Female,41159.92,3429.99,Salaried,4,54226.7,48,710,1,0.4524,2,High School,Mortgage,Divorced,Business,0,21167.29,13880.37,1349.43,0
46,Male,145200.3,12100.02,Salaried,13,89416.5,24,648,2,0.4024,0,Bachelor,Mortgage,Married,Auto,0,32367.15,10899.95,4251.02,0
68,Female,247376.94,20614.74,Salaried,22,565812.23,12,696,0,1.5,0,Master,Rent,Married,Home,0,124508.33,33000.03,49481.12,0
41,Male,81012.97,6751.08,Salaried,2,81647.97,24,664,0,0.575,0,Bachelor,Rent,Married,Business,0,6374.3,3257.3,3881.69,0
48,Female,90811.09,7567.59,Salaried,13,183579.96,24,761,0,1.0752,1,High School,Mortgage,Divorced,Business,0,14042.65,7745.4,8136.38,0
46,Male,43320.02,3610.0,Salaried,0,159928.91,24,735,1,1.5,2,Bachelor,Mortgage,Divorced,Home,0,3652.14,2928.34,7306.31,1
53,Female,105263.24,8771.94,Self-Employed,14,155404.83,36,603,0,0.5969,2,High School,Own,Single,Home,0,8205.14,4369.07,5236.2,0
41,Male,179918.38,14993.2,Salaried,20,590606.3,36,675,1,1.267,2,Bachelor,Rent,Divorced,Home,0,57953.18,31180.88,18781.12,0
55,Male,114566.6,9547.22,Self-Employed,7,109621.2,12,619,1,1.0632,1,Bachelor,Mortgage,Divorced,Personal,0,30353.57,5990.05,9791.07,0
54,Female,87812.27,7317.69,Self-Employed,6,33763.83,24,638,0,0.2194,0,High School,Mortgage,Single,Education,0,4906.24,2401.78,1605.19,0
61,Male,106788.68,8899.06,Salaried,40,18537.62,12,696,0,0.1822,2,Bachelor,Mortgage,Married,Personal,0,26720.99,6802.27,1621.14,0
67,Female,127187.65,10598.97,Salaried,33,327561.83,36,752,1,0.9557,0,Bachelor,Own,Married,Home,1,57117.58,27145.74,9965.07,0
38,Female,5625.45,468.79,Unemployed,0,5149.38,48,617,0,0.2763,2,Master,Rent,Married,Business,0,3824.32,4215.11,138.14,0
31,Female,65200.3,5433.36,Self-Employed,8,120903.55,36,566,1,0.8659,2,Bachelor,Rent,Single,Home,0,132.63,2079.03,4370.95,0
43,Male,89408.28,7450.69,Salaried,9,323965.93,48,618,1,1.2039,2,High School,Own,Married,Home,0,0.0,1643.97,8691.19,1
68,Female,230066.36,19172.2,Salaried,36,114193.6,36,704,0,0.1894,0,Bachelor,Rent,Single,Auto,0,44317.51,8877.57,3631.33,0
42,Female,9732.52,811.04,Unemployed,0,4299.61,24,622,0,0.252,4,Bachelor,Mortgage,Married,Education,1,7124.59,5929.17,204.41,1
37,Female,94955.22,7912.94,Salaried,15,68933.14,36,685,0,0.277,2,Bachelor,Mortgage,Divorced,Auto,0,44995.03,17280.81,2192.06,0
25,Male,109853.71,9154.48,Salaried,4,31222.56,48,551,0,0.1002,2,Bachelor,Rent,Married,Auto,0,54895.41,8523.5,917.16,0
64,Male,3230.57,269.21,Unemployed,0,2000.0,24,668,1,0.4178,0,Bachelor,Rent,Married,Education,0,8061.3,4002.56,95.08,0
31,Female,30340.02,2528.34,Self-Employed,0,70643.82,36,549,2,1.2464,0,High School,Rent,Married,Home,1,12796.63,8185.18,2553.94,1
50,Male,65043.44,5420.29,Self-Employed,5,28095.04,36,707,0,0.1648,0,High School,Mortgage,Single,Personal,0,0.0,1700.54,893.41,0
35,Male,55964.2,4663.68,Salaried,9,223887.32,60,728,0,0.9965,0,Bachelor,Rent,Married,Home,0,7460.17,6234.03,4647.53,0
47,Male,146742.36,12228.53,Salaried,9,140200.96,36,818,0,0.3488,1,Bachelor,Mortgage,Married,Business,0,26550.76,10294.63,4265.18,0
55,Female,207211.6,17267.63,Self-Employed,25,161261.75,12,715,1,0.8325,3,PhD,Rent,Single,Business,0,97750.54,41168.74,14102.58,0
53,Female,146554.89,12212.91,Self-Employed,25,17685.69,36,808,0,0.0441,0,Bachelor,Mortgage,Single,Auto,0,0.0,2074.27,538.03,0
40,Female,225875.43,18822.95,Salaried,18,212045.05,24,806,3,0.5581,1,Master,Own,Married,Auto,0,50500.19,24917.1,9397.97,0
36,Male,9000.53,750.04,Student,0,12684.36,36,649,0,0.5698,0,Master,Mortgage,Married,Business,0,7009.19,4766.91,427.39,0
54,Male,104232.28,8686.02,Salaried,3,63505.28,36,700,1,0.2456,0,Master,Own,Divorced,Education,0,11954.92,5558.92,2019.45,0
22,Female,42397.2,3533.1,Salaried,0,3963.98,36,785,3,0.1283,3,High School,Rent,Single,Personal,0,8621.84,5536.16,120.59,0
55,Female,109020.6,9085.05,Salaried,7,19397.6,12,787,0,0.1838,2,Master,Rent,Single,Auto,0,19451.05,9535.12,1669.48,0
60,Female,69692.78,5807.73,Self-Employed,11,12708.14,48,802,0,0.0514,1,High School,Rent,Married,Auto,0,9819.04,8172.04,298.45,0
48,Female,133025.43,11085.45,Self-Employed,21,96174.87,60,673,0,0.1801,0,High School,Mortgage,Married,Auto,0,25970.13,14868.2,1996.43,0
67,Male,206786.61,17232.22,Self-Employed,23,177731.52,36,639,1,0.3696,0,Bachelor,Rent,Married,Auto,0,2343.85,2144.04,5988.48,0
59,Female,100335.52,8361.29,Salaried,23,185351.84,36,694,0,0.7049,0,High School,Own,Married,Home,0,7468.21,3975.77,5894.14,0
26,Male,6559.6,546.63,Unemployed,0,11531.99,36,581,1,0.9559,0,High School,Mortgage,Married,Business,1,8453.22,3886.45,388.56,1
29,Male,65408.06,5450.67,Salaried,0,23504.08,36,643,1,0.2047,0,High School,Mortgage,Married,Personal,0,12111.87,6683.71,791.95,0
40,Female,59046.46,4920.54,Salaried,0,29728.0,48,591,0,0.1621,2,High School,Mortgage,Single,Personal,0,23293.55,13692.2,797.53,0
21,Male,103617.26,8634.77,Salaried,0,67967.29,24,657,1,0.4097,0,Bachelor,Rent,Single,Education,0,27206.44,7136.36,3231.29,0
28,Male,78759.16,6563.26,Salaried,7,130241.85,12,694,2,1.5,0,High School,Rent,Single,Home,0,24900.33,13484.2,11389.84,0
43,Male,113282.86,9440.24,Salaried,1,187791.75,12,607,0,1.5,2,Bachelor,Mortgage,Single,Home,0,30881.75,15422.03,16773.05,0
23,Male,173280.72,14440.06,Salaried,0,678191.53,24,691,2,1.5,3,PhD,Mortgage,Single,Home,0,50823.76,27565.93,30983.01,0
24,Female,109775.18,9147.93,Salaried,2,55614.84,36,644,0,0.2048,4,Bachelor,Mortgage,Single,Personal,0,7651.96,7358.07,1873.88,0
45,Male,66866.11,5572.18,Salaried,0,14299.91,36,724,2,0.1564,2,Bachelor,Rent,Divorced,Personal,0,8399.58,5888.58,454.73,0
67,Male,190535.65,15877.97,Salaried,18,110489.13,24,834,0,0.3084,0,PhD,Mortgage,Single,Education,0,94398.32,42952.55,4896.95,0
58,Male,71989.76,5999.15,Salaried,4,47869.1,12,644,2,0.8409,0,High School,Mortgage,Single,Personal,0,15324.13,9107.75,4275.54,0
35,Male,68298.63,5691.55,Salaried,14,99239.99,24,569,2,0.9359,3,Bachelor,Mortgage,Married,Business,0,31192.59,17101.94,4954.47,0
41,Male,144709.74,12059.14,Self-Employed,19,509738.28,48,679,0,1.0519,3,Master,Rent,Married,Home,1,66497.78,26857.83,12684.86,0
55,Female,274986.98,22915.58,Salaried,23,119934.03,36,690,0,0.1664,1,Master,Rent,Married,Auto,0,75508.86,25627.36,3813.87,0
66,Male,156766.7,13063.89,Salaried,30,333768.16,48,759,2,0.6418,0,Bachelor,Rent,Married,Home,0,16052.59,9777.66,7838.55,0
34,Female,55432.67,4619.39,Self-Employed,11,35930.01,36,607,0,0.2621,0,High School,Mortgage,Married,Auto,0,22336.97,6415.97,1210.62,0
56,Female,109362.65,9113.55,Self-Employed,3,62196.33,24,728,0,0.3118,3,Master,Rent,Single,Auto,0,24409.4,16908.78,2841.42,0
32,Female,42583.84,3548.65,Self-Employed,2,20417.8,60,598,0,0.1309,0,High School,Mortgage,Single,Education,0,24945.59,13268.83,464.57,0
37,Male,144581.74,12048.48,Salaried,13,32218.7,48,678,4,0.1169,2,Bachelor,Rent,Divorced,Education,0,59142.29,15289.53,801.76,0
59,Male,243108.92,20259.08,Salaried,35,203762.3,60,746,2,0.2187,4,Bachelor,Mortgage,Single,Business,0,103472.03,40272.5,4229.77,0
29,Female,103895.32,8657.94,Salaried,2,154686.16,24,668,1,0.8872,2,Bachelor,Mortgage,Single,Home,0,29076.07,14553.5,7354.06,0
55,Female,58414.24,4867.85,Self-Employed,5,223695.3,36,744,0,1.4613,0,Bachelor,Rent,Married,Home,0,0.0,1636.0,7113.45,1
33,Female,83605.72,6967.14,Salaried,0,10321.31,36,752,1,0.0741,0,Master,Own,Single,Education,0,37469.75,17710.84,313.99,0
35,Female,55689.74,4640.81,Salaried,1,17115.85,24,723,0,0.1685,0,Bachelor,Mortgage,Married,Education,0,3401.97,4574.01,781.93,0
38,Female,34739.14,2894.93,Self-Employed,7,71975.35,48,697,1,0.6564,2,High School,Rent,Married,Home,0,5521.08,4011.24,1791.11,0
53,Female,133830.95,11152.58,Self-Employed,11,63009.96,12,680,0,0.4941,1,Bachelor,Mortgage,Divorced,Personal,0,57788.52,23909.81,5510.31,0
26,Female,69626.97,5802.25,Self-Employed,0,39278.3,24,570,1,0.4063,0,Bachelor,Mortgage,Married,Auto,1,6811.49,4088.56,1960.93,0
47,Male,100184.38,8348.7,Salaried,18,19961.17,24,771,1,0.1301,0,Bachelor,Mortgage,Single,Auto,0,45345.1,18332.22,884.69,0
43,Female,80752.75,6729.4,Salaried,0,35812.7,36,561,1,0.2429,0,Master,Rent,Divorced,Education,0,4894.61,2033.1,1294.71,0
47,Female,88902.3,7408.52,Salaried,10,30909.96,36,559,3,0.2828,4,Master,Own,Single,Education,0,37978.26,23464.06,1117.47,0
54,Male,159211.28,13267.61,Salaried,15,85688.51,60,710,0,0.1341,2,Bachelor,Mortgage,Single,Education,0,40872.48,21444.95,1778.75,0
66,Female,3439.24,286.6,Unemployed,0,12613.21,48,600,0,0.6768,0,High School,Mortgage,Married,Home,0,5644.52,2175.32,338.38,1
58,Female,153411.88,12784.32,Salaried,36,233827.98,24,715,1,0.8636,3,Bachelor,Rent,Married,Home,0,67374.73,30545.67,10682.37,0
34,Female,50738.79,4228.23,Salaried,0,27207.14,36,633,0,0.2168,2,Master,Rent,Single,Personal,0,31451.48,5255.78,916.72,0
56,Female,146080.2,12173.35,Salaried,27,211824.28,24,744,1,0.8209,2,Bachelor,Mortgage,Married,Business,0,0.0,2650.65,9677.14,0
28,Male,85480.06,7123.34,Salaried,0,46053.2,24,641,1,0.3354,2,Master,Own,Divorced,Auto,0,31296.21,7206.65,2189.45,0
55,Female,117033.79,9752.82,Salaried,7,223115.38,36,698,0,0.7275,2,Bachelor,Mortgage,Single,Business,0,62189.91,12915.7,7095.01,0
39,Female,123961.99,10330.17,Self-Employed,9,64386.7,48,632,0,0.1672,0,Bachelor,Rent,Married,Business,0,18073.62,9003.27,1727.33,0
50,Female,2386.31,198.86,Unemployed,0,2000.0,12,713,0,0.3498,1,Bachelor,Rent,Single,Personal,0,2683.71,3570.46,174.9,0
34,Male,59122.94,4926.91,Salaried,7,5697.15,12,587,1,0.1523,2,Bachelor,Mortgage,Married,Personal,0,22872.57,6012.35,508.85,0
40,Male,151699.61,12641.63,Salaried,2,31213.76,12,775,0,0.2125,0,Master,Rent,Single,Auto,0,27917.69,19112.49,2686.46,0
69,Female,121429.04,10119.09,Self-Employed,22,327206.91,48,638,0,0.8675,0,High School,Mortgage,Married,Home,0,8329.93,4129.67,8778.14,0
45,Male,83611.58,6967.63,Self-Employed,22,179510.53,24,584,0,1.2248,0,High School,Mortgage,Single,Home,0,6767.34,3519.25,8534.26,0
60,Male,55975.46,4664.62,Salaried,3,187149.57,48,678,0,0.9984,0,Bachelor,Mortgage,Married,Home,0,5383.46,5339.78,4657.22,0
44,Female,69991.88,5832.66,Salaried,21,12724.56,24,663,1,0.1523,0,High School,Own,Divorced,Personal,0,30809.68,13508.07,604.95,0
34,Male,90326.08,7527.17,Self-Employed,1,135118.94,12,678,2,1.5,1,Bachelor,Mortgage,Divorced,Home,0,45448.66,16015.21,11816.35,1
46,Male,135876.34,11323.03,Salaried,22,425652.14,36,625,0,1.2666,0,High School,Own,Single,Home,0,58488.32,21961.17,14341.9,0
58,Male,73638.71,6136.56,Salaried,8,50785.26,24,669,1,0.4516,0,High School,Mortgage,Single,Education,0,18935.59,11569.59,2414.42,0
43,Male,71070.16,5922.51,Self-Employed,20,80132.94,36,735,0,0.4303,3,Bachelor,Mortgage,Married,Business,0,21331.22,13745.61,2548.21,0
42,Female,96660.32,8055.03,Salaried,3,414811.64,36,681,2,1.5,2,Bachelor,Mortgage,Married,Home,0,31576.4,3928.33,13190.9,1
68,Male,167591.19,13965.93,Self-Employed,33,331586.39,48,634,1,0.6636,0,High School,Own,Divorced,Home,0,46154.19,8507.41,8895.63,0
39,Male,53235.74,4436.31,Salaried,6,215505.73,12,768,1,1.5,0,High School,Rent,Married,Home,0,31486.74,4676.98,18547.81,0
66,Female,120418.68,10034.89,Salaried,17,349589.39,36,691,0,1.1078,2,High School,Mortgage,Married,Home,0,59143.24,7045.87,11116.85,0
23,Female,91308.35,7609.03,Self-Employed,1,45912.14,48,560,4,0.3637,2,Bachelor,Rent,Single,Personal,0,759.35,2610.21,1348.67,0
62,Female,80020.92,6668.41,Salaried,33,125217.15,36,634,1,0.6766,0,High School,Rent,Married,Home,0,35837.69,6740.67,4219.06,0
39,Male,65821.17,5485.1,Self-Employed,9,191630.78,48,661,1,0.9989,3,Bachelor,Mortgage,Single,Home,0,1279.83,3698.98,5140.97,0
29,Male,54780.27,4565.02,Salaried,2,208934.24,60,722,2,1.1209,2,Bachelor,Rent,Single,Home,0,20015.23,13750.84,4337.13,0
48,Female,154699.97,12891.66,Salaried,18,609734.07,36,619,2,1.5,3,Bachelor,Mortgage,Divorced,Home,0,13580.14,7863.83,20544.35,1
40,Male,56655.11,4721.26,Salaried,1,20051.31,24,666,2,0.3434,0,High School,Mortgage,Married,Auto,0,26479.74,5372.83,953.28,0
65,Female,143331.54,11944.3,Self-Employed,25,100026.88,12,799,0,0.7208,0,Bachelor,Rent,Single,Personal,0,0.0,1515.76,8608.96,0
27,Male,82442.31,6870.19,Salaried,2,23444.05,36,653,0,0.115,0,Master,Mortgage,Single,Auto,0,18187.05,13996.26,789.92,0
34,Male,139315.89,11609.66,Salaried,8,90312.07,48,705,0,0.1936,0,Bachelor,Own,Single,Auto,0,0.0,2369.67,2247.42,0
29,Female,57813.22,4817.77,Salaried,2,10617.59,36,665,2,0.1648,0,Bachelor,Mortgage,Married,Education,1,31612.69,14909.06,357.75,0
39,Female,68173.74,5681.14,Salaried,4,11597.07,24,761,0,0.0905,0,Bachelor,Rent,Single,Auto,0,2594.92,4998.76,513.99,0
67,Female,39954.11,3329.51,Salaried,11,19520.85,60,774,0,0.1133,2,High School,Mortgage,Divorced,Auto,0,4121.36,4408.73,377.39,0
34,Male,4753.25,396.1,Unemployed,0,2000.0,48,619,0,0.1073,0,Bachelor,Rent,Single,Education,0,3402.39,2858.84,53.65,0
58,Male,14228.98,1185.75,Student,0,11404.38,24,637,1,0.7282,0,Master,Mortgage,Married,Auto,0,7761.59,3752.34,542.19,1
56,Female,96952.17,8079.35,Salaried,22,260226.03,36,850,0,0.9799,3,Bachelor,Mortgage,Single,Home,1,35874.87,23531.83,7916.58,0
60,Female,86587.43,7215.62,Salaried,16,59367.12,48,639,1,0.2755,0,Bachelor,Own,Single,Personal,0,11086.9,2632.03,1592.67,0
37,Male,7999.77,666.65,Unemployed,0,2000.0,12,613,0,0.268,1,Bachelor,Mortgage,Married,Education,0,4053.7,6831.95,178.63,0
50,Male,85356.28,7113.02,Salaried,15,49911.86,48,718,0,0.1746,1,High School,Mortgage,Married,Personal,0,11671.58,6883.9,1242.06,0
29,Male,3759.59,313.3,Unemployed,0,2000.0,48,587,0,0.1073,4,High School,Mortgage,Single,Auto,0,5252.22,4367.41,53.65,0
53,Female,107299.44,8941.62,Salaried,16,24296.03,36,785,2,0.1438,3,Master,Mortgage,Married,Education,0,45156.82,19196.95,739.13,0
45,Female,96248.41,8020.7,Salaried,14,191040.21,60,647,1,0.5766,1,Master,Own,Married,Business,0,51997.58,8137.56,4346.75,0
34,Female,13610.85,1134.24,Student,0,10584.92,48,663,0,0.2504,3,Bachelor,Rent,Single,Education,1,10641.72,3147.33,283.97,0
31,Male,157003.19,13083.6,Salaried,9,83367.33,36,639,0,0.2147,1,Master,Rent,Single,Auto,0,3574.07,1942.17,2808.97,0
55,Female,113368.76,9447.4,Salaried,1,13803.96,48,745,1,0.0744,2,Bachelor,Rent,Married,Auto,0,335.37,1480.23,343.51,0
61,Male,54598.35,4549.86,Salaried,16,224375.46,48,701,0,1.2272,0,High School,Rent,Married,Home,0,7795.66,4994.31,5583.59,0
34,Female,6606.04,550.5,Unemployed,0,2000.0,36,559,0,0.1313,1,Bachelor,Mortgage,Single,Auto,0,5959.62,854.9,72.3,1
50,Female,62152.32,5179.36,Salaried,0,39983.28,48,666,0,0.2071,1,High School,Rent,Single,Business,1,17092.78,8027.66,1072.65,0
61,Male,4135.48,344.62,Unemployed,0,14463.28,48,504,2,1.5,1,Master,Own,Married,Home,1,7672.95,4095.32,424.86,1
24,Male,154007.98,12834.0,Self-Employed,1,94732.76,12,628,0,0.6593,2,PhD,Mortgage,Divorced,Personal,0,0.0,2456.18,8461.27,0
24,Male,9738.03,811.5,Student,0,2000.0,48,573,0,0.0724,0,Master,Mortgage,Married,Auto,0,9315.34,7033.63,58.75,0
48,Male,94944.54,7912.04,Self-Employed,9,57789.19,48,556,0,0.2146,0,Bachelor,Mortgage,Single,Personal,0,35215.88,18392.85,1697.56,0
28,Female,64119.87,5343.32,Self-Employed,3,23352.3,24,649,1,0.2333,2,High School,Own,Married,Auto,0,3359.87,3491.71,1110.21,0
22,Female,50320.11,4193.34,Self-Employed,1,5152.67,12,548,2,0.1764,0,High School,Mortgage,Single,Education,0,30127.05,14240.26,472.4,0
61,Female,221762.18,18480.18,Salaried,31,42997.26,12,819,1,0.2175,0,Bachelor,Rent,Single,Personal,0,56931.18,19385.03,3700.62,0
66,Female,11305.21,942.1,Unemployed,0,8863.28,60,575,0,0.2389,2,Bachelor,Rent,Married,Auto,0,5149.49,4937.2,225.07,0
42,Female,88197.56,7349.8,Salaried,2,48708.56,36,748,0,0.2107,3,Bachelor,Own,Divorced,Education,0,0.0,3290.3,1548.92,0
61,Male,80059.45,6671.62,Salaried,0,353610.25,12,805,1,1.5,0,Master,Mortgage,Married,Home,0,13975.69,9642.1,30433.97,0
36,Male,137940.0,11495.0,Self-Employed,2,277772.22,12,686,1,1.5,1,Master,Rent,Single,Home,0,21329.28,10297.57,24291.59,0
49,Female,33524.49,2793.71,Salaried,0,10055.32,12,622,0,0.3215,0,High School,Mortgage,Married,Auto,0,23622.85,5579.29,898.11,0
69,Male,51169.21,4264.1,Self-Employed,18,16477.24,36,820,4,0.2762,0,High School,Own,Single,Auto,0,10368.13,7150.56,501.27,0
68,Female,183371.67,15280.97,Self-Employed,35,80342.7,24,753,3,0.2576,0,Bachelor,Own,Single,Education,0,86390.61,29058.18,3560.84,0
50,Male,116967.06,9747.25,Salaried,26,70341.06,36,748,3,0.3018,1,High School,Rent,Divorced,Auto,0,41499.72,18579.09,2236.83,0
32,Female,140174.79,11681.23,Salaried,10,106861.68,48,627,1,0.2796,2,Bachelor,Own,Divorced,Personal,0,0.0,2536.81,2866.83,0
55,Female,165894.21,13824.52,Salaried,13,526940.43,48,691,1,0.9766,0,Bachelor,Mortgage,Single,Home,0,83196.56,17476.46,13112.93,0
31,Male,10733.38,894.45,Unemployed,0,15981.84,24,495,1,1.1295,2,High School,Mortgage,Single,Home,0,5004.53,3684.8,797.88,1
66,Male,214372.74,17864.4,Self-Employed,23,144690.2,48,616,0,0.2173,1,Bachelor,Rent,Single,Auto,0,43154.32,13060.47,3881.68,0
41,Female,79031.7,6585.98,Salaried,2,221189.36,24,773,0,1.4885,0,Bachelor,Own,Married,Home,0,39503.04,18089.06,9803.25,0
41,Male,8165.38,680.45,Student,0,4374.56,24,703,2,1.3923,1,Master,Mortgage,Divorced,Education,0,8656.44,3461.06,199.85,1
25,Male,51824.14,4318.68,Salaried,2,24244.12,48,625,2,0.3051,0,High School,Rent,Single,Education,0,16347.71,5033.52,650.41,0
68,Female,224249.58,18687.46,Salaried,24,22657.76,36,723,1,0.0481,0,Master,Mortgage,Married,Education,0,9767.06,7769.57,720.51,0
40,Male,105761.94,8813.5,Salaried,10,88871.54,60,768,1,0.2189,2,Bachelor,Rent,Single,Personal,0,26572.07,16292.8,1718.14,0
57,Female,112277.86,9356.49,Salaried,8,263575.37,24,776,0,1.2485,2,Bachelor,Mortgage,Single,Home,0,34588.88,15542.6,11681.82,0
23,Female,72109.58,6009.13,Salaried,1,30601.09,36,600,4,0.4089,2,High School,Rent,Married,Auto,0,43672.37,13891.47,1031.07,0
64,Male,119846.14,9987.18,Salaried,35,306675.29,24,682,0,1.4028,0,Bachelor,Mortgage,Married,Home,0,49903.69,29688.81,14010.38,0
53,Female,98621.98,8218.5,Self-Employed,28,70553.79,12,682,0,0.7507,0,Bachelor,Rent,Single,Education,0,46703.09,23343.8,6170.03,0
29,Female,98853.36,8237.78,Salaried,8,63362.34,24,721,0,0.3514,2,Bachelor,Own,Single,Personal,0,49690.29,22193.96,2894.69,0
29,Male,111132.61,9261.05,Salaried,0,174743.92,12,604,1,1.5,0,Bachelor,Rent,Single,Business,0,29702.55,18486.25,15607.65,1
24,Male,45282.52,3773.54,Salaried,2,41538.52,24,587,0,0.5233,2,Bachelor,Mortgage,Married,Business,0,14670.42,6185.9,1974.82,0
55,Male,231902.94,19325.24,Salaried,14,66204.35,12,675,1,0.3105,2,Master,Mortgage,Single,Education,0,44636.12,11797.93,5789.67,0
37,Male,102739.46,8561.62,Salaried,10,33636.44,12,588,1,0.3894,2,High School,Mortgage,Married,Education,0,3623.99,4876.64,3004.32,0
54,Male,149008.71,12417.39,Salaried,22,574853.86,36,717,2,1.4894,0,Master,Rent,Single,Home,0,37610.21,24144.72,18280.2,0
44,Male,69550.19,5795.85,Salaried,0,22161.39,24,596,0,0.1818,3,High School,Mortgage,Single,Education,0,20726.45,13792.95,1053.59,0
52,Male,109675.85,9139.65,Salaried,29,104682.35,24,810,0,0.5076,2,Master,Own,Married,Auto,0,6981.44,6959.77,4639.59,0
21,Female,6540.61,545.05,Unemployed,0,18970.67,24,498,0,1.5,1,Master,Rent,Single,Home,1,8256.48,3058.3,947.09,1
28,Female,67659.26,5638.27,Salaried,0,26676.49,60,579,0,0.1201,2,Bachelor,Rent,Married,Auto,0,1855.86,3335.36,677.41,0
65,Female,11026.58,918.88,Unemployed,0,8070.71,48,707,0,0.2186,0,Bachelor,Own,Married,Auto,0,6713.61,7184.49,200.84,0
43,Female,113758.65,9479.89,Salaried,14,227696.47,24,707,3,1.2043,0,Bachelor,Own,Married,Home,0,36403.02,16702.14,10402.25,0
67,Female,9179.39,764.95,Student,0,13845.73,60,653,1,0.9266,3,High School,Mortgage,Single,Business,1,0.0,1807.1,315.03,1
60,Female,160682.84,13390.24,Salaried,22,109848.67,36,736,2,0.2868,0,Bachelor,Mortgage,Married,Business,1,67691.18,29300.18,3493.16,0
32,Female,73567.13,6130.59,Self-Employed,3,44941.06,24,735,0,0.3349,1,Bachelor,Rent,Single,Education,0,10143.64,3416.98,2053.12,0
32,Male,136825.86,11402.16,Salaried,8,184480.25,60,698,0,0.3359,1,Master,Rent,Divorced,Business,0,48699.56,18536.69,3829.51,0
66,Female,168845.72,14070.48,Salaried,4,487216.22,36,785,0,1.0534,0,Master,Rent,Married,Home,0,1846.27,1406.33,14822.06,0
67,Male,124363.26,10363.6,Self-Employed,34,88055.65,12,610,1,0.7896,1,Bachelor,Rent,Single,Personal,0,40469.52,15885.25,7864.89,0
35,Male,74795.2,6232.93,Self-Employed,1,83737.2,36,676,0,0.4272,4,Bachelor,Mortgage,Single,Business,0,23318.25,4639.73,2662.82,0
61,Female,51022.36,4251.86,Self-Employed,8,23516.29,24,673,0,0.2527,0,Bachelor,Rent,Divorced,Auto,0,4684.72,2034.55,1074.34,0
39,Male,112747.91,9395.66,Salaried,3,26213.89,36,701,2,0.1259,2,Bachelor,Rent,Divorced,Auto,0,33322.87,10628.41,833.59,0
46,Male,55057.61,4588.13,Self-Employed,6,37553.79,12,654,2,0.8264,2,Bachelor,Mortgage,Divorced,Education,0,23434.6,12806.3,3354.2,0
49,Female,44607.18,3717.26,Salaried,0,5887.44,12,622,0,0.1415,1,Bachelor,Rent,Married,Auto,0,16399.07,4870.68,525.85,0
42,Female,221254.3,18437.86,Salaried,15,92517.84,24,703,1,0.241,0,Master,Mortgage,Married,Auto,0,59615.13,23112.25,4226.65,0
60,Female,6092.96,507.75,Unemployed,0,3316.92,36,683,0,0.2077,1,Bachelor,Rent,Married,Personal,0,9982.51,5739.8,105.48,0
41,Female,106856.59,8904.72,Salaried,5,240495.67,36,658,0,0.91,4,Bachelor,Rent,Single,Home,0,37321.54,14656.83,8103.25,0
58,Male,13578.46,1131.54,Student,0,2038.24,36,757,1,0.1548,0,Bachelor,Rent,Single,Education,0,8031.74,3320.23,62.01,0
40,Male,78702.98,6558.58,Salaried,5,61138.81,36,675,1,0.3272,1,Bachelor,Rent,Married,Auto,0,21983.6,7783.76,1944.2,0
49,Female,7615.47,634.62,Student,0,24494.28,24,759,2,1.5,4,Bachelor,Rent,Married,Home,0,5486.07,3975.94,1085.6,0
24,Male,52222.4,4351.87,Salaried,1,42339.21,48,664,0,0.261,2,Bachelor,Rent,Married,Business,0,7502.12,4060.58,1135.85,0
27,Female,68641.4,5720.12,Salaried,6,172129.95,36,700,0,0.9569,2,High School,Mortgage,Single,Home,0,4830.1,5735.1,5473.69,0
48,Male,103813.6,8651.13,Salaried,21,26030.22,48,678,0,0.0749,4,Bachelor,Rent,Married,Auto,0,16563.84,9527.76,647.76,0
48,Male,98683.05,8223.59,Self-Employed,4,50044.43,36,680,0,0.1935,0,Bachelor,Rent,Single,Education,0,23192.89,4585.24,1591.4,0
24,Female,66188.52,5515.71,Self-Employed,2,216451.69,48,628,0,1.0528,2,Bachelor,Mortgage,Married,Home,0,5732.99,2413.81,5806.86,1
42,Female,63583.26,5298.6,Salaried,0,146853.49,12,620,4,1.5,1,Bachelor,Mortgage,Married,Home,0,17792.1,8926.68,13116.55,1
32,Female,62925.61,5243.8,Self-Employed,3,48186.64,24,678,1,0.4897,0,Bachelor,Rent,Single,Education,0,11162.17,3792.41,2201.39,0
65,Male,181856.7,15154.72,Salaried,41,79270.11,48,736,0,0.1302,1,Bachelor,Rent,Divorced,Education,0,47701.5,10073.71,1972.64,0
23,Male,66212.99,5517.75,Self-Employed,0,49147.67,36,723,0,0.2832,0,Master,Rent,Married,Education,0,14651.97,10907.74,1562.88,0
42,Male,8197.07,683.09,Student,0,2439.2,60,615,1,0.5473,0,Bachelor,Mortgage,Divorced,Education,0,3489.9,2091.73,55.5,0
64,Male,383364.05,31947.0,Salaried,35,242072.9,36,575,0,0.2739,0,PhD,Mortgage,Single,Personal,0,80209.53,41117.54,8751.52,0
22,Male,55818.27,4651.52,Salaried,1,9211.44,60,755,0,0.0383,0,Bachelor,Rent,Single,Auto,0,31185.92,9969.26,178.08,0
44,Male,108533.49,9044.46,Salaried,0,204361.84,60,646,2,0.5837,0,Bachelor,Own,Single,Home,0,28528.77,10301.49,4649.86,0
54,Female,95320.49,7943.37,Salaried,7,19608.75,60,713,0,0.0512,2,Bachelor,Own,Single,Personal,0,35952.17,21356.19,407.05,0
47,Male,3069.2,255.77,Unemployed,0,2026.15,36,505,0,0.1465,0,High School,Rent,Single,Education,1,6215.77,4446.74,73.25,1
61,Female,109672.65,9139.39,Salaried,13,12387.61,48,683,2,0.1073,1,High School,Rent,Single,Personal,0,15519.7,9054.83,308.27,0
21,Female,71750.87,5979.24,Salaried,0,227568.18,36,684,3,1.2767,2,Bachelor,Rent,Divorced,Home,0,35172.85,17521.37,7236.61,0
28,Male,101468.66,8455.72,Self-Employed,7,59831.38,60,582,2,0.2009,0,Bachelor,Mortgage,Divorced,Auto,0,39329.96,18121.32,1361.35,0
43,Male,84278.96,7023.25,Salaried,16,158607.69,24,650,2,1.1338,3,Bachelor,Mortgage,Divorced,Home,0,26975.1,18104.77,7540.5,0
58,Male,132496.13,11041.34,Salaried,28,585057.94,24,600,0,1.5,3,Bachelor,Rent,Divorced,Home,0,18454.65,13781.56,27814.72,1
26,Female,90272.85,7522.74,Salaried,0,20263.68,36,759,0,0.0819,0,Bachelor,Own,Married,Auto,0,7985.6,5761.48,616.46,0
42,Male,37438.16,3119.85,Salaried,5,27524.9,60,622,1,0.2994,4,High School,Mortgage,Married,Education,0,8384.81,5413.51,626.28,0
45,Male,80284.41,6690.37,Salaried,0,47501.01,36,611,0,0.2392,2,Bachelor,Mortgage,Single,Business,0,24113.69,4919.13,1600.5,0
38,Female,78772.5,6564.38,Self-Employed,8,257569.88,12,505,1,1.5,0,High School,Mortgage,Single,Home,0,37438.07,13538.71,23614.0,1
37,Male,37637.75,3136.48,Salaried,0,25128.44,36,627,1,0.331,2,Bachelor,Mortgage,Married,Auto,0,20948.91,8829.14,846.68,0
32,Female,128407.34,10700.61,Salaried,7,106424.78,60,737,3,0.2574,2,Bachelor,Rent,Divorced,Education,0,50539.97,9111.1,2209.2,0
26,Female,50070.0,4172.5,Salaried,5,41589.57,36,733,1,0.3497,1,Bachelor,Mortgage,Married,Auto,0,15822.62,8792.88,1322.54,0
46,Female,52284.41,4357.03,Salaried,10,30394.38,24,671,4,0.6178,2,High School,Mortgage,Married,Personal,0,8229.27,2058.63,1388.56,0
47,Male,93666.87,7805.57,Salaried,7,104455.1,36,612,3,0.5967,0,High School,Rent,Single,Business,0,19897.78,7721.12,3519.51,0
28,Female,54036.79,4503.07,Self-Employed,6,49105.43,36,616,0,0.3674,4,Bachelor,Rent,Married,Education,0,22067.93,14787.35,1654.56,0
39,Female,143201.58,11933.46,Salaried,11,366454.88,36,668,0,1.0347,3,Bachelor,Rent,Married,Home,0,43611.37,13138.54,12347.31,0
62,Male,11519.98,960.0,Student,0,2000.0,12,724,2,0.7896,2,High School,Own,Divorced,Education,0,5161.83,2057.57,174.9,1
21,Male,109837.86,9153.16,Salaried,0,37355.33,24,665,2,0.2385,0,Master,Own,Divorced,Auto,1,21901.39,5807.67,1775.94,0
49,Male,64900.95,5408.41,Salaried,5,164109.27,36,789,1,0.9831,1,High School,Mortgage,Married,Home,0,25231.34,5900.76,4992.52,0
65,Female,133958.18,11163.18,Salaried,42,26921.48,36,661,1,0.0955,2,Bachelor,Own,Single,Personal,0,59153.09,29560.0,907.09,0
69,Female,79479.9,6623.32,Salaried,9,46191.16,48,652,0,0.1871,3,High School,Rent,Single,Education,0,33154.31,8440.2,1239.19,0
55,Female,222099.66,18508.3,Self-Employed,26,27864.05,12,668,1,0.1457,3,Bachelor,Mortgage,Single,Personal,0,107135.23,16456.24,2488.74,0
60,Female,2770.35,230.86,Unemployed,0,2000.0,48,621,1,0.6599,3,Bachelor,Rent,Divorced,Personal,0,7561.46,5759.56,53.65,1
34,Male,53274.4,4439.53,Salaried,7,29124.88,36,727,0,0.2086,1,High School,Mortgage,Single,Auto,0,16124.6,11057.76,926.16,0
55,Male,81669.14,6805.76,Self-Employed,3,110789.73,36,678,2,0.5853,3,Bachelor,Own,Single,Home,0,23521.43,10097.41,3523.08,0
68,Female,98859.31,8238.28,Self-Employed,20,92235.93,24,685,0,0.5115,0,Bachelor,Mortgage,Single,Auto,0,23565.34,5953.35,4213.77,0
65,Female,12408.91,1034.08,Student,0,5122.61,12,775,0,0.4263,0,Bachelor,Mortgage,Divorced,Auto,0,5188.27,5685.25,440.88,0
40,Male,87958.09,7329.84,Salaried,12,27682.74,36,594,1,0.1412,0,High School,Mortgage,Married,Education,0,43681.15,8559.69,932.74,0
69,Female,50039.95,4170.0,Salaried,2,15321.37,48,850,4,0.3834,3,Bachelor,Mortgage,Married,Personal,0,11136.38,6871.02,359.82,0
33,Female,59889.89,4990.82,Salaried,3,28300.0,48,694,1,0.2045,3,High School,Rent,Single,Education,0,78.29,1039.66,704.25,0
58,Female,156397.14,13033.1,Salaried,35,576234.54,36,599,1,1.5,0,Bachelor,Own,Single,Home,0,55435.36,31146.27,19415.62,0
69,Female,139849.34,11654.11,Self-Employed,39,75507.27,24,683,1,0.3247,0,Bachelor,Rent,Single,Education,0,5400.71,1501.18,3449.53,0
66,Female,10482.94,873.58,Unemployed,0,25778.75,12,497,0,1.5,4,Master,Rent,Married,Home,0,6230.66,5269.06,2363.4,1
69,Male,48256.64,4021.39,Salaried,4,29525.72,36,683,1,0.274,1,Bachelor,Rent,Divorced,Auto,0,29301.13,8958.36,938.91,0
28,Female,87065.13,7255.43,Self-Employed,5,183661.98,24,601,3,1.3124,1,Bachelor,Mortgage,Married,Home,1,12702.67,7280.06,8731.63,1
63,Male,6753.12,562.76,Unemployed,0,4564.77,48,771,1,0.5381,1,Bachelor,Own,Single,Auto,0,5497.84,4271.99,107.2,0
40,Female,7701.22,641.77,Unemployed,0,3932.56,36,587,0,0.2065,2,High School,Own,Married,Personal,0,2171.63,1549.4,132.5,0
53,Male,36274.9,3022.91,Self-Employed,1,52669.4,24,671,1,0.8752,4,High School,Mortgage,Married,Home,0,7892.55,1427.1,2406.19,0
46,Female,201566.56,16797.21,Self-Employed,24,618503.62,48,597,1,0.9987,0,Bachelor,Rent,Single,Home,0,32116.61,17828.17,16592.9,0
59,Male,211003.58,17583.63,Salaried,23,214161.63,60,843,1,0.2528,0,Bachelor,Mortgage,Single,Business,0,62841.91,19550.45,4140.34,0
41,Male,7489.55,624.13,Unemployed,0,4461.75,24,624,4,1.5,0,High School,Own,Married,Auto,0,7738.72,3101.76,212.12,1
69,Male,65782.91,5481.91,Salaried,4,34865.98,36,677,1,0.2657,0,Bachelor,Rent,Married,Education,0,25803.39,6311.18,1108.73,0
62,Female,165219.17,13768.26,Salaried,15,21567.86,48,672,0,0.039,1,Bachelor,Mortgage,Divorced,Personal,1,34300.97,20022.51,536.72,0
63,Female,174116.23,14509.69,Salaried,14,25289.84,48,650,0,0.0468,3,Bachelor,Mortgage,Divorced,Auto,0,10860.16,4941.2,678.46,0
61,Male,91899.08,7658.26,Self-Employed,12,11165.93,36,694,0,0.0464,2,High School,Rent,Single,Auto,0,40122.23,10916.09,355.07,0
29,Female,65028.95,5419.08,Salaried,1,30683.83,36,623,0,0.1908,4,Bachelor,Rent,Married,Personal,0,19071.4,8934.65,1033.86,0
44,Female,57409.58,4784.13,Self-Employed,14,30484.42,12,630,0,0.5691,3,High School,Mortgage,Single,Education,1,21884.86,12641.47,2722.79,0
57,Female,36770.67,3064.22,Salaried,3,116679.03,48,780,0,0.8943,1,High School,Own,Married,Home,0,24195.76,12852.62,2740.21,0
69,Male,158746.83,13228.9,Salaried,47,61543.05,24,677,2,0.2591,1,Bachelor,Own,Married,Education,1,22978.08,14699.14,2811.58,0
61,Female,98192.22,8182.68,Salaried,20,104100.85,48,720,0,0.3166,1,Bachelor,Mortgage,Married,Business,0,48724.36,30205.0,2590.55,0
37,Female,154078.98,12839.92,Salaried,10,258166.85,48,646,0,0.5394,0,Bachelor,Own,Divorced,Business,0,10355.74,6676.45,6925.97,0
44,Female,100604.98,8383.75,Salaried,19,63266.78,60,692,0,0.1566,1,High School,Rent,Married,Business,0,8910.75,5561.7,1313.31,0
41,Female,52024.09,4335.34,Salaried,1,12750.4,36,679,1,0.1567,1,Bachelor,Mortgage,Divorced,Education,0,18781.05,11900.47,405.46,0
59,Female,106708.46,8892.37,Salaried,29,83070.6,36,693,1,0.3085,1,High School,Rent,Single,Personal,0,560.78,1509.69,2641.62,0
61,Female,3846.36,320.53,Unemployed,0,2209.58,24,700,3,1.5,1,Bachelor,Mortgage,Single,Auto,0,7084.21,6401.98,100.94,1
59,Male,92905.41,7742.12,Salaried,3,73360.97,12,777,2,0.8677,0,Bachelor,Own,Married,Auto,0,6431.89,2887.75,6313.92,0
33,Male,88347.65,7362.3,Salaried,10,181688.27,36,573,2,0.9446,1,Bachelor,Rent,Divorced,Business,0,25286.26,8416.25,6568.47,1
31,Male,97382.97,8115.25,Salaried,3,95800.94,60,516,0,0.2998,0,PhD,Own,Single,Personal,1,43094.05,11779.56,2432.71,0
66,Male,111418.65,9284.89,Salaried,25,178272.02,36,798,1,0.6066,0,Bachelor,Rent,Single,Home,0,0.0,3403.18,5423.38,0
39,Female,95182.99,7931.92,Self-Employed,2,46801.68,24,647,0,0.2805,2,Bachelor,Mortgage,Married,Personal,1,17801.1,6304.29,2225.04,1
31,Female,87171.43,7264.29,Self-Employed,7,157121.57,36,646,0,0.7288,0,Bachelor,Rent,Married,Home,0,37177.75,5293.71,5294.05,0
33,Female,60789.54,5065.8,Salaried,5,36313.96,48,759,0,0.1684,3,High School,Own,Married,Auto,0,11825.25,5222.29,852.83,0
66,Male,322406.69,26867.22,Salaried,36,792946.57,48,671,2,0.7572,0,Master,Rent,Married,Home,0,0.0,2796.72,19732.51,0
65,Female,8554.21,712.85,Unemployed,0,5623.26,60,639,0,0.1795,1,Bachelor,Rent,Divorced,Auto,0,8006.77,6086.85,127.95,0
21,Male,48120.68,4010.06,Salaried,0,34196.26,12,659,2,0.8859,1,High School,Own,Married,Personal,1,4964.77,954.17,3054.32,1
60,Male,270454.57,22537.88,Salaried,37,822837.0,48,783,0,0.8574,0,Bachelor,Mortgage,Single,Home,0,39383.08,25331.51,19324.35,0
64,Male,92885.66,7740.47,Salaried,40,54678.89,12,725,0,0.6178,1,High School,Mortgage,Married,Auto,0,50062.73,16686.12,4781.75,0
39,Female,110458.88,9204.91,Self-Employed,3,307074.92,48,635,1,0.9136,2,PhD,Mortgage,Married,Home,0,18462.4,7893.89,8238.05,0
32,Male,191954.68,15996.22,Self-Employed,9,441446.58,48,608,2,0.7846,0,Master,Mortgage,Divorced,Home,0,82954.56,32766.37,11842.91,0
28,Female,125849.95,10487.5,Salaried,6,116544.19,36,694,1,0.3689,0,Bachelor,Own,Single,Business,0,57728.73,26926.01,3706.07,0
28,Male,36543.33,3045.28,Salaried,4,16222.14,48,645,1,0.22,1,High School,Mortgage,Single,Auto,0,8634.72,4279.58,435.2,0
65,Female,188753.02,15729.42,Salaried,41,500202.09,24,620,0,1.5,0,High School,Rent,Single,Home,0,54242.73,10381.18,23780.52,0
32,Female,36732.15,3061.01,Salaried,11,8103.2,12,681,1,0.3376,2,High School,Mortgage,Married,Education,0,24416.15,13390.02,708.64,0
68,Female,174559.56,14546.63,Salaried,41,121202.2,24,569,3,0.4791,2,High School,Own,Single,Auto,0,53350.91,13116.09,6050.91,0
53,Female,81774.25,6814.52,Salaried,10,63552.82,12,775,0,0.8027,0,Bachelor,Own,Married,Personal,0,36758.02,15059.45,5469.76,0
65,Female,96411.98,8034.33,Salaried,10,19364.19,48,662,0,0.0647,1,Master,Rent,Married,Auto,0,20180.81,9888.06,519.49,0
46,Female,130921.93,10910.16,Self-Employed,21,230769.41,24,692,0,0.9663,1,Bachelor,Mortgage,Married,Business,0,50471.49,32373.14,10542.64,0
59,Female,259857.42,21654.78,Salaried,37,366552.91,48,765,0,0.3975,1,Bachelor,Own,Married,Home,0,0.0,2568.41,8608.51,0
48,Male,115730.81,9644.23,Self-Employed,5,20040.42,48,718,1,0.0701,0,Bachelor,Rent,Divorced,Auto,0,46128.39,19671.34,498.71,0
25,Male,164311.71,13692.64,Salaried,3,80904.64,60,772,0,0.1142,1,Master,Own,Married,Auto,0,54348.26,32420.69,1564.11,0
28,Male,10409.99,867.5,Student,0,44305.97,48,614,2,1.5,0,High School,Rent,Single,Home,1,4172.42,2745.02,1188.62,1
45,Female,10105.6,842.13,Student,0,25584.24,48,693,1,0.9479,0,Bachelor,Rent,Single,Home,0,2645.3,2514.15,636.66,0
47,Female,76954.8,6412.9,Salaried,25,216729.85,24,699,1,1.5,1,Bachelor,Rent,Married,Home,0,10432.95,4937.37,9901.25,0
66,Female,168790.68,14065.89,Salaried,37,29742.24,24,725,0,0.0966,0,Master,Rent,Single,Education,0,36939.73,8579.63,1358.77,0
43,Female,143657.32,11971.44,Self-Employed,11,530461.97,36,670,0,1.493,0,Master,Mortgage,Married,Home,0,944.61,2204.43,17873.36,1
50,Male,176611.95,14717.66,Self-Employed,22,260392.4,36,618,1,0.611,0,Bachelor,Mortgage,Divorced,Home,0,76972.61,38714.77,8773.65,0
65,Female,10226.03,852.17,Unemployed,0,16543.01,24,673,0,0.8869,0,High School,Rent,Married,Home,0,5232.2,4265.06,755.76,0
67,Female,124539.35,10378.28,Self-Employed,28,181858.36,12,672,1,1.5,0,Bachelor,Mortgage,Single,Business,0,0.0,3808.84,15903.78,1
43,Male,92146.75,7678.9,Salaried,13,46973.3,36,762,0,0.1861,0,High School,Rent,Single,Education,0,23496.87,2874.59,1429.02,0
69,Female,195293.83,16274.49,Salaried,24,521526.99,12,732,1,1.5,0,Bachelor,Own,Divorced,Home,0,96990.08,53378.97,45608.31,0
67,Male,173211.27,14434.27,Salaried,41,113630.09,48,739,0,0.1959,2,Bachelor,Own,Divorced,Business,0,0.0,1665.58,2827.69,0
40,Female,8955.56,746.3,Unemployed,0,4406.46,12,634,1,0.8077,0,Bachelor,Mortgage,Married,Auto,0,5630.81,3939.48,393.57,1
38,Male,9372.81,781.07,Student,0,16464.97,60,629,0,0.4796,2,Master,Mortgage,Single,Home,0,4152.06,4157.4,374.63,0
38,Female,151536.53,12628.04,Salaried,9,86305.74,36,579,0,0.2471,0,Bachelor,Own,Married,Auto,0,56975.16,20144.21,3120.16,0
22,Female,38000.07,3166.67,Salaried,0,7253.28,36,747,0,0.0728,2,Bachelor,Mortgage,Single,Auto,0,14770.55,10547.3,230.65,0
24,Male,47545.94,3962.16,Salaried,1,20117.16,24,739,0,0.232,0,High School,Rent,Single,Education,0,12722.24,2802.84,919.05,0
50,Male,103865.43,8655.45,Salaried,9,29030.4,36,690,1,0.1451,3,Master,Rent,Single,Education,0,55554.43,13334.37,923.16,0
53,Male,10497.37,874.78,Unemployed,0,3190.98,24,583,0,0.1734,2,High School,Own,Married,Auto,0,5923.45,3407.25,151.71,0
56,Female,59821.56,4985.13,Salaried,13,107077.15,48,587,1,0.6003,0,High School,Rent,Single,Home,0,26734.22,8562.58,2872.61,0
38,Female,60543.04,5045.25,Salaried,4,38216.81,24,708,0,0.3461,0,High School,Rent,Single,Auto,0,0.0,1562.74,1745.93,0
57,Male,171157.18,14263.1,Salaried,21,131260.25,36,638,1,0.3236,1,Bachelor,Rent,Single,Auto,0,6195.36,3846.66,4422.68,0
39,Male,69806.12,5817.18,Salaried,10,61452.0,48,703,0,0.2629,3,High School,Mortgage,Married,Auto,0,12517.87,9315.19,1529.24,0
67,Female,193005.34,16083.78,Salaried,28,273062.19,24,722,0,0.7756,1,Master,Mortgage,Married,Home,0,83438.78,27417.15,12474.78,0
48,Female,84090.29,7007.52,Salaried,6,23019.29,36,684,0,0.1045,1,PhD,Mortgage,Single,Personal,0,19167.1,7122.05,732.01,0
60,Female,109815.76,9151.31,Salaried,17,50261.84,24,703,0,0.2509,0,PhD,Rent,Divorced,Auto,0,20092.11,8716.67,2296.2,0
40,Male,102012.55,8501.05,Salaried,10,208302.6,36,688,0,0.7792,0,High School,Rent,Married,Home,0,25921.26,5607.58,6623.97,0
69,Female,201210.95,16767.58,Self-Employed,19,429313.59,48,605,0,0.6869,0,Master,Rent,Single,Home,0,61233.74,34369.47,11517.41,0
53,Female,205414.34,17117.86,Salaried,6,83694.27,48,780,1,0.1373,0,PhD,Mortgage,Single,Education,0,35263.8,8396.32,1965.56,0
32,Female,109809.1,9150.76,Self-Employed,3,47308.0,24,612,4,0.3372,0,Master,Mortgage,Married,Education,0,54202.9,11901.82,2249.11,0
35,Female,4615.81,384.65,Unemployed,0,2000.0,48,570,1,0.5035,0,Bachelor,Rent,Single,Auto,0,5087.58,5010.05,58.75,1
61,Female,4945.38,412.12,Unemployed,0,2223.54,48,563,3,1.2301,2,Bachelor,Rent,Single,Education,0,4562.81,2546.46,65.32,1
59,Female,58697.09,4891.42,Salaried,29,205608.16,12,739,1,1.5,2,High School,Mortgage,Married,Home,0,12041.08,5243.27,17980.74,1
22,Male,134251.89,11187.66,Salaried,1,52234.75,12,670,1,0.4506,0,Master,Own,Married,Personal,0,47557.4,17592.4,4665.47,0
49,Female,97341.37,8111.78,Salaried,20,150649.19,36,574,1,0.6992,3,High School,Rent,Married,Home,0,49343.23,25991.2,5446.33,0
61,Male,123581.02,10298.42,Salaried,17,74380.83,24,758,2,0.373,0,Bachelor,Mortgage,Married,Auto,0,14263.95,6963.9,3296.6,0
30,Male,10522.97,876.91,Unemployed,0,2000.0,12,678,2,0.981,0,PhD,Rent,Divorced,Education,1,11047.35,5519.58,174.9,1
22,Male,70863.38,5905.28,Self-Employed,0,150351.52,48,620,0,0.683,2,Bachelor,Rent,Single,Home,0,30098.23,5736.26,4033.55,0
31,Female,98459.25,8204.94,Salaried,9,135250.72,12,572,1,1.5,2,High School,Own,Single,Business,1,44962.8,9356.17,12399.79,1
33,Male,71853.11,5987.76,Salaried,3,334232.31,24,639,0,1.5,3,PhD,Rent,Divorced,Home,0,902.42,2361.41,15890.01,1
30,Male,230115.54,19176.3,Salaried,6,144995.93,48,602,1,0.2221,0,PhD,Rent,Married,Personal,0,113892.79,30097.25,3889.88,0
34,Male,13158.84,1096.57,Student,0,8755.31,12,682,0,0.6982,0,High School,Rent,Married,Auto,0,9672.99,4892.76,765.66,0
38,Male,123111.25,10259.27,Self-Employed,11,426179.87,24,636,1,1.5,1,Master,Own,Single,Home,1,46944.58,19027.08,20261.37,1
29,Male,85438.36,7119.86,Self-Employed,1,34254.79,36,650,0,0.1621,0,Bachelor,Mortgage,Single,Personal,0,5945.13,4866.53,1154.18,0
59,Female,204690.75,17057.56,Salaried,25,106265.37,36,804,2,0.2364,0,Bachelor,Mortgage,Single,Education,0,36100.63,19730.34,3232.8,0
48,Female,58895.9,4907.99,Salaried,5,134634.01,12,719,1,1.5,1,High School,Mortgage,Married,Home,0,28482.87,18030.79,11773.94,1
23,Male,27552.49,2296.04,Salaried,0,4037.25,36,590,2,0.2276,0,High School,Rent,Single,Education,0,4647.92,3789.62,136.03,0
40,Female,120717.86,10059.82,Salaried,18,367405.59,24,667,0,1.5,0,High School,Own,Married,Home,0,24129.02,5558.63,17467.13,1
26,Female,58986.94,4915.58,Salaried,4,54715.76,36,660,0,0.3751,0,High School,Rent,Married,Business,0,9207.58,4249.61,1843.59,0
47,Male,10451.57,870.96,Student,0,7182.1,36,602,3,0.8107,0,Master,Rent,Single,Auto,0,4243.39,4420.19,241.99,1
22,Female,38528.86,3210.74,Salaried,0,97709.82,36,711,0,0.9677,0,Bachelor,Own,Single,Home,0,13373.14,6635.7,3107.15,0
49,Female,81608.99,6800.75,Salaried,9,287028.24,48,744,0,1.0503,1,Master,Own,Single,Home,0,35732.66,9095.58,7142.71,0
58,Male,164784.32,13732.03,Salaried,18,93728.0,24,643,1,0.3471,0,Bachelor,Mortgage,Single,Education,0,2365.57,3696.62,4456.0,0
23,Male,50487.26,4207.27,Salaried,2,15171.66,36,638,0,0.1215,3,High School,Mortgage,Single,Education,0,27453.4,12035.8,511.19,0
36,Female,11980.58,998.38,Unemployed,0,15177.27,24,630,3,1.5,0,Master,Own,Single,Business,0,6521.41,5923.0,721.56,1
50,Female,224787.4,18732.28,Salaried,22,156924.68,36,723,0,0.2664,3,Master,Own,Married,Auto,0,89647.83,12774.73,4990.16,0
60,Male,14496.01,1208.0,Student,0,9221.72,48,702,0,0.19,1,Bachelor,Own,Married,Auto,1,12679.92,4973.62,229.48,0
22,Female,40526.31,3377.19,Salaried,1,23435.25,48,605,3,0.4324,0,High School,Rent,Single,Education,0,1836.04,4306.15,628.71,0
37,Female,6761.54,563.46,Student,0,2000.0,36,610,4,1.5,0,Bachelor,Mortgage,Married,Personal,0,7461.67,3613.63,67.39,1
61,Female,97301.43,8108.45,Salaried,12,43201.39,24,644,1,0.2662,0,Bachelor,Rent,Divorced,Education,0,38693.26,25940.26,2053.87,0
32,Female,88713.15,7392.76,Self-Employed,4,69028.27,12,607,1,0.8742,1,Master,Mortgage,Married,Education,0,0.0,788.75,6165.42,0
55,Male,111336.57,9278.05,Salaried,25,31556.76,24,652,1,0.1973,0,High School,Rent,Single,Education,0,33751.48,13076.89,1500.27,0
63,Female,166755.23,13896.27,Salaried,42,524484.95,36,850,0,1.1482,1,High School,Rent,Married,Home,0,38512.87,25566.41,15955.85,0
21,Female,67657.31,5638.11,Self-Employed,0,28314.8,24,701,0,0.2294,1,Bachelor,Mortgage,Married,Personal,0,33255.83,9546.83,1293.55,0
65,Male,74320.6,6193.38,Salaried,17,25371.15,48,779,0,0.0962,2,Bachelor,Rent,Divorced,Education,1,3965.14,2999.98,595.84,0
35,Female,37895.9,3157.99,Salaried,11,15880.1,48,756,0,0.1181,1,High School,Rent,Divorced,Auto,0,15755.04,2708.2,372.94,0
46,Female,7180.28,598.36,Student,0,2000.0,36,740,0,0.1063,0,Bachelor,Rent,Single,Education,0,3936.12,3414.95,63.6,0
57,Male,210755.35,17562.95,Salaried,32,68986.88,36,662,3,0.1939,2,Bachelor,Own,Married,Personal,1,12201.6,4460.61,2324.44,0
41,Female,4215.52,351.29,Unemployed,0,2000.0,24,641,2,0.7483,2,Bachelor,Rent,Divorced,Personal,0,8665.55,3312.3,95.08,1
69,Male,270907.06,22575.59,Self-Employed,39,152303.08,24,690,0,0.3082,4,Bachelor,Rent,Married,Auto,1,32783.18,10978.49,6957.93,0
51,Male,96738.05,8061.5,Salaried,3,150274.53,24,633,3,0.9256,0,Bachelor,Mortgage,Married,Home,0,16583.85,9118.39,7144.33,0
45,Male,179795.83,14982.99,Salaried,8,529960.76,36,725,0,1.1248,2,Master,Mortgage,Single,Home,0,39507.18,14779.15,16852.61,0
43,Male,8858.15,738.18,Student,0,6977.08,60,681,1,0.5806,3,PhD,Mortgage,Single,Education,0,5045.34,3812.19,144.83,0
44,Female,127585.29,10632.11,Salaried,18,97735.84,36,665,1,0.3256,1,High School,Own,Married,Auto,0,21381.75,7144.1,3293.11,0
58,Male,73128.9,6094.08,Salaried,6,31661.0,36,731,3,0.2572,1,High School,Rent,Married,Auto,0,5314.64,3892.72,1006.81,0
48,Female,133685.74,11140.48,Self-Employed,14,41901.18,24,669,0,0.1788,4,Master,Mortgage,Divorced,Auto,0,25524.11,13018.52,1992.06,0
41,Male,57715.67,4809.64,Salaried,2,144279.38,48,688,0,0.7465,4,Bachelor,Mortgage,Divorced,Home,0,858.87,2536.13,3590.4,0
63,Female,10665.31,888.78,Unemployed,0,5420.65,36,717,0,0.194,1,Bachelor,Mortgage,Single,Auto,0,9946.11,3137.63,172.38,0
38,Female,88354.61,7362.88,Salaried,11,74363.12,36,745,0,0.3212,0,Bachelor,Rent,Married,Education,0,0.0,2942.74,2364.73,0
56,Female,51170.24,4264.19,Salaried,22,9294.7,36,561,2,0.2026,2,High School,Mortgage,Single,Education,0,5744.47,4448.64,336.03,0
55,Male,135486.62,11290.55,Salaried,33,566828.72,36,633,0,1.5,0,Bachelor,Own,Married,Home,0,25697.26,11420.48,19098.7,1
65,Male,63188.98,5265.75,Salaried,6,27012.16,36,710,4,0.4393,0,Bachelor,Own,Married,Personal,0,30876.21,15508.9,858.98,0
29,Male,66398.23,5533.19,Salaried,2,64390.69,12,753,0,1.0016,4,Bachelor,Rent,Single,Business,0,4843.46,3893.97,5541.88,0
58,Female,71249.04,5937.42,Self-Employed,7,204228.24,60,535,1,0.9257,2,High School,Rent,Single,Home,1,13167.83,7974.45,5186.05,1
50,Male,185079.9,15423.32,Self-Employed,12,25270.0,48,669,0,0.044,3,PhD,Mortgage,Single,Personal,0,99229.86,60723.66,677.93,0
64,Female,203422.86,16951.9,Self-Employed,31,50737.7,12,718,0,0.2617,1,Bachelor,Rent,Single,Personal,0,58677.9,35723.13,4437.09,0
54,Female,145086.79,12090.57,Salaried,33,61362.86,36,686,0,0.1614,1,Bachelor,Mortgage,Divorced,Auto,0,46938.4,26280.39,1951.32,0
52,Male,104127.81,8677.32,Salaried,17,298069.1,36,662,0,1.1574,4,Master,Rent,Single,Home,0,51627.06,16694.34,10043.13,0
23,Female,3602.68,300.22,Unemployed,0,8791.26,48,511,1,1.2442,0,Bachelor,Rent,Single,Home,0,3664.72,3892.23,258.24,1
23,Female,105079.9,8756.66,Salaried,2,142993.33,36,559,0,0.5904,2,Bachelor,Own,Single,Home,0,0.0,3763.51,5169.55,0
48,Female,140527.8,11710.65,Salaried,22,110618.91,60,753,1,0.1941,1,PhD,Mortgage,Divorced,Auto,0,0.0,3643.32,2138.57,0
64,Male,260923.37,21743.61,Salaried,42,147382.38,60,721,0,0.1407,0,Bachelor,Mortgage,Single,Education,0,86208.15,16890.76,3059.42,0
35,Male,68412.42,5701.04,Salaried,7,41854.92,12,765,1,0.6964,0,Bachelor,Rent,Single,Auto,0,6265.85,5421.26,3602.3,0
61,Male,212112.83,17676.07,Salaried,20,114326.24,24,756,0,0.2867,0,Master,Mortgage,Married,Education,0,42665.68,21001.1,5067.01,0
43,Female,94340.09,7861.67,Self-Employed,17,304515.57,24,608,0,1.5,1,High School,Rent,Single,Home,0,32466.18,17798.96,14477.23,1
60,Female,2982.6,248.55,Unemployed,0,8041.64,24,555,2,1.5,0,High School,Mortgage,Single,Home,0,6279.5,4873.95,401.47,1
31,Male,158557.44,13213.12,Salaried,9,327189.47,36,764,4,0.7978,1,Master,Rent,Married,Home,0,0.0,2196.36,9953.74,0
68,Female,162971.29,13580.94,Self-Employed,18,315515.2,12,807,2,1.5,1,Master,Rent,Single,Home,0,64474.67,17294.9,27155.27,0
52,Male,223324.96,18610.41,Salaried,12,362927.98,48,755,0,0.458,2,PhD,Mortgage,Divorced,Home,0,110770.32,20271.12,8523.37,0
56,Female,106837.91,8903.16,Salaried,15,23313.55,36,703,0,0.0833,0,High School,Mortgage,Married,Auto,0,12165.21,5804.05,741.36,0
53,Female,28053.97,2337.83,Salaried,1,14125.52,12,667,0,0.5397,2,High School,Mortgage,Married,Personal,0,6530.34,5184.65,1261.65,0
44,Female,59694.07,4974.51,Salaried,1,10773.14,36,799,2,0.194,0,High School,Rent,Single,Auto,1,24777.5,3312.56,327.74,0
59,Female,90743.67,7561.97,Salaried,25,170926.92,36,727,2,0.7546,0,Bachelor,Rent,Married,Home,0,11077.89,3609.02,5435.43,0
54,Male,121284.83,10107.07,Self-Employed,21,45782.62,48,610,0,0.1215,0,Bachelor,Rent,Married,Personal,0,30451.25,19197.37,1228.23,0
48,Male,67673.56,5639.46,Self-Employed,19,249792.37,24,644,0,1.5,2,Bachelor,Rent,Single,Home,0,24721.11,6207.89,11875.58,1
57,Female,87836.24,7319.69,Salaried,28,33949.47,36,619,2,0.2193,0,High School,Mortgage,Single,Auto,0,40749.23,10637.39,1143.89,0
27,Male,52209.68,4350.81,Salaried,1,21097.04,48,660,1,0.2128,0,Bachelor,Rent,Married,Personal,0,11777.11,4109.48,565.98,0
24,Male,79219.82,6601.65,Salaried,0,23279.77,24,695,3,0.3073,0,Bachelor,Rent,Married,Education,0,22112.42,13698.58,1063.53,0
57,Female,103251.69,8604.31,Salaried,26,79400.71,24,743,0,0.4216,3,High School,Mortgage,Divorced,Business,0,8760.41,7821.94,3627.4,0
21,Male,129327.44,10777.29,Salaried,0,419239.72,24,609,0,1.5,3,Master,Rent,Married,Home,0,17961.46,7783.54,19931.42,1
21,Female,56998.07,4749.84,Self-Employed,0,50300.39,48,648,4,0.4649,0,High School,Own,Married,Business,0,5385.66,3277.14,1349.43,0
67,Female,214988.78,17915.73,Self-Employed,34,66047.45,48,739,0,0.0917,0,Bachelor,Mortgage,Single,Education,0,12246.15,9817.75,1643.59,0
40,Female,71097.61,5924.8,Salaried,5,31845.07,12,665,0,0.4801,3,Master,Rent,Married,Auto,1,9864.17,5579.03,2844.31,0
39,Female,2277.65,189.8,Unemployed,0,2000.0,24,618,0,0.1902,0,Bachelor,Mortgage,Divorced,Education,0,3794.06,5250.38,95.08,0
49,Female,129319.66,10776.64,Salaried,19,36270.97,12,659,1,0.335,0,High School,Mortgage,Married,Education,0,45087.21,17495.43,3239.62,0
30,Female,80651.82,6720.98,Self-Employed,4,83055.93,24,576,0,0.6169,0,Bachelor,Own,Single,Business,0,19448.25,12855.51,4146.49,0
38,Female,114556.72,9546.39,Salaried,7,34894.11,48,737,1,0.1026,4,Master,Own,Single,Auto,0,0.0,1621.88,868.34,0
48,Male,44941.04,3745.09,Salaried,17,69013.6,60,654,1,0.4613,2,High School,Rent,Single,Home,0,20120.05,8518.58,1570.27,0
55,Female,74269.3,6189.11,Salaried,15,184585.04,36,790,0,0.9073,0,Bachelor,Rent,Married,Home,0,23458.05,9735.48,5615.43,0
63,Female,14404.74,1200.4,Student,0,6496.03,60,699,0,0.1123,0,PhD,Mortgage,Divorced,Auto,0,12782.53,7672.46,134.85,0
67,Male,227020.56,18918.38,Salaried,13,255511.91,24,722,0,0.617,4,PhD,Mortgage,Single,Business,0,67832.75,37597.71,11673.0,0
51,Male,81829.08,6819.09,Salaried,5,47001.83,48,744,3,0.3373,1,Bachelor,Rent,Single,Education,0,24609.84,10502.32,1169.64,0
47,Female,196627.78,16385.65,Salaried,10,124384.6,24,683,2,0.393,1,Master,Own,Married,Education,0,20650.91,12469.34,5682.48,0
31,Male,190731.25,15894.27,Salaried,10,115657.96,24,668,0,0.3459,0,PhD,Mortgage,Divorced,Business,0,13572.18,6128.74,5498.59,0
69,Female,231843.06,19320.26,Salaried,37,208509.45,36,759,1,0.3426,2,Bachelor,Mortgage,Married,Education,0,15152.33,8011.19,6343.26,0
69,Female,54032.77,4502.73,Self-Employed,4,15796.32,48,657,4,0.3699,0,High School,Rent,Single,Education,0,7889.01,2291.59,423.78,0
58,Male,72659.19,6054.93,Salaried,14,177263.08,36,806,0,0.8906,2,High School,Rent,Single,Home,0,3417.44,2792.82,5392.69,0
25,Female,2683.5,223.62,Unemployed,0,6942.69,36,646,2,0.9745,0,High School,Mortgage,Married,Home,1,4052.7,263.85,233.93,1
28,Male,148076.79,12339.73,Salaried,5,42385.91,36,710,3,0.1574,0,Master,Mortgage,Married,Personal,0,61796.09,24320.96,1347.86,0
54,Female,71894.09,5991.17,Salaried,15,43865.08,60,624,0,0.1666,1,Bachelor,Own,Single,Auto,0,30786.59,8502.53,998.07,0
68,Male,212396.92,17699.74,Salaried,17,54412.73,48,783,0,0.0722,2,Master,Mortgage,Married,Personal,0,0.0,1770.88,1277.88,0
32,Female,60104.65,5008.72,Salaried,4,181288.38,36,723,0,1.151,0,Bachelor,Rent,Married,Home,0,0.0,612.97,5764.92,0
58,Male,127799.8,10649.98,Salaried,32,89385.82,48,688,0,0.2089,0,Bachelor,Mortgage,Married,Auto,1,36683.53,5883.76,2224.37,0
21,Male,106341.73,8861.81,Salaried,0,13923.48,12,712,0,0.1374,1,Bachelor,Rent,Single,Auto,0,42893.77,17375.7,1217.63,0
51,Male,52464.65,4372.05,Self-Employed,2,93955.9,36,682,0,0.6834,2,High School,Mortgage,Divorced,Home,0,0.0,907.23,2987.77,0
24,Male,65025.22,5418.77,Self-Employed,1,6594.81,12,539,1,0.1596,2,Master,Own,Married,Personal,1,10439.56,5517.42,604.61,0
69,Female,202331.74,16860.98,Self-Employed,23,21997.47,60,668,0,0.0297,1,Bachelor,Mortgage,Married,Personal,0,0.0,4474.42,500.51,0
65,Male,6523.97,543.66,Unemployed,0,2682.03,12,688,0,0.4314,0,Bachelor,Rent,Married,Personal,0,6362.04,3549.17,234.55,0
25,Female,34049.77,2837.48,Salaried,2,12112.35,60,679,2,0.27,1,High School,Mortgage,Divorced,Auto,1,12917.87,2884.84,251.43,0
50,Female,110462.05,9205.17,Salaried,6,99699.02,60,593,1,0.268,0,Master,Mortgage,Married,Business,0,0.0,1896.77,2268.46,0
44,Female,165578.05,13798.17,Self-Employed,13,53886.98,24,663,0,0.1857,3,Master,Mortgage,Married,Auto,0,13021.91,9011.07,2561.89,0
23,Female,67262.68,5605.22,Salaried,1,54243.34,60,645,1,0.2557,1,Bachelor,Mortgage,Single,Business,0,21667.34,7657.93,1234.2,0
31,Female,136735.35,11394.61,Salaried,7,17175.67,36,584,1,0.0827,1,Bachelor,Rent,Single,Personal,0,35178.86,12338.81,578.72,0
65,Male,90053.01,7504.42,Self-Employed,14,43982.05,60,668,0,0.1334,0,Bachelor,Rent,Single,Education,0,39556.98,20976.55,1000.73,0
24,Male,33791.27,2815.94,Salaried,0,9821.54,36,708,0,0.1109,0,High School,Mortgage,Divorced,Personal,0,2455.57,2807.98,312.32,0
46,Female,62001.8,5166.82,Salaried,18,27653.08,36,620,2,0.2858,1,High School,Mortgage,Divorced,Education,0,11783.42,6706.26,931.74,0
47,Female,80557.49,6713.12,Self-Employed,21,62029.39,48,680,0,0.2299,0,Bachelor,Own,Single,Auto,0,41308.74,26623.24,1543.6,0
66,Female,49519.4,4126.62,Self-Employed,1,5133.15,24,679,0,0.0568,3,High School,Rent,Single,Auto,0,23151.93,11207.3,234.51,0
63,Male,260505.11,21708.76,Salaried,38,792870.92,60,821,2,0.7367,1,Bachelor,Rent,Single,Home,0,68416.7,31199.09,15328.42,0
47,Male,89392.7,7449.39,Salaried,12,67866.47,48,744,0,0.2267,0,Bachelor,Rent,Divorced,Auto,0,37836.59,17782.93,1688.86,0
62,Male,136500.77,11375.06,Salaried,35,89752.35,12,671,3,0.7397,0,Bachelor,Own,Single,Personal,0,27502.47,10941.63,7848.98,0
26,Female,80243.08,6686.92,Salaried,5,239466.33,12,792,0,1.5,2,High School,Own,Married,Home,0,40059.9,21347.97,20610.01,0
35,Female,62867.6,5238.97,Salaried,1,106765.02,48,601,2,0.629,0,Bachelor,Rent,Divorced,Business,0,21366.34,14157.03,2864.24,0
50,Male,126019.07,10501.59,Salaried,18,533964.73,24,743,1,1.5,1,Bachelor,Rent,Married,Home,0,45482.37,24837.83,24394.04,0
62,Male,62154.86,5179.57,Self-Employed,14,112816.92,12,665,2,1.5,1,Bachelor,Rent,Married,Business,0,22858.89,6138.96,10076.5,1
57,Female,139311.7,11609.31,Salaried,34,72775.75,48,780,0,0.1472,0,Bachelor,Mortgage,Married,Auto,0,45362.31,29132.42,1709.14,0
57,Female,6305.6,525.47,Student,0,33530.89,60,644,0,1.4519,2,PhD,Rent,Married,Home,0,4025.21,3498.02,762.93,1
62,Male,49679.38,4139.95,Salaried,16,236600.79,24,701,3,1.5,2,High School,Rent,Married,Home,0,3994.39,4060.24,10809.05,0
57,Female,9314.17,776.18,Student,0,5257.74,24,738,1,0.7161,4,Master,Mortgage,Single,Education,0,5477.87,3859.14,240.2,0
55,Female,57522.6,4793.55,Salaried,12,17039.33,48,671,0,0.0885,1,High School,Mortgage,Divorced,Personal,0,23792.86,9883.63,424.02,0
43,Female,91969.65,7664.14,Salaried,21,388729.57,36,687,0,1.5,1,Bachelor,Rent,Married,Home,0,0.0,2689.02,12361.5,1
26,Female,81930.31,6827.53,Salaried,2,118262.16,60,710,0,0.3596,0,Bachelor,Mortgage,Single,Business,0,41596.77,13772.53,2454.93,0
24,Male,100155.43,8346.29,Salaried,1,314848.94,36,637,0,1.271,0,Bachelor,Rent,Single,Home,0,54743.02,17846.75,10608.51,0
38,Male,118546.48,9878.87,Self-Employed,7,55607.78,36,545,1,0.2142,0,Bachelor,Rent,Single,Auto,0,509.45,1347.52,2010.35,0
29,Female,65316.38,5443.03,Self-Employed,4,24000.52,60,608,1,0.1283,2,Bachelor,Rent,Married,Auto,1,17966.82,9846.07,546.09,0
69,Male,114470.2,9539.18,Self-Employed,25,68809.58,48,676,0,0.1795,0,Bachelor,Mortgage,Single,Personal,1,1562.2,2714.89,1712.33,0
49,Female,187249.08,15604.09,Salaried,13,93781.43,36,656,1,0.2182,1,Master,Mortgage,Married,Education,0,19351.96,7012.94,3159.87,0
33,Female,59201.44,4933.45,Salaried,3,5372.21,12,712,0,0.0952,0,High School,Rent,Single,Auto,0,19984.57,8322.64,469.81,0
67,Female,77029.82,6419.15,Salaried,6,31380.66,48,663,1,0.1864,1,High School,Rent,Single,Education,0,12606.0,5756.3,841.86,0
37,Male,34092.84,2841.07,Salaried,9,39433.18,48,724,1,0.4667,1,High School,Own,Married,Business,0,7866.87,6506.14,981.3,0
65,Male,45796.77,3816.4,Self-Employed,14,123313.73,12,731,1,1.5,1,High School,Rent,Married,Home,0,21161.43,9049.82,10783.97,1
52,Female,10019.7,834.98,Unemployed,0,3375.79,48,611,1,0.4948,3,Bachelor,Mortgage,Divorced,Education,0,4830.87,3087.52,90.56,0
68,Male,202667.82,16888.98,Salaried,25,471220.6,48,828,1,0.6702,2,Bachelor,Rent,Married,Home,0,48566.28,27603.43,11066.63,0
42,Female,67475.21,5622.93,Self-Employed,15,234505.79,12,609,2,1.5,0,High School,Own,Single,Home,0,12396.6,10464.79,20945.42,1
24,Female,81666.75,6805.56,Salaried,3,71495.54,48,650,2,0.3488,1,High School,Own,Married,Business,1,31736.0,17353.85,1918.05,0
25,Male,62522.42,5210.2,Salaried,1,42946.65,24,584,2,0.5099,1,Bachelor,Mortgage,Single,Personal,1,10895.78,4429.02,2041.76,0
57,Female,171004.84,14250.4,Salaried,16,76487.75,12,847,0,0.462,2,Bachelor,Mortgage,Single,Business,0,79323.39,34926.09,6583.03,0
61,Male,285729.82,23810.82,Salaried,37,899034.96,24,762,0,1.5,2,PhD,Mortgage,Single,Home,0,80282.7,43426.25,39845.78,0
69,Male,169889.39,14157.45,Salaried,15,76093.71,36,693,0,0.1709,0,Master,Rent,Married,Auto,0,41295.69,12177.66,2419.76,0
33,Female,118900.32,9908.36,Salaried,1,36031.39,24,710,4,0.3142,2,Master,Rent,Single,Personal,0,52815.94,24811.79,1646.08,0
54,Female,100664.22,8388.68,Salaried,28,70846.31,48,810,1,0.2322,0,Bachelor,Rent,Single,Education,0,28805.51,8626.22,1663.83,0
65,Female,67676.04,5639.67,Salaried,17,233806.85,36,744,0,1.3183,2,Bachelor,Mortgage,Single,Home,0,7814.7,4565.47,7435.0,0
42,Female,64876.02,5406.34,Salaried,10,46740.95,12,608,1,0.8246,0,High School,Own,Single,Auto,1,5804.66,3840.47,4174.77,1
43,Female,71318.5,5943.21,Salaried,11,106118.14,36,731,1,0.6273,0,Bachelor,Rent,Single,Home,0,21599.42,11779.29,3374.53,0
23,Male,10489.34,874.11,Student,0,5684.86,36,581,2,0.7242,3,High School,Rent,Single,Auto,0,7516.78,4014.57,191.55,1
62,Male,232688.64,19390.72,Self-Employed,36,201063.7,12,722,0,0.9068,1,Master,Mortgage,Single,Business,1,36981.96,7811.9,17583.32,0
54,Female,3220.98,268.42,Unemployed,0,9574.45,36,573,1,1.0439,4,Bachelor,Rent,Single,Home,0,4982.39,1983.98,346.14,1
52,Male,90931.23,7577.6,Salaried,1,64136.07,48,730,0,0.2106,0,Bachelor,Rent,Single,Auto,0,31626.57,17351.15,1596.03,0
65,Female,43721.56,3643.46,Self-Employed,17,26688.4,12,697,0,0.6406,1,High School,Rent,Married,Auto,0,15271.59,5118.14,2333.94,0
69,Female,116507.3,9708.94,Salaried,37,179077.5,24,635,0,0.8769,2,Bachelor,Mortgage,Married,Home,0,27879.61,17948.13,8513.67,0
41,Female,90012.32,7501.03,Self-Employed,0,55227.82,60,646,0,0.1675,0,Bachelor,Own,Married,Personal,0,11238.33,7065.56,1256.6,0
66,Male,67838.46,5653.21,Salaried,8,12945.94,36,742,0,0.0728,0,High School,Rent,Divorced,Auto,0,23357.08,5879.64,411.68,0
64,Male,91486.16,7623.85,Salaried,14,45820.15,48,793,0,0.1411,0,Bachelor,Own,Single,Auto,0,16803.58,3847.97,1076.09,0
41,Male,43535.75,3627.98,Salaried,7,10332.03,36,631,2,0.282,4,High School,Own,Single,Auto,1,23204.36,7349.52,348.13,0
64,Female,205611.07,17134.26,Salaried,35,131884.84,24,728,0,0.3516,2,Bachelor,Rent,Married,Education,0,50852.33,13387.86,6025.12,0
31,Female,65620.49,5468.37,Salaried,6,9177.26,12,681,3,0.2805,0,Bachelor,Rent,Married,Education,0,7686.44,4061.71,802.56,0
59,Female,14846.11,1237.18,Student,0,3944.1,48,596,0,0.0855,0,Master,Mortgage,Divorced,Education,0,4320.25,3851.17,105.81,0
24,Female,115022.14,9585.18,Salaried,3,40988.81,36,819,0,0.1301,0,Bachelor,Rent,Divorced,Auto,0,43372.57,22751.39,1246.96,0
21,Male,3321.58,276.8,Unemployed,0,2000.0,60,507,1,0.799,1,Bachelor,Mortgage,Single,Auto,1,6019.82,6788.06,50.79,1
48,Female,217464.41,18122.03,Salaried,7,136347.59,60,675,0,0.1562,4,PhD,Mortgage,Divorced,Education,0,0.0,2183.2,2830.35,0
44,Female,86194.36,7182.86,Self-Employed,9,25026.74,24,699,2,0.2403,2,Bachelor,Rent,Divorced,Personal,0,43396.91,6102.61,1143.34,0
55,Male,127707.65,10642.3,Self-Employed,18,455136.11,36,713,0,1.36,0,Bachelor,Mortgage,Single,Home,0,24200.53,15628.57,14473.21,1
33,Male,53997.24,4499.77,Salaried,3,27308.21,24,792,0,0.269,1,Bachelor,Mortgage,Divorced,Personal,0,21102.93,6395.04,1210.32,0
67,Female,126188.74,10515.73,Salaried,26,72043.65,24,693,2,0.3524,4,Master,Mortgage,Single,Personal,0,30792.02,3178.89,3291.3,0
54,Female,151569.72,12630.81,Self-Employed,12,109973.07,24,724,1,0.4138,1,Bachelor,Mortgage,Married,Education,0,71276.42,16769.12,5024.09,0
31,Male,101691.2,8474.27,Salaried,5,90553.32,36,650,1,0.3756,4,Bachelor,Rent,Single,Auto,0,31.38,3078.45,3051.1,0
56,Female,129662.24,10805.19,Salaried,20,63779.31,48,747,0,0.1469,0,Bachelor,Own,Single,Education,0,12149.46,5631.89,1587.15,0
37,Male,39676.13,3306.34,Salaried,12,11734.48,48,700,1,0.1772,2,High School,Rent,Married,Auto,0,19007.12,2163.29,292.01,0
55,Male,267328.85,22277.4,Salaried,22,47373.01,36,616,1,0.0788,1,Master,Mortgage,Single,Auto,0,28847.05,10204.83,1596.18,0
38,Female,105130.59,8760.88,Salaried,15,88604.84,36,652,0,0.3408,2,Bachelor,Mortgage,Married,Education,0,41488.87,15728.74,2985.45,0
60,Female,85248.37,7104.03,Salaried,6,25637.09,60,667,1,0.11,1,Bachelor,Mortgage,Married,Auto,0,33317.78,18194.73,583.32,0
42,Female,4898.1,408.18,Unemployed,0,2000.0,12,622,0,0.3573,0,Bachelor,Rent,Single,Education,0,6154.13,6069.5,178.63,0
44,Male,114085.78,9507.15,Self-Employed,16,16382.48,24,663,1,0.1171,0,High School,Rent,Single,Education,0,32965.58,8066.26,778.85,0
39,Male,104728.51,8727.38,Salaried,6,267504.02,24,736,0,1.4003,3,Master,Mortgage,Married,Home,0,44157.26,16085.1,12220.85,0
57,Male,171933.57,14327.8,Salaried,26,62947.02,12,803,1,0.4042,0,PhD,Mortgage,Married,Education,0,18688.24,12417.75,5417.63,0
59,Male,78043.46,6503.62,Salaried,1,59299.61,36,648,0,0.3072,4,Bachelor,Mortgage,Married,Business,0,3236.76,2613.85,1998.04,0
41,Male,220416.74,18368.06,Salaried,18,698170.48,24,631,0,1.5,2,Master,Rent,Married,Home,0,80308.34,22950.73,33192.3,1
28,Male,43566.92,3630.58,Self-Employed,0,65834.9,60,616,0,0.4126,1,High School,Rent,Married,Business,0,24392.25,16285.22,1497.95,0
48,Male,119812.8,9984.4,Self-Employed,1,34208.86,36,717,0,0.109,3,Master,Mortgage,Single,Auto,0,41688.08,21811.74,1087.83,0
25,Male,65142.17,5428.51,Self-Employed,2,84895.53,36,545,1,0.6109,2,Bachelor,Rent,Married,Business,1,31334.07,10179.74,3069.18,1
37,Female,9197.62,766.47,Unemployed,0,4504.81,24,705,1,0.6612,1,Bachelor,Mortgage,Divorced,Auto,0,5608.12,4709.45,205.8,0
57,Male,142584.31,11882.03,Salaried,36,107553.1,24,772,0,0.4012,0,High School,Mortgage,Married,Education,0,35407.86,8127.35,4766.82,0
56,Male,106267.93,8855.66,Salaried,5,33316.47,60,715,1,0.0921,3,Bachelor,Mortgage,Married,Education,0,56331.62,24375.51,691.6,0
39,Female,68754.46,5729.54,Self-Employed,5,17004.01,36,732,3,0.2063,2,High School,Mortgage,Married,Education,0,12978.52,9308.73,540.72,0
47,Male,120761.47,10063.46,Self-Employed,21,65122.39,24,655,2,0.3624,2,Master,Rent,Married,Education,1,46386.2,26013.5,3096.04,0
54,Female,10879.91,906.66,Unemployed,0,16300.21,36,518,0,0.65,2,Master,Rent,Married,Business,1,10303.77,2496.48,589.29,1
31,Male,76002.69,6333.56,Self-Employed,10,170965.45,24,718,0,1.2332,0,High School,Rent,Married,Home,0,23477.17,9477.78,7810.51,0
65,Male,70590.96,5882.58,Salaried,15,87121.16,48,776,0,0.3478,3,High School,Mortgage,Married,Business,0,22248.12,8872.45,2046.04,0
67,Male,3723.35,310.28,Unemployed,0,5661.28,36,672,0,0.3601,0,Master,Own,Single,Home,0,5558.79,5305.29,180.03,0
32,Male,103970.07,8664.17,Self-Employed,2,30372.28,36,676,0,0.1115,0,Bachelor,Rent,Married,Personal,0,9006.02,4932.78,965.83,0
41,Female,54488.61,4540.72,Salaried,2,25266.01,36,650,2,0.316,0,High School,Mortgage,Divorced,Auto,0,8944.34,5089.08,851.31,0
31,Female,66023.89,5501.99,Self-Employed,9,171287.28,48,540,1,0.9406,0,Bachelor,Mortgage,Single,Home,0,34328.81,14661.74,5031.56,0
59,Male,255855.75,21321.31,Salaried,35,985922.68,36,574,0,1.5,1,Bachelor,Mortgage,Divorced,Home,0,32009.28,7341.07,35643.47,1
48,Male,36364.95,3030.41,Self-Employed,5,15217.75,36,551,0,0.1815,0,High School,Rent,Single,Auto,0,10031.67,7096.68,550.16,0
25,Female,10242.21,853.52,Student,0,20473.79,24,633,1,1.3433,0,Bachelor,Mortgage,Single,Home,0,1531.02,1756.65,973.36,1
37,Male,89957.09,7496.42,Salaried,2,73409.69,24,597,1,0.5073,0,Bachelor,Rent,Married,Business,0,28207.63,4611.42,3490.03,0
40,Female,11989.85,999.15,Unemployed,0,25133.39,48,501,1,0.8548,2,High School,Mortgage,Married,Home,0,10597.86,4173.01,738.29,1
61,Male,166638.08,13886.51,Self-Employed,40,20517.46,36,619,1,0.0695,1,Master,Mortgage,Married,Auto,0,0.0,105.24,691.31,0
66,Female,183737.43,15311.45,Self-Employed,30,25295.51,36,698,0,0.0525,1,Bachelor,Rent,Single,Auto,0,17266.01,5606.53,804.39,0
32,Male,52742.65,4395.22,Salaried,2,38070.48,24,731,1,0.4727,2,High School,Rent,Single,Auto,0,12554.82,5598.2,1739.24,0
26,Male,45426.88,3785.57,Salaried,5,162465.22,48,806,4,1.378,1,High School,Mortgage,Married,Home,0,19180.88,9201.08,3815.5,0
37,Female,95185.87,7932.16,Salaried,8,46491.03,36,795,1,0.2266,0,High School,Mortgage,Single,Personal,0,1859.25,3016.98,1414.35,0
39,Female,151028.71,12585.73,Salaried,14,323698.56,48,664,0,0.69,4,Bachelor,Rent,Married,Home,0,18557.46,6680.29,8684.02,0
46,Female,84285.81,7023.82,Salaried,8,12786.56,36,623,1,0.1158,0,High School,Mortgage,Married,Education,1,0.0,1984.86,430.83,0
68,Female,256051.05,21337.59,Self-Employed,36,60347.29,24,741,1,0.1356,0,Bachelor,Mortgage,Married,Auto,0,57800.56,15024.12,2756.95,0
64,Female,12250.44,1020.87,Student,0,24316.06,48,682,0,0.5927,1,High School,Rent,Single,Home,0,9584.7,5680.97,605.11,0
64,Male,154031.14,12835.93,Salaried,26,483590.92,12,719,1,1.5,2,Bachelor,Rent,Single,Home,0,56850.85,35899.63,42290.74,0
52,Female,106984.38,8915.36,Salaried,15,232163.17,36,687,1,0.8674,2,Bachelor,Mortgage,Single,Home,0,0.0,1818.56,7382.73,0
26,Male,97534.82,8127.9,Self-Employed,2,69518.7,60,600,0,0.1946,0,Bachelor,Rent,Single,Education,1,40424.21,18517.68,1581.76,0
56,Female,172038.64,14336.55,Salaried,27,17119.44,48,754,0,0.028,2,Bachelor,Mortgage,Married,Personal,0,77102.01,36979.45,402.05,0
58,Female,7428.76,619.06,Unemployed,0,2000.0,48,680,0,0.0804,2,Master,Mortgage,Married,Auto,0,1419.69,3254.41,49.77,0
31,Male,88213.63,7351.14,Self-Employed,2,224842.48,36,637,0,1.0306,0,Bachelor,Rent,Single,Home,0,13696.09,5446.34,7575.83,1
53,Male,107447.33,8953.94,Self-Employed,6,266502.18,12,698,0,1.5,0,Bachelor,Mortgage,Single,Home,0,0.0,879.12,23306.01,1
44,Male,136589.49,11382.46,Salaried,6,80732.56,60,648,1,0.1777,2,Bachelor,Own,Single,Personal,0,25584.66,11571.82,1836.91,0
43,Male,225568.45,18797.37,Salaried,20,450281.63,60,674,0,0.4973,0,Master,Rent,Married,Home,0,67995.35,42532.49,9347.11,0
35,Female,40585.96,3382.16,Salaried,5,27657.97,36,647,0,0.2755,0,High School,Mortgage,Single,Education,0,1897.37,2873.46,931.91,0
47,Male,127613.48,10634.46,Salaried,19,20710.77,36,725,0,0.0619,0,Bachelor,Rent,Divorced,Auto,0,44081.94,15957.22,658.6,0
31,Male,113111.2,9425.93,Self-Employed,7,49039.43,36,637,1,0.2176,0,Bachelor,Rent,Single,Education,0,17954.17,10165.19,1652.33,0
37,Female,56754.93,4729.58,Salaried,3,7134.74,36,699,1,0.0903,0,Bachelor,Rent,Single,Education,0,23696.17,12191.58,226.88,0
34,Female,146136.07,12178.01,Salaried,9,204392.09,12,637,0,1.4991,0,Bachelor,Rent,Single,Business,0,10758.54,3911.36,18255.74,0
47,Female,67511.96,5626.0,Self-Employed,14,197369.42,60,790,4,0.7669,0,Bachelor,Mortgage,Married,Home,1,28470.1,9243.92,3815.7,0
38,Female,66658.99,5554.92,Salaried,5,42121.8,48,669,0,0.2034,3,High School,Own,Married,Education,0,17521.25,5079.54,1130.02,0
48,Female,295187.07,24598.92,Salaried,15,1093268.61,24,608,1,1.5,0,PhD,Rent,Married,Home,0,72251.24,35440.13,51975.98,1
67,Female,137521.25,11460.1,Self-Employed,31,544351.59,36,762,0,1.445,1,High School,Rent,Single,Home,0,30545.06,17535.13,16560.23,0
67,Female,68280.97,5690.08,Salaried,4,7091.44,36,638,0,0.042,4,High School,Mortgage,Single,Education,0,31694.97,9740.74,238.94,0
24,Female,125783.31,10481.94,Salaried,3,65357.8,24,614,0,0.2964,3,Bachelor,Rent,Single,Education,1,33229.3,18816.58,3107.23,0
27,Male,155015.69,12917.97,Salaried,5,34350.13,36,674,0,0.0846,0,Master,Rent,Married,Auto,0,5432.32,4113.73,1092.32,0
65,Male,132326.41,11027.2,Salaried,5,60259.4,36,691,0,0.1738,0,Bachelor,Own,Single,Personal,0,36962.96,11189.5,1916.23,0
55,Female,129480.36,10790.03,Salaried,2,15996.15,36,693,0,0.0471,1,Master,Mortgage,Married,Education,0,29430.43,9596.67,508.67,0
68,Female,123538.63,10294.89,Salaried,28,426638.27,48,706,2,1.0568,3,High School,Mortgage,Single,Home,0,465.57,2234.8,10616.91,1
29,Female,102267.97,8522.33,Salaried,2,67470.38,12,650,1,0.7223,0,Bachelor,Rent,Single,Education,0,30890.9,15244.51,6026.27,0
28,Female,35815.21,2984.6,Salaried,1,3090.88,12,560,1,0.1745,0,High School,Mortgage,Married,Auto,0,1914.4,1977.27,283.37,0
65,Female,161917.34,13493.11,Salaried,6,29950.9,36,770,0,0.0675,2,Master,Mortgage,Single,Auto,0,60992.33,38243.13,911.16,0
37,Female,163185.58,13598.8,Self-Employed,12,34857.04,36,666,1,0.1055,1,Bachelor,Mortgage,Married,Auto,0,53201.16,14652.95,1174.47,0
37,Female,55582.16,4631.85,Salaried,0,11234.94,36,692,0,0.0771,2,High School,Rent,Single,Auto,0,18596.09,6045.45,357.27,0
69,Female,38426.65,3202.22,Salaried,0,11796.72,24,718,0,0.1683,2,Bachelor,Own,Single,Auto,0,17203.61,2914.21,538.93,0
53,Male,70367.36,5863.95,Salaried,16,55840.68,12,673,2,0.9438,0,Bachelor,Rent,Divorced,Education,0,8218.73,2363.17,4883.35,0
52,Male,101389.6,8449.13,Salaried,21,263628.23,48,729,4,0.8551,1,Bachelor,Own,Single,Home,0,19248.3,6885.43,6560.4,0
28,Female,111002.94,9250.25,Self-Employed,3,84881.84,36,711,1,0.3306,1,Master,Rent,Married,Education,0,0.0,1242.43,2699.22,0
39,Male,69445.44,5787.12,Self-Employed,13,9564.76,12,692,0,0.1445,2,High School,Mortgage,Married,Auto,0,41372.23,16499.29,836.45,0
58,Female,11792.12,982.68,Unemployed,0,8239.38,60,735,0,0.1741,2,High School,Rent,Single,Education,0,5617.91,4688.31,171.04,0
23,Male,75170.56,6264.21,Salaried,1,21641.52,60,639,0,0.0786,2,High School,Rent,Divorced,Auto,1,219.47,0.0,492.41,0
25,Female,66954.19,5579.52,Salaried,0,180054.57,24,650,0,1.5,0,Bachelor,Rent,Single,Home,0,15324.81,7539.07,8560.12,0
33,Female,72481.72,6040.14,Self-Employed,3,120817.35,48,720,2,0.5546,2,High School,Rent,Married,Home,0,15896.64,11406.22,3006.54,0
67,Female,11363.63,946.97,Student,0,5317.07,36,649,0,0.1892,1,Bachelor,Mortgage,Married,Personal,0,7984.24,4443.71,179.15,0
66,Male,7431.36,619.28,Student,0,2241.79,24,715,1,0.5155,1,High School,Mortgage,Divorced,Auto,0,6142.89,3982.05,102.42,0
51,Female,14311.77,1192.65,Student,0,2000.0,24,724,0,0.0766,0,Master,Rent,Married,Education,0,6182.77,2881.19,91.37,0
36,Female,4595.18,382.93,Unemployed,0,7294.92,60,671,1,0.5506,2,High School,Own,Married,Home,0,10043.77,711.77,151.43,0
52,Male,109627.47,9135.62,Salaried,15,33747.77,24,655,0,0.1756,2,High School,Rent,Married,Auto,0,0.0,2100.29,1604.43,0
42,Female,63707.88,5308.99,Salaried,3,53000.21,24,690,0,0.4561,1,High School,Own,Single,Education,0,28660.09,8524.15,2421.3,0
49,Male,87447.91,7287.33,Self-Employed,1,53318.31,36,671,0,0.2327,3,Bachelor,Own,Married,Business,0,40935.44,12635.32,1695.51,0
42,Male,100380.75,8365.06,Salaried,0,30415.71,36,574,0,0.1315,0,Bachelor,Mortgage,Single,Education,0,20288.32,5655.35,1099.6,0
63,Male,147157.91,12263.16,Salaried,12,547233.57,24,676,1,1.5,0,Master,Rent,Married,Home,0,5702.23,2160.17,25000.22,1
23,Female,105563.17,8796.93,Self-Employed,1,228214.59,48,659,1,0.7102,1,Bachelor,Rent,Married,Home,0,42291.51,21863.52,6122.43,0
30,Female,117625.59,9802.13,Self-Employed,3,59686.08,36,728,0,0.1936,4,Master,Mortgage,Divorced,Auto,0,59531.22,25456.56,1898.0,0
62,Female,258328.73,21527.39,Self-Employed,33,171269.2,60,694,2,0.1854,0,Bachelor,Rent,Married,Auto,0,0.0,64.78,3555.27,0
41,Male,85834.82,7152.9,Salaried,12,39005.37,24,634,1,0.2971,0,High School,Mortgage,Married,Auto,0,27117.3,14573.02,1854.39,0
36,Male,101391.03,8449.25,Salaried,4,172506.77,36,639,0,0.6879,3,Master,Mortgage,Single,Home,0,54210.7,29832.36,5812.43,0
32,Female,9633.64,802.8,Unemployed,0,5524.03,48,489,0,0.2021,3,Master,Own,Single,Education,1,9136.52,6998.88,162.27,1
22,Female,126237.16,10519.76,Self-Employed,0,91033.91,12,710,2,0.7852,3,PhD,Mortgage,Married,Education,0,54721.71,31225.68,7961.05,0
61,Female,122766.35,10230.53,Salaried,22,405032.84,36,787,0,1.2044,0,High School,Own,Married,Home,0,9577.34,3744.16,12321.88,0
44,Male,176017.07,14668.09,Salaried,19,81875.62,36,613,0,0.1881,2,Bachelor,Rent,Married,Auto,0,0.0,3125.49,2758.71,0
55,Male,8169.13,680.76,Unemployed,0,2000.0,36,710,0,0.0934,1,High School,Mortgage,Married,Auto,0,6544.75,5637.1,63.6,0
50,Female,123496.96,10291.41,Salaried,20,263550.55,24,750,1,1.1981,1,High School,Rent,Single,Home,0,19796.02,12374.34,12040.24,0
50,Female,130093.49,10841.12,Salaried,23,441446.64,12,701,0,1.5,0,Bachelor,Rent,Married,Home,0,55048.46,26807.18,38605.16,0
67,Male,142131.14,11844.26,Salaried,26,58176.5,48,657,0,0.1318,2,PhD,Rent,Single,Auto,0,27299.8,3670.47,1560.73,0
55,Male,129053.95,10754.5,Salaried,12,56248.02,36,680,0,0.1663,0,Bachelor,Rent,Single,Education,0,10290.43,7241.07,1788.67,0
39,Female,146676.41,12223.03,Salaried,4,62982.38,12,707,3,0.509,0,Master,Rent,Single,Education,0,66939.99,20885.33,5507.9,0
28,Male,36659.3,3054.94,Salaried,7,5620.01,36,617,2,0.2156,1,High School,Own,Married,Auto,0,15057.03,5900.82,189.36,0
46,Female,76254.58,6354.55,Salaried,5,33083.42,24,651,1,0.3063,0,High School,Rent,Married,Education,0,26268.24,5523.01,1572.85,0
69,Male,246058.93,20504.91,Salaried,47,791339.08,24,661,0,1.5,0,Bachelor,Mortgage,Single,Home,0,9569.48,4949.01,37621.7,0
60,Male,98009.39,8167.45,Salaried,28,19268.34,48,708,0,0.0587,0,Bachelor,Rent,Married,Personal,0,7378.79,4488.37,479.49,0
27,Female,7399.4,616.62,Unemployed,0,6780.9,36,525,0,0.3976,2,Master,Rent,Single,Auto,1,4669.57,5497.21,245.15,1
50,Male,91311.32,7609.28,Salaried,25,113886.61,24,697,0,0.6838,0,Bachelor,Rent,Married,Home,1,26733.01,9393.14,5202.88,0
27,Female,73945.69,6162.14,Salaried,5,38429.14,48,702,3,0.208,2,Bachelor,Own,Married,Auto,0,11821.74,6381.47,956.31,0
23,Female,97798.87,8149.91,Salaried,0,23701.09,24,687,1,0.1626,2,Bachelor,Mortgage,Single,Education,0,2701.78,2381.7,1082.78,0
21,Male,30039.45,2503.29,Salaried,0,48504.6,24,752,1,0.9729,2,High School,Mortgage,Divorced,Home,0,5832.89,4210.89,2149.75,0
56,Male,172689.81,14390.82,Self-Employed,20,94901.36,12,704,1,0.5874,1,Master,Mortgage,Single,Personal,0,27696.01,10525.31,8299.26,0
45,Female,82928.48,6910.71,Salaried,0,40720.53,60,685,1,0.1495,2,Bachelor,Mortgage,Married,Education,0,0.0,1483.48,845.29,0
57,Male,11405.11,950.43,Unemployed,0,22527.23,36,716,0,0.7537,0,Bachelor,Mortgage,Married,Home,0,6927.55,7451.5,716.36,0
21,Male,123726.55,10310.55,Salaried,0,90351.23,24,665,0,0.4166,0,Master,Mortgage,Single,Business,0,0.0,1798.62,4295.46,0
35,Male,3392.47,282.71,Unemployed,0,6925.58,36,571,1,0.7144,2,Bachelor,Mortgage,Married,Business,0,4401.32,3592.25,250.38,1
57,Female,164513.28,13709.44,Salaried,3,303371.11,12,687,0,1.5,4,Master,Mortgage,Single,Home,0,7946.42,5266.06,26530.25,0
33,Female,6779.58,564.96,Unemployed,0,11216.97,48,678,1,0.7543,0,High School,Rent,Divorced,Home,0,10751.36,3000.89,279.13,0
60,Female,46964.74,3913.73,Self-Employed,2,22314.99,12,671,3,0.6616,1,High School,Rent,Single,Auto,0,17528.37,9228.95,1951.48,0
28,Male,81732.46,6811.04,Salaried,1,123476.0,36,663,0,0.6108,3,PhD,Own,Single,Business,0,36929.08,12057.3,4160.39,0
25,Female,166283.94,13857.0,Salaried,4,93438.01,48,700,1,0.1859,3,Master,Rent,Married,Education,0,14207.29,7861.0,2325.21,0
29,Female,101017.15,8418.1,Salaried,6,83489.58,24,644,0,0.4715,0,Bachelor,Mortgage,Single,Business,0,9621.36,5323.89,3969.25,0
21,Female,111599.06,9299.92,Salaried,0,317956.89,12,660,1,1.5,1,Bachelor,Mortgage,Married,Home,0,47710.16,24495.54,28399.04,0
56,Female,148250.49,12354.21,Self-Employed,30,20053.84,36,647,0,0.0547,0,Master,Mortgage,Divorced,Personal,0,30866.45,11440.07,675.69,0
55,Female,100400.22,8366.68,Self-Employed,23,354665.15,36,679,0,1.348,2,High School,Rent,Married,Home,0,8955.8,3379.91,11278.26,0
22,Female,30494.31,2541.19,Salaried,0,39410.77,24,662,1,0.8386,0,High School,Mortgage,Single,Business,0,10479.98,5302.82,1873.66,0
60,Female,119840.27,9986.69,Salaried,14,428317.82,24,700,2,1.5,2,Bachelor,Mortgage,Married,Home,0,20600.46,10204.96,19567.59,0
43,Male,13897.92,1158.16,Student,0,2128.22,36,716,0,0.0584,3,High School,Mortgage,Divorced,Auto,0,3664.79,1422.23,67.68,0
29,Male,35340.61,2945.05,Salaried,4,27608.05,60,722,1,0.2632,4,High School,Mortgage,Single,Personal,0,1495.69,1521.35,573.1,0
54,Male,141615.38,11801.28,Salaried,21,75520.39,36,826,3,0.2217,3,Master,Mortgage,Married,Personal,0,13810.35,6492.29,2297.48,0
66,Male,108780.98,9065.08,Salaried,21,18054.5,36,622,0,0.0671,0,High School,Own,Single,Personal,0,25349.27,11391.68,608.33,0
34,Male,5762.87,480.24,Student,0,15464.48,48,606,0,0.8297,0,Master,Rent,Divorced,Home,0,5942.02,1975.47,414.87,1
24,Female,77272.78,6439.4,Self-Employed,2,33572.5,24,642,0,0.2479,1,Bachelor,Rent,Married,Education,0,414.65,2794.06,1596.1,0
50,Male,119960.87,9996.74,Salaried,23,504213.49,24,719,2,1.5,1,Bachelor,Mortgage,Married,Home,0,3704.23,5295.51,23034.86,1
51,Female,148534.45,12377.87,Salaried,12,72749.68,36,787,0,0.1788,0,Bachelor,Rent,Divorced,Auto,0,54420.99,26784.92,2213.19,0
58,Female,56005.75,4667.15,Salaried,9,22377.55,12,609,0,0.4282,0,Bachelor,Mortgage,Single,Personal,0,25105.17,11580.29,1998.7,0
31,Male,70896.56,5908.05,Salaried,1,50498.79,60,737,2,0.2762,3,High School,Mortgage,Single,Auto,0,992.7,2441.59,1048.27,0
55,Female,84254.24,7021.19,Self-Employed,10,162239.06,12,639,3,1.5,3,High School,Rent,Single,Home,0,50223.94,31941.41,14490.75,0
28,Female,59789.29,4982.44,Salaried,0,246389.76,60,607,1,1.1476,0,Bachelor,Rent,Single,Home,0,14842.86,6753.05,5606.12,0
23,Male,37679.5,3139.96,Salaried,2,11659.45,60,674,0,0.0771,0,High School,Mortgage,Married,Personal,0,17159.13,7948.23,242.03,0
34,Male,107313.05,8942.75,Salaried,12,375872.79,48,674,0,1.0459,1,High School,Rent,Married,Home,1,31051.19,18765.85,9353.61,0
33,Male,158086.2,13173.85,Salaried,5,86164.46,12,839,1,0.5924,3,PhD,Rent,Single,Personal,0,17524.03,9502.72,7415.87,0
65,Female,8447.78,703.98,Student,0,21007.49,36,738,3,1.5,1,PhD,Mortgage,Married,Home,0,9065.96,4868.32,668.03,1
52,Male,40835.14,3402.93,Salaried,0,112148.09,24,752,3,1.5,4,Bachelor,Mortgage,Married,Home,0,17865.81,6361.57,4970.47,0
54,Female,42610.19,3550.85,Salaried,7,17147.57,24,692,0,0.2206,2,High School,Rent,Single,Education,0,23115.7,11626.5,783.38,0
65,Female,7981.65,665.14,Unemployed,0,16987.0,36,623,0,0.8605,4,Bachelor,Rent,Single,Home,1,5483.98,2857.11,572.36,1
39,Male,166149.97,13845.83,Salaried,16,61941.13,12,604,0,0.3996,2,Master,Mortgage,Married,Personal,0,31746.15,18360.32,5532.41,0
58,Female,140852.33,11737.69,Salaried,31,470942.75,24,740,0,1.5,3,High School,Mortgage,Married,Home,0,5972.36,2656.67,21514.9,0
36,Male,85429.6,7119.13,Salaried,7,16198.77,36,595,0,0.0767,2,High School,Mortgage,Divorced,Auto,0,0.0,1837.36,545.8,0
22,Female,89717.48,7476.46,Salaried,0,12060.34,60,596,1,0.0842,0,Master,Mortgage,Single,Personal,0,29225.67,17329.98,274.41,0
60,Male,6009.3,500.78,Student,0,2000.0,36,695,0,0.127,0,Master,Rent,Married,Auto,0,6777.33,3966.74,63.6,0
37,Female,112363.09,9363.59,Salaried,4,55664.47,24,649,2,0.3455,3,Bachelor,Mortgage,Married,Education,0,60689.63,21768.89,2646.39,0
54,Male,115911.41,9659.28,Salaried,30,26598.46,36,660,0,0.0928,0,High School,Own,Single,Auto,1,1663.06,2943.26,896.21,0
62,Female,235286.91,19607.24,Self-Employed,28,139733.72,12,658,1,0.6548,1,Bachelor,Rent,Single,Auto,0,0.0,320.47,12480.64,1
36,Female,116671.49,9722.62,Salaried,5,83360.2,48,714,1,0.2357,2,Bachelor,Rent,Single,Auto,0,7948.58,2826.84,2074.42,0
58,Male,5290.73,440.89,Unemployed,0,2059.28,60,662,1,0.5338,2,High School,Mortgage,Single,Auto,0,5806.69,3380.13,46.85,0
22,Female,48281.49,4023.46,Salaried,1,23906.5,12,590,0,0.5307,0,High School,Rent,Single,Auto,0,4094.04,3541.8,2135.26,0
22,Male,36778.8,3064.9,Salaried,0,18962.8,24,692,0,0.2827,1,High School,Rent,Married,Education,0,13611.88,9906.53,866.31,0
46,Female,148763.78,12396.98,Salaried,24,92645.04,12,748,0,0.6535,1,Bachelor,Rent,Married,Auto,0,20578.41,14578.58,8101.95,0
33,Female,134390.47,11199.21,Salaried,12,205613.71,60,803,1,0.3905,0,Bachelor,Own,Married,Home,0,74983.87,16942.94,3975.09,0
67,Male,244747.53,20395.63,Salaried,30,111779.42,12,759,1,0.4847,3,Master,Mortgage,Single,Education,0,124596.79,51268.42,9620.46,0
51,Male,126312.52,10526.04,Salaried,25,367375.71,12,579,0,1.5,2,Bachelor,Rent,Married,Home,0,21394.93,5299.87,33681.0,1
54,Male,201141.59,16761.8,Salaried,13,391038.07,36,749,1,0.7485,4,Master,Mortgage,Married,Home,0,80400.53,16499.41,12434.91,0
59,Female,99229.64,8269.14,Salaried,16,340727.27,24,782,2,1.5,0,Master,Rent,Divorced,Home,0,6612.47,6009.22,15101.24,0
23,Male,32127.73,2677.31,Salaried,0,10803.83,60,729,0,0.0838,0,High School,Rent,Divorced,Auto,0,0.0,0.0,224.27,0
28,Male,73236.92,6103.08,Salaried,2,119249.34,48,754,1,0.4982,2,Bachelor,Own,Married,Business,0,4623.14,4208.25,2800.57,0
43,Male,93774.98,7814.58,Salaried,1,215447.22,24,774,0,1.2219,1,Bachelor,Mortgage,Married,Home,0,0.0,1385.22,9548.75,0
34,Male,66874.4,5572.87,Salaried,3,47559.76,36,680,0,0.2714,0,High School,Mortgage,Single,Auto,0,30488.0,12960.68,1512.39,0
47,Female,152508.13,12709.01,Salaried,19,268686.13,48,709,0,0.5261,4,Master,Own,Single,Home,0,21375.06,7053.29,6686.27,0
49,Male,8966.08,747.17,Unemployed,0,3761.75,12,568,1,0.7448,3,High School,Mortgage,Married,Education,0,8328.37,5020.2,344.88,1
59,Female,100905.44,8408.79,Salaried,35,42821.5,36,651,0,0.1716,1,Bachelor,Rent,Married,Education,0,48002.17,13452.48,1442.83,0
59,Female,144574.02,12047.84,Salaried,36,722271.86,36,662,1,1.5,1,Bachelor,Rent,Married,Home,0,17497.04,5345.54,24336.19,0
21,Female,89533.0,7461.08,Salaried,0,58014.65,60,714,0,0.1614,0,Bachelor,Mortgage,Married,Personal,0,11669.57,4301.34,1204.29,0
37,Male,61563.73,5130.31,Salaried,5,191508.05,24,631,1,1.5,4,Bachelor,Rent,Married,Home,0,13483.91,9705.96,9104.64,0
61,Female,53453.4,4454.45,Self-Employed,0,71743.14,24,702,1,0.7691,2,Bachelor,Mortgage,Single,Home,0,16633.04,6487.49,3277.57,0
50,Female,43429.31,3619.11,Salaried,12,176924.76,24,733,2,1.5,0,High School,Mortgage,Single,Home,0,1865.08,3670.47,8082.76,1
33,Male,44952.49,3746.04,Salaried,1,14571.15,24,713,2,0.325,0,High School,Mortgage,Single,Auto,0,2518.26,2088.81,665.68,0
41,Male,143092.14,11924.34,Salaried,2,71051.86,48,774,1,0.1624,2,Master,Mortgage,Married,Auto,0,55772.06,23496.03,1668.65,0
39,Male,13363.59,1113.63,Student,0,46474.08,36,684,1,1.5,0,High School,Mortgage,Married,Home,0,10852.66,8464.4,1477.86,1
39,Male,79017.03,6584.75,Salaried,4,55682.81,36,697,1,0.2961,3,High School,Own,Divorced,Auto,0,7997.95,6072.35,1770.7,0
45,Male,59574.15,4964.51,Salaried,12,6546.75,48,792,0,0.031,4,Bachelor,Mortgage,Married,Education,0,21760.7,5638.91,153.75,0
42,Female,101557.23,8463.1,Salaried,9,330435.55,36,637,1,1.3589,3,High School,Mortgage,Single,Home,0,9405.28,3238.42,11133.68,0
51,Male,150396.19,12533.02,Salaried,25,221263.82,12,706,0,1.5,2,Bachelor,Rent,Single,Home,0,56188.48,32163.81,19349.85,0
37,Female,111190.89,9265.91,Salaried,2,167372.06,36,670,2,0.6542,1,Bachelor,Mortgage,Married,Business,0,23566.76,10183.72,5639.43,0
43,Female,147537.04,12294.75,Salaried,10,18589.13,24,720,2,0.1256,0,Bachelor,Mortgage,Divorced,Education,0,60962.31,26997.81,849.24,0
52,Male,76087.37,6340.61,Salaried,0,34933.81,36,731,2,0.2806,2,Bachelor,Mortgage,Single,Auto,0,41011.78,7007.66,1110.89,0
30,Female,35269.74,2939.14,Salaried,7,16228.55,36,593,4,0.4533,0,High School,Rent,Married,Education,0,13242.61,5971.55,546.8,0
30,Male,105357.1,8779.76,Salaried,7,33687.88,48,588,0,0.1029,1,Bachelor,Mortgage,Single,Auto,0,52905.28,18742.73,903.76,0
56,Female,46709.23,3892.44,Salaried,3,98243.02,36,655,0,0.8504,0,High School,Rent,Single,Business,0,0.0,786.7,3310.2,1
28,Male,43819.53,3651.63,Salaried,6,80986.25,48,671,0,0.5519,0,High School,Own,Divorced,Home,0,11710.65,4936.47,2015.35,0
40,Female,63472.59,5289.38,Salaried,6,149613.65,24,614,0,1.3448,0,Bachelor,Rent,Single,Home,0,16169.65,11396.79,7112.91,0
52,Female,82622.61,6885.22,Salaried,14,182298.39,24,611,0,1.2588,2,High School,Mortgage,Married,Home,0,18645.51,8313.28,8666.8,0
34,Male,50775.88,4231.32,Salaried,3,180296.34,24,625,0,1.5,1,Bachelor,Rent,Single,Home,0,6115.69,3941.36,8571.62,1
48,Male,107053.21,8921.1,Salaried,2,343821.14,36,675,2,1.3113,0,Bachelor,Mortgage,Married,Home,1,38907.16,12964.61,10933.42,0
66,Female,136731.15,11394.26,Salaried,22,60907.44,24,676,1,0.2671,1,Master,Rent,Married,Personal,0,32651.83,10348.13,2782.54,0
44,Male,119619.16,9968.26,Self-Employed,13,34347.03,48,693,1,0.1137,0,Bachelor,Mortgage,Divorced,Auto,0,0.0,1653.08,854.73,0
35,Female,37527.61,3127.3,Salaried,5,90835.38,24,712,0,1.327,3,High School,Rent,Single,Home,0,22721.48,9612.3,4149.79,0
42,Female,10596.29,883.02,Unemployed,0,5532.76,36,692,0,0.1992,1,Bachelor,Mortgage,Single,Personal,0,11992.95,6217.74,175.94,0
50,Male,59604.37,4967.03,Self-Employed,0,221362.2,36,698,0,1.4172,0,High School,Rent,Married,Home,0,14350.32,6385.88,7039.26,1
24,Male,52989.14,4415.76,Self-Employed,0,163601.01,36,579,3,1.5,0,Bachelor,Mortgage,Single,Home,0,4736.69,5872.26,5914.57,1
33,Male,87533.33,7294.44,Salaried,11,168575.1,12,692,0,1.5,4,High School,Mortgage,Married,Business,0,28497.32,9689.83,14742.14,1
43,Male,48963.61,4080.3,Self-Employed,17,91910.86,24,662,0,1.0709,1,High School,Rent,Married,Business,0,2220.92,3938.93,4369.61,0
28,Female,110682.85,9223.57,Self-Employed,4,55847.57,48,688,2,0.1969,0,Bachelor,Rent,Single,Auto,0,26221.6,15608.85,1389.77,0
38,Female,80218.09,6684.84,Self-Employed,2,13705.7,48,688,1,0.0845,1,Bachelor,Rent,Married,Personal,0,27693.85,13080.81,341.07,0
32,Male,53955.98,4496.33,Salaried,4,99553.33,60,697,2,0.5473,0,Bachelor,Mortgage,Married,Home,0,9258.91,2699.24,2066.56,0
51,Male,173328.91,14444.08,Salaried,30,43397.08,24,781,1,0.1513,0,Bachelor,Rent,Divorced,Personal,0,86560.17,24375.86,1923.39,0
34,Male,56770.17,4730.85,Salaried,2,25631.14,60,764,0,0.1047,2,Bachelor,Mortgage,Single,Personal,0,26366.28,15715.11,495.52,0
54,Male,94994.59,7916.22,Salaried,2,23101.4,36,661,0,0.0983,0,Bachelor,Rent,Single,Education,0,51007.84,19899.15,778.38,0
38,Female,137782.64,11481.89,Self-Employed,13,103953.64,12,588,1,0.8333,2,Bachelor,Own,Single,Personal,1,71666.89,31231.46,9284.86,1
54,Male,93302.16,7775.18,Salaried,12,65725.47,24,620,0,0.4019,1,High School,Rent,Single,Education,0,4825.48,4899.07,3124.71,0
31,Female,142276.79,11856.4,Salaried,9,48492.23,24,710,0,0.1868,0,Bachelor,Rent,Single,Auto,0,45891.79,18305.7,2215.36,0
61,Female,200959.48,16746.62,Salaried,33,23421.62,24,656,1,0.09,2,Bachelor,Rent,Divorced,Education,0,57790.33,34005.81,1113.51,0
32,Female,57522.61,4793.55,Salaried,4,10164.36,24,649,1,0.1417,0,High School,Rent,Single,Education,0,2248.49,2836.01,483.23,0
69,Male,157090.17,13090.85,Self-Employed,33,37295.59,24,742,0,0.1302,2,High School,Own,Single,Education,0,20574.72,3409.16,1703.84,0
35,Female,10998.44,916.54,Unemployed,0,6894.64,12,670,1,0.8177,2,High School,Mortgage,Single,Personal,0,7108.25,4654.8,615.81,1
51,Female,130738.84,10894.9,Salaried,9,533167.59,24,678,0,1.5,4,Bachelor,Rent,Single,Home,0,34358.52,16184.28,24357.62,0
69,Female,289928.07,24160.67,Salaried,42,213698.74,36,833,0,0.2691,0,Bachelor,Mortgage,Single,Education,0,118591.14,66894.65,6501.13,0
49,Male,230791.7,19232.64,Salaried,27,160248.2,48,686,0,0.2073,0,Bachelor,Mortgage,Married,Education,0,61600.16,9907.69,3987.78,0
46,Male,108188.89,9015.74,Salaried,23,374100.61,12,798,1,1.5,1,Bachelor,Rent,Married,Home,0,26657.86,13834.11,32197.5,0
38,Female,106656.38,8888.03,Salaried,14,253927.14,12,619,3,1.5,0,Master,Mortgage,Single,Home,0,40301.88,18128.08,22680.08,0
52,Male,51223.99,4268.67,Self-Employed,2,19595.21,36,680,3,0.4254,1,High School,Rent,Single,Auto,1,15060.94,8551.65,623.12,0
42,Male,14969.27,1247.44,Student,0,36792.59,12,642,1,1.5,0,High School,Mortgage,Married,Home,0,10643.67,5871.28,3286.21,1
58,Female,67085.96,5590.5,Salaried,13,25662.68,12,762,2,0.5255,1,Bachelor,Rent,Single,Personal,0,35846.33,20642.01,2208.7,0
37,Male,90899.55,7574.96,Salaried,0,58671.58,24,654,1,0.4102,0,Bachelor,Mortgage,Single,Auto,1,30900.45,10195.63,2789.35,0
43,Male,174257.8,14521.48,Salaried,18,195233.28,36,735,0,0.4275,2,Bachelor,Mortgage,Divorced,Business,0,47493.97,22895.49,6208.37,0
44,Male,121212.26,10101.02,Self-Employed,2,106382.64,48,696,0,0.2621,2,Bachelor,Mortgage,Married,Business,0,42660.36,23180.65,2647.34,0
28,Female,156759.75,13063.31,Self-Employed,3,44491.59,36,735,1,0.1319,0,PhD,Own,Married,Personal,0,57249.14,30896.91,1414.82,0
61,Male,139935.02,11661.25,Salaried,28,85973.73,36,645,1,0.2724,2,Bachelor,Own,Divorced,Education,0,51167.65,21839.95,2896.79,0
26,Female,33324.69,2777.06,Salaried,0,27005.81,36,699,0,0.3092,0,High School,Rent,Married,Education,0,16201.23,7593.42,858.78,0
25,Male,111132.16,9261.01,Salaried,0,237033.07,36,763,0,0.7786,0,Bachelor,Rent,Married,Home,0,45169.69,13024.16,7211.01,0
64,Male,71210.16,5934.18,Self-Employed,0,33661.55,48,735,4,0.4,0,High School,Rent,Divorced,Education,0,6820.01,2144.5,837.67,0
49,Female,117406.69,9783.89,Salaried,5,150586.59,36,780,2,0.4917,2,Bachelor,Rent,Single,Business,0,52665.38,8378.05,4581.14,0
48,Male,11437.75,953.15,Unemployed,0,2163.77,12,545,1,0.6122,1,High School,Mortgage,Divorced,Auto,1,5444.34,4419.74,198.37,1
31,Female,42064.08,3505.34,Salaried,0,27820.3,60,585,0,0.1806,0,Bachelor,Rent,Single,Personal,0,22890.13,4904.95,633.0,0
21,Male,8314.93,692.91,Unemployed,0,4272.76,24,614,2,1.0148,4,Bachelor,Mortgage,Single,Auto,0,4989.76,5025.53,203.13,1
63,Male,167356.0,13946.33,Salaried,29,217120.67,24,767,1,0.7076,0,Master,Rent,Married,Business,0,0.0,2672.94,9622.92,0
39,Male,94919.4,7909.95,Self-Employed,0,64112.85,24,583,0,0.3853,3,Bachelor,Rent,Divorced,Auto,0,0.0,1596.87,3048.04,0
29,Male,5957.17,496.43,Student,0,2852.26,24,627,2,1.5,0,Bachelor,Mortgage,Married,Personal,0,6001.49,6076.34,135.6,1
47,Female,4587.2,382.27,Unemployed,0,2727.5,12,588,1,0.7367,2,High School,Rent,Single,Personal,1,3759.38,4461.66,243.61,1
54,Female,10502.52,875.21,Unemployed,0,6632.98,12,618,1,0.83,2,Master,Rent,Married,Education,0,11532.77,5221.91,592.44,1
64,Male,138688.61,11557.38,Salaried,12,20439.73,60,706,0,0.0367,3,Bachelor,Rent,Married,Auto,0,28862.4,14686.26,424.3,0
24,Female,83553.23,6962.77,Salaried,3,162423.23,12,667,0,1.5,4,High School,Rent,Single,Home,0,25094.07,14521.78,14507.2,0
56,Female,210492.97,17541.08,Salaried,21,657194.04,60,800,1,0.7387,3,Master,Mortgage,Divorced,Home,0,9521.27,5161.28,12705.4,0
38,Male,89141.35,7428.45,Salaried,12,258922.99,36,731,0,1.1084,1,Bachelor,Mortgage,Single,Home,0,34293.97,16169.51,8233.68,0
35,Male,100596.82,8383.07,Salaried,7,30678.48,24,649,0,0.174,2,Bachelor,Mortgage,Single,Personal,0,32418.48,16050.68,1458.51,0
33,Female,155948.37,12995.7,Salaried,11,156389.44,36,794,0,0.3661,2,Bachelor,Mortgage,Single,Auto,0,9992.31,6113.83,4757.67,0
39,Female,76016.4,6334.7,Self-Employed,8,58105.09,24,646,0,0.4361,0,High School,Mortgage,Single,Auto,0,15720.03,8613.17,2762.42,0
69,Female,504247.1,42020.59,Salaried,48,1097907.95,24,737,1,1.1981,3,PhD,Rent,Married,Home,1,170183.5,81413.8,50157.64,0
26,Female,47059.82,3921.65,Self-Employed,5,96600.3,36,637,2,0.9531,1,Bachelor,Rent,Single,Home,0,19264.6,12409.63,3254.85,0
68,Female,53912.16,4492.68,Salaried,6,45043.91,24,713,0,0.458,0,High School,Rent,Married,Auto,0,17592.28,7385.22,2057.82,0
32,Male,160754.41,13396.2,Self-Employed,3,644324.78,48,640,0,1.2903,1,Master,Rent,Single,Home,1,83331.78,36604.22,17285.62,1
57,Male,85747.05,7145.59,Salaried,28,43054.22,36,610,3,0.2911,1,Bachelor,Mortgage,Married,Education,0,6911.97,3752.38,1450.67,0
37,Male,63184.29,5265.36,Salaried,6,17212.93,24,651,1,0.2172,1,High School,Rent,Married,Personal,0,16077.92,9375.78,818.33,0
43,Female,69415.42,5784.62,Salaried,16,59288.96,12,838,0,0.8821,1,High School,Rent,Single,Education,0,24486.93,16822.68,5102.79,0
46,Female,8462.04,705.17,Unemployed,0,22203.32,36,624,0,1.0609,0,Bachelor,Mortgage,Married,Home,0,6579.47,5863.49,748.12,1
49,Female,6622.23,551.85,Student,0,2375.55,60,661,1,0.7247,1,High School,Mortgage,Married,Auto,0,2354.42,1083.17,54.05,0
53,Female,262952.48,21912.71,Salaried,32,68980.97,36,767,2,0.1148,3,Master,Mortgage,Married,Education,0,47855.65,10218.6,2098.53,0
47,Female,116363.64,9696.97,Salaried,1,77026.32,36,671,4,0.3254,0,Bachelor,Rent,Married,Education,0,60591.28,36953.26,2449.42,0
45,Female,97166.63,8097.22,Self-Employed,17,60629.51,24,704,0,0.3421,1,Bachelor,Mortgage,Married,Personal,0,22287.4,12395.7,2769.84,0
30,Male,95181.37,7931.78,Salaried,8,176338.25,36,761,0,0.6763,0,Bachelor,Rent,Divorced,Business,0,50559.75,25272.08,5364.55,0
67,Female,46083.83,3840.32,Salaried,4,136752.45,36,743,1,1.1601,0,Bachelor,Own,Single,Home,0,23512.36,13938.44,4348.69,0
43,Female,70053.65,5837.8,Salaried,0,127944.78,48,589,2,0.6584,1,Bachelor,Rent,Married,Home,0,7912.31,6517.46,3432.44,0
41,Male,84257.3,7021.44,Self-Employed,6,41343.23,12,632,2,0.6039,0,Bachelor,Rent,Single,Education,0,6376.64,5131.12,3692.66,0
41,Female,138411.94,11534.33,Salaried,1,422804.05,24,720,1,1.5,2,PhD,Own,Single,Home,0,15968.76,10161.68,19315.69,1
63,Female,61298.42,5108.2,Salaried,2,109084.95,48,753,3,0.6016,2,Bachelor,Rent,Single,Home,0,0.0,2623.84,2561.86,0
33,Male,69606.94,5800.58,Salaried,3,159628.52,60,721,0,0.5713,0,Bachelor,Mortgage,Divorced,Home,0,16927.14,5764.26,3313.63,0
57,Male,8098.97,674.91,Unemployed,0,20611.1,48,530,0,0.8971,1,High School,Rent,Married,Home,0,12104.56,4077.42,605.45,1
53,Female,152115.29,12676.27,Salaried,11,141770.1,36,731,0,0.3556,3,Bachelor,Rent,Single,Education,0,28034.6,8482.32,4508.25,0
44,Female,86018.18,7168.18,Self-Employed,14,195574.05,12,647,0,1.5,0,Bachelor,Rent,Single,Home,0,31140.46,10636.9,17468.14,0
64,Female,98906.49,8242.21,Salaried,3,35138.27,48,711,1,0.1335,1,Bachelor,Own,Divorced,Personal,0,48590.98,16490.59,874.42,0
31,Male,65528.54,5460.71,Salaried,7,29866.19,48,632,0,0.1467,3,High School,Rent,Single,Education,0,7322.4,4933.85,801.24,0
37,Male,6046.09,503.84,Student,0,2792.95,60,708,0,0.1151,3,Master,Rent,Single,Auto,0,6094.87,1424.35,57.98,0
24,Male,79907.5,6658.96,Salaried,0,25356.99,36,686,0,0.1211,1,Bachelor,Own,Divorced,Auto,0,0.0,3272.59,806.35,0
67,Male,9088.08,757.34,Unemployed,0,29999.91,36,676,0,1.2597,0,Bachelor,Mortgage,Married,Home,0,4518.85,3934.38,953.99,1
45,Male,7982.54,665.21,Unemployed,0,30135.53,24,666,4,1.5,0,Bachelor,Mortgage,Single,Home,0,8262.27,2049.07,1432.7,1
50,Female,72529.71,6044.14,Self-Employed,15,194274.61,60,621,0,0.7313,0,Bachelor,Rent,Married,Home,0,24225.79,4675.87,4420.34,0
29,Male,121908.56,10159.05,Salaried,5,75020.17,36,728,0,0.2348,2,Bachelor,Rent,Divorced,Business,0,50295.0,19061.44,2385.62,0
41,Male,66543.44,5545.29,Self-Employed,16,40322.27,48,718,0,0.1809,0,Bachelor,Mortgage,Divorced,Education,0,12777.92,3692.7,1003.42,0
40,Male,4360.05,363.34,Unemployed,0,2000.0,36,583,3,0.7596,3,High School,Mortgage,Single,Auto,0,8530.15,3385.21,67.39,1
39,Male,11157.1,929.76,Student,0,32019.2,48,715,0,0.857,1,Bachelor,Rent,Single,Home,0,9590.92,5509.4,796.8,0
39,Female,41644.73,3470.39,Self-Employed,4,52474.86,24,647,2,0.8607,0,High School,Rent,Single,Business,0,10493.38,2733.79,2494.75,0
32,Female,55967.28,4663.94,Salaried,6,7022.36,36,575,0,0.0544,0,Bachelor,Own,Married,Education,0,10235.98,6433.58,253.88,0
57,Female,74881.95,6240.16,Self-Employed,12,98474.41,24,703,2,0.7764,1,High School,Rent,Married,Home,0,22011.8,8152.88,4498.78,0
62,Male,122246.02,10187.17,Salaried,0,88753.94,24,667,0,0.4142,0,Master,Mortgage,Single,Auto,0,64375.02,16406.46,4219.52,0
37,Male,98361.55,8196.8,Salaried,11,38631.61,24,681,0,0.2153,2,Bachelor,Mortgage,Married,Education,0,51657.63,26368.58,1764.88,0
57,Male,183364.54,15280.38,Salaried,26,234045.18,48,801,1,0.3832,3,Bachelor,Mortgage,Married,Home,0,98743.17,50847.47,5496.56,0
68,Male,200016.16,16668.01,Self-Employed,24,154578.66,48,692,1,0.239,4,Bachelor,Rent,Married,Auto,0,0.0,3932.72,3846.7,0
59,Female,268418.58,22368.22,Salaried,21,157522.89,24,806,0,0.3121,2,Master,Mortgage,Divorced,Education,0,93052.04,20057.97,6981.51,0
48,Male,38129.77,3177.48,Self-Employed,1,64574.37,12,641,0,1.5,3,High School,Rent,Married,Home,0,22521.67,10349.65,5767.61,0
61,Female,139275.5,11606.29,Salaried,17,249050.22,36,747,0,0.6824,1,Bachelor,Rent,Single,Home,0,53188.2,21971.74,7919.73,0
55,Male,92024.88,7668.74,Salaried,15,43903.25,36,728,1,0.207,1,Bachelor,Mortgage,Married,Auto,0,20500.87,3654.99,1396.11,0
67,Female,145317.36,12109.78,Salaried,28,122342.16,12,718,2,0.9101,2,High School,Rent,Married,Education,0,49961.52,16310.64,10699.0,0
68,Female,150151.09,12512.59,Salaried,29,24637.13,36,719,0,0.0626,0,High School,Mortgage,Single,Education,0,29341.15,17484.73,783.45,0
38,Female,64128.55,5344.05,Salaried,14,92304.22,12,623,0,1.5,0,High School,Mortgage,Married,Home,0,25426.26,16830.54,8244.36,1
34,Female,8453.43,704.45,Unemployed,0,2000.0,48,620,0,0.0762,2,High School,Mortgage,Single,Personal,0,9678.21,5475.56,53.65,0
55,Female,191499.2,15958.27,Salaried,21,22220.64,36,774,0,0.0424,4,Bachelor,Mortgage,Single,Auto,0,85136.38,18708.2,675.99,0
64,Female,133104.0,11092.0,Salaried,41,245294.32,24,582,1,1.0756,1,High School,Own,Single,Home,0,50480.43,22935.05,11661.74,0
61,Male,212361.89,17696.82,Salaried,33,598895.05,24,770,2,1.5,1,Bachelor,Mortgage,Divorced,Home,0,8152.89,2976.57,26543.39,0
27,Male,80653.04,6721.09,Salaried,6,36549.79,24,602,0,0.2585,1,High School,Mortgage,Married,Business,1,42115.26,10447.7,1737.64,0
61,Female,76826.18,6402.18,Salaried,3,35714.22,48,780,0,0.131,1,High School,Rent,Single,Education,0,5923.64,3025.74,838.75,0
33,Female,105581.59,8798.47,Salaried,1,78363.26,12,616,4,0.8442,1,Master,Mortgage,Divorced,Auto,0,20350.7,4948.68,6999.19,0
38,Male,181669.87,15139.16,Salaried,17,474948.34,60,694,1,0.6732,3,Bachelor,Mortgage,Married,Home,0,33265.06,10132.71,9859.15,0
57,Male,85800.45,7150.04,Salaried,13,64881.0,12,606,2,0.9176,1,High School,Rent,Married,Auto,1,31609.03,14908.58,5794.99,0
33,Female,62565.85,5213.82,Self-Employed,7,166822.54,12,602,2,1.5,0,Bachelor,Rent,Single,Home,0,27095.13,12410.65,14900.13,1
56,Male,64522.49,5376.87,Salaried,4,148334.98,24,784,0,1.2227,2,High School,Mortgage,Single,Home,0,34341.76,21314.4,6574.3,0
51,Male,51102.33,4258.53,Salaried,7,23261.77,12,739,0,0.4777,0,High School,Rent,Married,Education,0,6774.91,4614.95,2034.28,0
22,Male,8720.85,726.74,Student,0,4844.88,60,662,3,0.96,2,High School,Rent,Married,Personal,1,9231.24,5336.77,110.24,1
36,Female,229050.42,19087.54,Salaried,10,682166.41,24,679,0,1.5,1,PhD,Mortgage,Married,Home,0,10100.56,3817.67,31164.6,0
29,Male,141441.36,11786.78,Salaried,7,50339.28,48,682,0,0.1063,2,Bachelor,Rent,Married,Education,0,50546.49,29383.19,1252.7,0
29,Female,127396.42,10616.37,Self-Employed,6,42610.05,24,730,1,0.2025,0,Bachelor,Rent,Married,Education,0,9380.29,2811.79,1946.63,0
58,Male,185805.81,15483.82,Self-Employed,20,58676.91,12,676,0,0.3314,0,PhD,Mortgage,Single,Auto,0,80108.77,37950.36,5131.38,0
31,Female,118253.69,9854.47,Salaried,6,26052.21,36,674,2,0.1336,0,Master,Mortgage,Married,Personal,0,64801.42,13140.42,828.45,0
42,Female,164668.25,13722.35,Salaried,12,42039.21,12,756,1,0.272,2,Bachelor,Rent,Single,Auto,0,22944.5,12044.62,3618.16,0
53,Male,183635.48,15302.96,Salaried,18,460173.38,36,704,2,0.9728,0,Bachelor,Mortgage,Single,Home,0,69134.36,41154.53,14633.39,0
56,Female,14769.49,1230.79,Student,0,2000.0,24,656,0,0.0773,1,Bachelor,Mortgage,Single,Education,0,7595.13,3383.85,95.08,0
65,Male,50377.54,4198.13,Self-Employed,2,12287.07,36,679,1,0.1789,4,High School,Rent,Married,Education,0,11441.65,5048.19,390.73,0
43,Male,101443.94,8453.66,Salaried,1,78443.39,24,681,0,0.4239,0,Bachelor,Rent,Divorced,Business,0,5469.98,4539.57,3583.67,0
65,Female,255046.41,21253.87,Salaried,37,1109321.96,60,659,0,1.1876,2,Bachelor,Mortgage,Single,Home,0,92415.77,31919.51,25240.48,1
65,Male,117016.62,9751.38,Salaried,18,15223.26,24,628,1,0.0984,2,PhD,Mortgage,Single,Education,0,5005.95,5413.11,723.74,0
54,Female,128702.74,10725.23,Salaried,31,68290.8,36,705,3,0.278,3,Bachelor,Rent,Single,Education,0,14565.11,4121.42,2171.63,0
29,Male,116212.65,9684.39,Self-Employed,3,84330.11,12,662,0,0.7778,3,Bachelor,Rent,Divorced,Auto,0,57254.04,11341.44,7532.14,0
44,Male,5887.42,490.62,Unemployed,0,4803.89,12,653,0,0.8581,1,Bachelor,Rent,Married,Personal,1,8431.89,4459.74,429.07,1
28,Male,42045.59,3503.8,Salaried,2,8530.25,24,607,0,0.1157,2,High School,Rent,Divorced,Auto,0,20589.82,5008.29,405.54,0
27,Female,71860.31,5988.36,Self-Employed,6,32868.67,48,727,0,0.1366,1,Bachelor,Mortgage,Divorced,Education,0,35726.41,22285.57,817.94,0
56,Male,99796.17,8316.35,Salaried,13,12780.87,36,601,0,0.0518,0,Bachelor,Rent,Single,Auto,0,17705.79,8709.76,430.64,0
38,Female,69188.54,5765.71,Salaried,6,49627.9,12,729,2,0.8807,0,Bachelor,Mortgage,Single,Personal,0,7655.62,5285.13,4340.03,0
23,Male,39262.34,3271.86,Self-Employed,1,21269.09,24,634,1,0.3615,0,Bachelor,Rent,Married,Business,0,1611.83,1894.12,1011.17,0
48,Male,61878.75,5156.56,Salaried,21,16936.92,48,689,2,0.2337,0,High School,Rent,Single,Education,0,37882.13,16155.9,421.48,0
26,Female,103693.13,8641.09,Salaried,0,63398.38,24,603,2,0.4259,2,Bachelor,Own,Single,Personal,0,15820.3,7709.42,3014.07,0
64,Female,94982.02,7915.17,Self-Employed,30,230046.67,24,682,1,1.3614,4,Bachelor,Mortgage,Single,Home,0,35504.66,10844.73,10509.62,0
64,Male,125994.28,10499.52,Salaried,21,95329.47,48,705,1,0.2424,3,Bachelor,Mortgage,Married,Personal,0,46559.17,13255.71,2372.28,0
41,Female,6564.88,547.07,Unemployed,0,2000.0,24,662,0,0.1738,0,Bachelor,Rent,Married,Personal,0,7902.9,3753.82,95.08,0
48,Male,74132.93,6177.74,Salaried,4,288541.07,36,657,0,1.5,0,High School,Mortgage,Single,Home,0,27294.67,14732.43,9722.09,1
60,Female,82784.9,6898.74,Salaried,30,46671.02,48,680,0,0.1684,2,High School,Mortgage,Married,Education,0,0.0,101.06,1161.41,0
21,Female,60723.13,5060.26,Salaried,0,19438.32,60,684,0,0.0797,0,Bachelor,Own,Single,Personal,0,13460.42,6003.36,403.51,0
56,Female,60170.29,5014.19,Salaried,14,15638.78,36,690,0,0.0992,2,Bachelor,Rent,Married,Education,0,9305.07,6283.36,497.31,0
41,Female,14028.31,1169.03,Student,0,2000.0,24,599,1,0.1888,2,Bachelor,Own,Married,Personal,0,10524.52,4931.13,95.08,0
63,Male,194431.34,16202.61,Salaried,16,106306.0,60,610,1,0.1734,1,Master,Mortgage,Single,Education,0,98343.17,21394.01,2418.79,0
55,Female,65604.78,5467.06,Salaried,18,29099.14,36,813,0,0.1619,0,High School,Rent,Married,Auto,0,9706.36,3064.09,885.25,0
33,Female,94351.02,7862.58,Salaried,9,179446.42,60,689,0,0.4738,0,High School,Rent,Married,Business,0,33294.89,12455.74,3725.01,0
69,Male,119662.62,9971.88,Self-Employed,43,48797.83,48,794,0,0.1149,0,Bachelor,Mortgage,Single,Business,0,50168.56,25787.42,1146.02,0
30,Male,67734.86,5644.57,Salaried,1,217025.6,36,686,1,1.2868,1,Bachelor,Mortgage,Single,Home,0,10983.76,5584.86,6901.36,0
64,Female,156348.84,13029.07,Salaried,24,460304.36,24,780,3,1.5,4,Bachelor,Rent,Divorced,Home,0,53333.49,20433.19,20400.97,0
67,Female,245344.85,20445.4,Self-Employed,36,106891.78,24,801,0,0.2317,0,Master,Rent,Single,Education,0,18261.42,4729.27,4737.51,0
30,Male,157067.43,13088.95,Salaried,9,134574.44,24,732,2,0.4986,0,Master,Mortgage,Married,Education,0,5774.22,3959.42,6148.0,0
66,Female,7975.95,664.66,Student,0,4537.5,24,792,1,0.6466,1,High School,Mortgage,Married,Personal,0,5019.61,4320.52,201.1,0
33,Female,181129.17,15094.1,Self-Employed,11,356279.64,48,735,0,0.5874,0,Master,Mortgage,Single,Home,0,40383.3,9505.6,8866.03,0
57,Male,70624.8,5885.4,Salaried,14,37197.17,12,660,1,0.6106,3,High School,Own,Single,Auto,0,9354.39,5823.69,3322.35,0
58,Male,82539.23,6878.27,Self-Employed,19,73673.11,60,677,1,0.2517,0,Bachelor,Mortgage,Divorced,Business,0,15041.4,5730.13,1529.33,0
44,Female,174896.6,14574.72,Self-Employed,22,17763.92,24,740,1,0.0765,4,Bachelor,Mortgage,Single,Personal,0,30203.35,17058.59,811.54,0
22,Male,11119.43,926.62,Unemployed,0,14763.38,36,533,1,0.8203,3,Bachelor,Rent,Married,Business,0,6198.71,5035.31,533.73,1
42,Male,63967.41,5330.62,Salaried,12,124425.01,24,690,1,1.1182,3,High School,Mortgage,Married,Home,0,32842.94,20242.79,5684.32,0
37,Female,114413.55,9534.46,Self-Employed,10,238243.04,24,650,0,1.188,0,Bachelor,Rent,Married,Home,0,23052.81,9518.91,11326.51,1
56,Female,195991.05,16332.59,Salaried,30,26518.21,36,708,0,0.0516,0,Bachelor,Mortgage,Divorced,Auto,0,22187.54,8390.89,843.27,0
34,Female,69239.22,5769.94,Salaried,1,22486.25,60,699,0,0.0809,2,High School,Rent,Married,Personal,0,24932.91,11972.89,466.78,0
30,Female,46067.57,3838.96,Self-Employed,8,29440.72,60,641,0,0.1745,2,High School,Rent,Married,Auto,0,27713.2,17996.75,669.87,0
55,Male,166916.62,13909.72,Self-Employed,27,408283.91,12,644,1,1.5,2,Bachelor,Own,Divorced,Home,0,3745.94,2625.17,36466.81,0
45,Male,145122.52,12093.54,Salaried,14,106248.56,36,721,0,0.2794,1,Bachelor,Own,Divorced,Education,0,58800.06,15113.35,3378.68,0
23,Female,52434.46,4369.54,Salaried,0,6071.6,12,655,1,0.1559,0,Bachelor,Rent,Divorced,Personal,0,15572.85,12459.56,542.3,0
67,Male,64183.78,5348.65,Self-Employed,8,155771.87,12,772,0,1.5,4,High School,Rent,Married,Home,0,33313.97,17640.07,13406.73,0
58,Female,6643.62,553.64,Unemployed,0,2000.0,48,615,0,0.0969,0,Master,Own,Single,Auto,0,5148.38,3458.48,53.65,0
37,Male,104468.93,8705.74,Salaried,14,199965.82,24,719,0,1.0494,0,High School,Mortgage,Married,Business,0,46213.38,9888.4,9135.39,0
32,Male,132839.87,11069.99,Salaried,1,564517.92,60,662,1,1.1794,0,Master,Own,Single,Home,0,32450.0,19798.96,12844.52,0
44,Male,96614.3,8051.19,Self-Employed,19,20472.79,48,549,3,0.1547,2,Bachelor,Mortgage,Single,Auto,1,1247.13,3176.93,601.39,1
49,Female,112141.76,9345.15,Salaried,26,336241.22,36,736,0,1.1442,0,Bachelor,Rent,Single,Home,0,0.0,0.0,10692.38,0
63,Male,274031.32,22835.94,Salaried,31,865953.43,12,826,0,1.5,1,Master,Rent,Divorced,Home,0,81993.85,17998.09,74529.52,0
45,Male,114044.35,9503.7,Salaried,21,60197.8,12,704,0,0.5539,0,High School,Mortgage,Single,Education,0,33104.72,7198.19,5264.39,0
56,Male,61100.99,5091.75,Salaried,20,174052.48,36,748,2,1.1933,0,High School,Own,Married,Home,1,7514.2,4281.85,5534.82,1
46,Female,136677.06,11389.76,Salaried,25,291378.96,48,706,1,0.6489,2,Bachelor,Mortgage,Married,Business,0,63673.23,36727.16,7250.98,0
58,Male,10257.71,854.81,Unemployed,0,18128.56,36,623,2,0.955,0,High School,Rent,Single,Business,1,6727.8,4837.87,610.82,1
21,Male,43456.55,3621.38,Salaried,0,20537.37,48,749,0,0.1411,0,Bachelor,Mortgage,Married,Education,0,22100.78,12632.83,511.07,0
40,Male,62920.41,5243.37,Salaried,11,38129.85,36,732,1,0.2925,1,High School,Mortgage,Married,Education,0,30538.81,8182.09,1212.52,0
48,Female,155657.58,12971.46,Salaried,9,140315.44,60,684,0,0.2245,1,Master,Mortgage,Divorced,Business,0,36334.61,16563.4,2912.72,0
36,Male,141090.63,11757.55,Salaried,12,94469.73,48,630,0,0.2156,0,Bachelor,Mortgage,Single,Education,0,51904.21,17152.1,2534.39,0
67,Male,145234.89,12102.91,Salaried,38,320218.57,36,840,1,0.8216,3,High School,Rent,Single,Home,0,72093.93,14862.59,9741.67,0
37,Male,136423.16,11368.6,Salaried,13,27499.01,48,694,0,0.0602,3,Master,Rent,Married,Auto,0,29993.64,16796.11,684.31,0
60,Female,228268.52,19022.38,Self-Employed,26,66864.73,36,741,1,0.1279,1,Bachelor,Mortgage,Single,Auto,0,62376.09,33196.83,2126.28,0
48,Female,63359.29,5279.94,Self-Employed,14,27727.89,12,602,1,0.5325,0,Bachelor,Rent,Single,Education,0,15942.01,5288.76,2476.58,0
32,Female,83559.49,6963.29,Salaried,3,76296.98,48,543,0,0.3219,0,Bachelor,Rent,Single,Auto,0,45445.4,19838.69,2241.22,0
47,Female,96965.28,8080.44,Salaried,7,58003.24,36,642,0,0.2419,3,Bachelor,Rent,Married,Business,0,21289.3,8926.28,1954.36,0
62,Female,95433.06,7952.76,Salaried,18,25704.47,36,757,0,0.0983,1,Bachelor,Mortgage,Single,Education,0,13979.96,3682.34,781.98,0
67,Male,168334.48,14027.87,Salaried,28,50912.41,12,692,0,0.3174,0,Bachelor,Rent,Married,Auto,0,50358.72,17990.23,4452.37,0
50,Female,61924.94,5160.41,Salaried,18,26722.24,12,634,0,0.4625,3,High School,Rent,Divorced,Personal,0,11245.72,7061.46,2386.76,0
61,Female,136794.75,11399.56,Self-Employed,4,474356.69,60,690,0,0.8638,1,PhD,Mortgage,Married,Home,0,61843.61,17473.49,9846.86,0
54,Female,128565.53,10713.79,Salaried,21,120301.19,48,704,0,0.2794,1,Bachelor,Rent,Single,Auto,0,58709.12,35359.61,2993.7,0
57,Male,9731.22,810.94,Unemployed,0,18012.6,36,680,1,0.9118,0,High School,Mortgage,Married,Home,0,4867.02,3652.06,572.8,0
26,Female,116849.94,9737.5,Salaried,2,88350.49,36,659,0,0.3057,0,Bachelor,Mortgage,Single,Auto,1,23883.24,8231.62,2976.88,0
27,Male,54821.77,4568.48,Self-Employed,1,167439.36,48,718,0,0.9121,4,Bachelor,Mortgage,Single,Home,0,4976.55,5345.67,4166.74,0
52,Female,116338.35,9694.86,Salaried,14,74184.92,60,762,3,0.2552,2,High School,Rent,Single,Personal,0,13089.0,4194.5,1434.2,0
52,Male,74896.46,6241.37,Salaried,1,74502.81,48,654,0,0.3202,0,High School,Mortgage,Single,Auto,1,1200.37,2576.49,1998.72,0
45,Male,55138.79,4594.9,Self-Employed,20,12038.99,36,771,1,0.1407,1,High School,Mortgage,Married,Auto,0,22555.41,4459.97,366.25,0
53,Male,259875.35,21656.28,Self-Employed,21,363247.77,60,768,0,0.3243,1,Master,Rent,Divorced,Home,0,6978.05,2391.83,7022.6,0
27,Male,86230.81,7185.9,Salaried,2,233373.52,48,662,1,0.8925,0,Bachelor,Rent,Divorced,Home,0,0.0,1813.66,6260.83,0
32,Female,128242.95,10686.91,Self-Employed,6,300582.79,12,711,0,1.5,1,Bachelor,Mortgage,Single,Home,0,4587.65,3900.28,26286.41,1
36,Male,78064.3,6505.36,Salaried,2,32206.17,12,798,0,0.4261,1,High School,Mortgage,Married,Education,0,13025.46,8123.57,2771.87,0
36,Male,158992.14,13249.34,Salaried,14,102116.84,48,725,1,0.2174,0,Bachelor,Rent,Single,Personal,0,30508.76,8996.22,2541.18,0
63,Female,97510.78,8125.9,Salaried,11,194883.19,48,726,2,0.6398,0,Bachelor,Rent,Married,Business,0,46293.01,19636.38,4849.68,0
56,Male,197796.1,16483.01,Self-Employed,33,19325.06,36,683,2,0.0513,0,Bachelor,Rent,Single,Personal,0,17070.26,10118.55,614.53,0
33,Female,178482.51,14873.54,Salaried,12,21183.54,48,612,0,0.0382,1,PhD,Mortgage,Divorced,Education,0,64904.76,30590.41,568.3,0
27,Male,67582.94,5631.91,Self-Employed,1,48864.03,48,703,0,0.2159,1,Bachelor,Mortgage,Divorced,Education,0,38499.18,15522.48,1215.98,0
56,Male,99093.71,8257.81,Salaried,19,33289.8,36,751,1,0.1576,0,Bachelor,Mortgage,Single,Auto,0,43931.18,25685.67,1012.74,0
67,Female,87560.24,7296.69,Salaried,6,129210.62,36,704,0,0.5631,1,Bachelor,Mortgage,Married,Business,0,5329.32,4491.63,4108.86,0
29,Female,167164.41,13930.37,Salaried,7,121894.8,12,597,1,0.8041,0,Master,Mortgage,Married,Education,0,16455.61,5705.83,10887.31,0
52,Male,72577.23,6048.1,Salaried,2,244221.45,60,620,2,0.9679,2,High School,Rent,Married,Home,0,0.0,3708.04,5556.79,0
31,Female,131220.5,10935.04,Salaried,5,86968.43,24,633,0,0.3781,0,Bachelor,Rent,Married,Auto,0,25525.27,6355.81,4134.64,0
28,Female,59296.25,4941.35,Salaried,0,110080.21,12,673,3,1.5,1,Bachelor,Rent,Married,Home,0,16708.47,6337.1,9626.68,1
53,Female,131145.32,10928.78,Salaried,32,162097.74,12,750,1,1.3275,1,High School,Mortgage,Divorced,Home,0,32681.43,9759.34,14175.69,0
43,Male,8937.79,744.82,Unemployed,0,2560.78,36,675,0,0.1093,2,High School,Mortgage,Married,Education,0,7211.05,6623.5,81.43,0
45,Male,97477.86,8123.16,Salaried,22,47270.23,12,741,0,0.5089,2,Bachelor,Mortgage,Married,Auto,0,39790.15,12751.42,4133.85,0
28,Female,45077.86,3756.49,Salaried,1,24895.56,48,744,0,0.1649,0,High School,Mortgage,Married,Auto,0,16409.75,9556.97,619.53,0
65,Female,70749.58,5895.8,Self-Employed,3,20213.49,24,704,0,0.1566,4,Bachelor,Mortgage,Divorced,Auto,0,16682.94,6318.29,923.45,0
42,Male,129274.17,10772.85,Salaried,4,351662.61,60,687,0,0.6776,2,Bachelor,Mortgage,Single,Home,0,0.0,2292.35,7299.94,0
24,Female,113753.53,9479.46,Salaried,1,190921.74,48,673,0,0.5012,1,Bachelor,Own,Single,Home,0,13007.91,4388.46,4751.1,0
60,Male,105741.43,8811.79,Salaried,15,11776.57,12,634,0,0.1194,3,High School,Rent,Married,Auto,0,14629.05,9098.66,1051.85,0
23,Male,105066.28,8755.52,Salaried,2,225303.54,36,726,1,0.8585,0,Master,Rent,Divorced,Home,0,936.83,2709.59,7164.59,0
49,Male,53485.03,4457.09,Salaried,10,27020.8,24,664,1,0.3711,0,High School,Rent,Single,Auto,0,11343.28,5634.73,1284.62,0
61,Female,114693.1,9557.76,Salaried,2,354790.95,12,690,0,1.5,2,Bachelor,Own,Married,Home,0,57987.66,27389.6,31026.99,0
49,Male,72196.1,6016.34,Salaried,22,55611.99,36,683,1,0.3294,3,High School,Own,Single,Personal,0,33555.81,6979.97,1768.45,0
54,Female,116501.5,9708.46,Salaried,13,252031.18,24,813,2,1.2171,0,Bachelor,Rent,Married,Home,0,51242.26,20773.03,11170.18,0
54,Female,84938.27,7078.19,Salaried,32,66058.0,36,658,0,0.3145,1,High School,Mortgage,Divorced,Education,0,40131.39,10922.99,2225.76,0
48,Female,153010.82,12750.9,Salaried,27,33473.38,12,703,1,0.2567,2,High School,Mortgage,Married,Education,0,70599.3,15109.56,2927.3,0
33,Female,35756.27,2979.69,Salaried,8,119089.61,36,674,1,1.3503,3,High School,Rent,Married,Home,0,9849.46,6779.9,3787.02,0
35,Female,66760.63,5563.39,Salaried,8,22495.15,24,659,0,0.1922,0,Bachelor,Rent,Divorced,Personal,0,9433.71,7598.49,1069.46,0
43,Female,148010.76,12334.23,Self-Employed,14,53191.03,12,703,2,0.3994,0,Bachelor,Rent,Single,Education,0,21939.37,14370.14,4651.63,0
64,Male,3514.45,292.87,Unemployed,0,2074.9,12,549,0,0.3805,0,High School,Mortgage,Divorced,Education,2,7876.74,7465.66,190.23,1
46,Male,207108.94,17259.08,Self-Employed,3,39367.22,36,743,2,0.0881,1,PhD,Rent,Single,Education,0,82386.51,47805.14,1251.87,0
24,Male,45995.73,3832.98,Self-Employed,3,116800.12,12,636,1,1.5,3,High School,Rent,Married,Home,1,727.74,2702.53,10432.27,1
46,Male,191517.23,15959.77,Salaried,20,156235.14,36,704,0,0.3113,1,Bachelor,Mortgage,Married,Auto,0,96568.07,21980.51,4968.24,0
60,Female,113903.27,9491.94,Salaried,24,90425.13,12,790,1,0.8469,3,High School,Own,Married,Business,0,15696.38,1724.15,7782.57,0
29,Male,91863.52,7655.29,Salaried,2,12773.17,36,737,3,0.1401,2,Bachelor,Rent,Divorced,Personal,0,29964.64,7540.2,406.18,0
25,Female,118891.29,9907.61,Salaried,3,67587.53,24,632,2,0.3454,1,Bachelor,Rent,Divorced,Personal,0,39540.08,9681.67,3213.23,0
52,Female,151991.9,12665.99,Salaried,25,199213.59,12,591,1,1.4253,0,Bachelor,Mortgage,Married,Home,0,2863.46,2850.82,17793.22,0
40,Female,55848.24,4654.02,Salaried,6,17707.86,60,689,0,0.079,0,High School,Mortgage,Single,Personal,0,21707.57,13010.8,367.59,0
31,Male,4176.23,348.02,Unemployed,0,2000.0,24,575,0,0.1997,0,High School,Mortgage,Single,Auto,0,9008.34,4040.32,99.85,1
35,Female,3445.36,287.11,Unemployed,0,2000.0,24,554,2,0.6954,0,Bachelor,Mortgage,Married,Auto,1,4178.99,2219.48,99.85,1
52,Male,116259.19,9688.27,Salaried,20,67960.85,60,724,2,0.2008,0,High School,Mortgage,Divorced,Auto,0,24206.4,8475.66,1410.76,0
48,Male,92306.93,7692.24,Salaried,24,290005.18,48,727,0,0.9382,0,Bachelor,Rent,Married,Home,0,41844.65,19584.56,7216.79,0
42,Female,82249.61,6854.13,Salaried,21,292640.76,36,674,0,1.3577,1,High School,Mortgage,Divorced,Home,0,30502.56,18462.94,9305.9,0
61,Female,107287.59,8940.63,Self-Employed,34,36082.62,24,705,1,0.2049,1,High School,Own,Divorced,Education,0,7112.77,3837.28,1648.43,0
37,Male,90830.95,7569.25,Salaried,14,38910.46,36,751,0,0.1564,0,High School,Rent,Married,Auto,0,33255.26,12937.12,1183.73,0
46,Female,105877.97,8823.16,Salaried,9,37071.99,48,796,0,0.0987,2,Master,Rent,Divorced,Personal,0,25948.24,12693.77,870.64,0
64,Male,160587.47,13382.29,Self-Employed,15,26709.58,48,650,1,0.071,1,Bachelor,Rent,Divorced,Personal,0,0.0,1196.64,716.55,0
27,Male,53061.31,4421.78,Salaried,0,21113.15,48,734,1,0.1502,2,Bachelor,Mortgage,Married,Auto,0,12009.85,8592.37,525.4,0
62,Male,121179.97,10098.33,Salaried,22,245602.97,12,701,0,1.5,2,High School,Rent,Married,Home,1,24538.9,7905.22,21478.34,1
46,Female,174118.93,14509.91,Salaried,18,732488.05,24,641,2,1.5,2,Bachelor,Mortgage,Married,Home,0,69080.51,41791.19,34823.82,1
45,Female,6931.81,577.65,Student,0,5113.89,36,705,2,1.0553,3,Bachelor,Rent,Single,Auto,0,5107.55,2912.91,162.62,0
30,Male,98206.19,8183.85,Self-Employed,0,18897.06,36,591,0,0.0778,0,Bachelor,Rent,Married,Personal,0,21507.57,11214.14,636.72,0
65,Male,60687.01,5057.25,Salaried,0,12858.47,36,632,0,0.0857,0,High School,Own,Single,Auto,0,461.04,1617.33,433.25,0
39,Female,261131.8,21760.98,Salaried,13,124641.02,60,671,0,0.1189,0,PhD,Mortgage,Single,Education,0,115154.87,21934.85,2587.34,0
31,Male,103016.77,8584.73,Salaried,9,93386.31,24,641,0,0.5172,1,Bachelor,Mortgage,Divorced,Education,0,22597.66,7634.62,4439.76,0
33,Male,99804.49,8317.04,Self-Employed,9,241126.55,48,659,0,0.7778,0,Master,Rent,Married,Home,0,45543.76,26118.36,6468.82,0
28,Female,73426.07,6118.84,Salaried,1,23046.58,36,678,1,0.1529,1,High School,Rent,Single,Auto,0,26161.32,8361.91,732.88,0
60,Male,67082.27,5590.19,Salaried,1,40457.04,36,764,1,0.2405,0,High School,Rent,Single,Education,0,10187.93,4917.72,1230.78,0
24,Female,29175.18,2431.26,Salaried,3,95838.43,60,566,1,1.0751,1,High School,Mortgage,Divorced,Home,0,13399.83,9886.76,2433.67,1
67,Male,190002.59,15833.55,Salaried,19,22167.67,24,712,0,0.064,1,Bachelor,Mortgage,Divorced,Education,0,37527.39,12808.09,1012.72,0
51,Female,147749.58,12312.46,Salaried,9,132565.61,24,597,1,0.5295,0,Bachelor,Rent,Single,Personal,0,18915.15,12797.32,6302.41,0
48,Male,133427.44,11118.95,Salaried,14,140411.91,48,722,2,0.3711,1,Master,Rent,Divorced,Business,0,42155.85,6535.38,3494.16,0
31,Female,71402.56,5950.21,Salaried,10,47343.16,36,727,1,0.3089,3,Master,Mortgage,Single,Personal,0,34548.16,17173.1,1505.5,0
63,Male,7525.37,627.11,Unemployed,0,23989.92,36,617,1,1.5,2,Bachelor,Own,Married,Home,0,7741.99,3741.04,808.32,1
21,Female,106025.68,8835.47,Salaried,0,80092.24,12,626,3,0.8523,0,Bachelor,Rent,Married,Personal,1,23629.37,14311.79,7153.62,1
69,Female,97412.68,8117.72,Salaried,27,226391.36,36,664,2,1.0086,3,Bachelor,Mortgage,Divorced,Home,0,12431.84,5803.7,7628.02,0
67,Male,179934.1,14994.51,Self-Employed,30,96502.2,36,774,0,0.1958,0,Bachelor,Mortgage,Divorced,Auto,0,75037.49,29773.16,2935.78,0
58,Male,114554.54,9546.21,Salaried,6,70121.92,36,767,2,0.2952,1,Bachelor,Rent,Single,Auto,0,18599.59,7282.72,2133.24,0
44,Female,60930.23,5077.52,Salaried,7,160903.47,12,738,4,1.5,0,Bachelor,Own,Married,Home,0,21656.41,15696.75,14071.25,0
67,Female,226973.24,18914.44,Salaried,31,68754.96,48,772,1,0.0925,3,Master,Mortgage,Single,Personal,0,1519.75,4244.57,1614.71,0
51,Male,61824.45,5152.04,Self-Employed,10,45376.15,36,690,0,0.2801,0,Bachelor,Mortgage,Married,Education,0,31434.02,10378.09,1442.95,0
61,Male,211625.23,17635.44,Self-Employed,25,94206.4,24,813,1,0.2523,0,Master,Mortgage,Married,Education,0,108578.25,58480.67,4175.29,0
66,Female,92327.33,7693.94,Salaried,24,141336.06,36,774,1,0.6056,3,High School,Own,Single,Business,0,14474.31,8953.7,4299.72,0
46,Male,71116.92,5926.41,Self-Employed,6,42531.16,36,636,0,0.2418,1,Bachelor,Mortgage,Married,Personal,1,20080.81,7661.56,1433.04,0
69,Female,10530.81,877.57,Unemployed,0,7167.84,24,544,1,0.7621,2,High School,Mortgage,Single,Auto,2,8536.03,4359.31,357.85,1
25,Female,49380.21,4115.02,Salaried,3,136940.42,24,514,2,1.5,0,High School,Own,Married,Home,0,26300.18,11392.33,6836.63,1
40,Female,158375.85,13197.99,Salaried,8,17324.92,36,668,0,0.0442,1,Master,Mortgage,Married,Personal,0,79799.23,34641.17,583.75,0
61,Male,278787.46,23232.29,Salaried,29,187703.88,24,755,2,0.367,4,Master,Rent,Married,Education,0,20979.33,10025.59,8319.15,0
31,Male,65148.28,5429.02,Salaried,7,38028.81,36,731,1,0.275,1,Bachelor,Rent,Divorced,Education,0,15896.25,4366.98,1209.31,0
53,Female,77389.19,6449.1,Salaried,0,37345.26,48,695,1,0.179,2,PhD,Mortgage,Single,Education,0,17773.29,6185.34,929.34,0
58,Female,42658.15,3554.85,Self-Employed,17,5929.8,12,619,0,0.149,4,High School,Mortgage,Married,Personal,0,12798.58,9208.47,529.63,0
47,Female,51571.7,4297.64,Salaried,7,40234.21,48,616,1,0.3416,2,High School,Mortgage,Married,Education,0,29239.61,4926.43,1079.38,0
54,Male,209236.95,17436.41,Salaried,28,159189.53,48,707,1,0.2397,0,Bachelor,Rent,Single,Auto,0,9681.5,7348.25,3961.44,0
35,Male,162914.03,13576.17,Salaried,7,47282.31,48,688,1,0.0997,0,Master,Mortgage,Single,Auto,0,75904.03,41585.19,1176.62,0
52,Male,126206.15,10517.18,Salaried,21,18572.06,36,560,0,0.0638,0,High School,Rent,Divorced,Personal,0,34667.42,9532.49,671.42,0
41,Female,201696.03,16808.0,Self-Employed,7,304214.64,36,660,0,0.6098,1,PhD,Own,Married,Business,0,50264.9,26803.03,10250.19,0
66,Male,59735.04,4977.92,Salaried,13,25505.78,36,780,0,0.1559,3,Bachelor,Mortgage,Married,Auto,0,10211.65,2893.26,775.94,0
25,Male,115117.29,9593.11,Salaried,1,33230.25,48,673,1,0.1092,1,PhD,Mortgage,Married,Education,0,27302.33,5703.8,826.94,0
26,Male,40980.11,3415.01,Salaried,2,25842.31,24,667,0,0.3598,3,Bachelor,Mortgage,Divorced,Auto,0,18648.0,9452.78,1228.59,0
58,Male,49852.74,4154.39,Salaried,6,23130.79,60,730,0,0.1156,2,Bachelor,Rent,Single,Auto,0,15976.96,8990.96,480.16,0
42,Female,79263.26,6605.27,Salaried,2,32832.54,24,719,2,0.2974,4,Bachelor,Own,Divorced,Personal,0,30638.75,9488.23,1499.95,0
38,Female,100620.65,8385.05,Self-Employed,14,380294.05,12,613,0,1.5,3,Bachelor,Rent,Single,Home,0,22003.13,4271.7,33966.83,1
34,Male,74096.65,6174.72,Salaried,10,11463.98,36,768,0,0.0565,2,High School,Rent,Married,Auto,0,5953.56,5524.92,348.76,0
30,Male,58880.74,4906.73,Salaried,1,40582.51,60,706,0,0.1717,3,Master,Mortgage,Single,Education,0,11570.51,5190.12,842.43,0
66,Male,200247.22,16687.27,Salaried,21,67017.37,48,728,3,0.1191,2,Master,Rent,Married,Education,0,72903.41,14279.75,1667.73,0
33,Male,29380.12,2448.34,Self-Employed,1,18337.57,24,652,0,0.3561,2,High School,Mortgage,Married,Personal,0,15203.22,11209.67,871.8,0
51,Male,70200.0,5850.0,Salaried,13,248559.46,60,681,0,0.882,2,High School,Rent,Married,Home,0,30503.83,14596.28,5159.69,0
50,Female,5523.58,460.3,Unemployed,0,2783.66,60,698,1,0.8036,2,Bachelor,Rent,Single,Auto,0,4654.96,5169.34,57.78,1
23,Male,56467.94,4705.66,Salaried,1,134617.29,36,741,1,0.9679,0,Bachelor,Mortgage,Married,Home,0,20957.92,6177.3,4280.79,0
50,Male,124231.6,10352.63,Salaried,26,49978.78,24,704,0,0.2205,1,Bachelor,Mortgage,Single,Auto,0,21079.75,8200.63,2283.27,0
26,Male,26027.25,2168.94,Salaried,1,47350.7,36,700,0,0.6942,0,High School,Rent,Married,Home,0,15407.85,8520.13,1505.74,0
49,Female,69223.86,5768.66,Self-Employed,3,140518.26,36,800,0,0.741,0,Bachelor,Rent,Divorced,Home,0,18692.03,12364.79,4274.84,0
28,Female,52056.75,4338.06,Salaried,5,176655.06,36,699,1,1.3812,1,Bachelor,Mortgage,Married,Home,0,25156.26,11674.34,5617.58,0
64,Female,179084.07,14923.67,Salaried,38,108243.51,36,641,0,0.2444,3,High School,Rent,Single,Education,0,0.0,1749.43,3647.15,0
65,Female,106825.92,8902.16,Salaried,37,55509.63,24,767,1,0.3055,2,Bachelor,Own,Divorced,Personal,0,12436.11,9437.95,2460.22,0
63,Female,177278.92,14773.24,Self-Employed,36,599954.17,24,594,1,1.5,0,High School,Mortgage,Divorced,Home,0,80751.81,33658.9,28522.91,1
64,Male,83279.81,6939.98,Salaried,17,38487.08,60,666,0,0.1262,2,High School,Rent,Married,Personal,0,8767.65,5034.17,875.7,0
53,Female,161094.53,13424.54,Self-Employed,28,268294.51,12,671,1,1.5,3,Bachelor,Mortgage,Married,Business,0,24512.94,17488.46,23462.75,0
37,Male,12881.26,1073.44,Student,0,8133.58,24,667,1,0.5693,2,PhD,Mortgage,Divorced,Auto,0,11363.33,5051.97,386.69,0
68,Male,86067.34,7172.28,Salaried,11,46266.21,60,794,1,0.1556,2,High School,Mortgage,Married,Auto,0,0.0,2610.88,894.46,0
31,Female,7370.61,614.22,Student,0,3291.59,48,765,0,0.1259,0,Bachelor,Own,Married,Personal,0,6578.63,3471.89,77.3,0
33,Male,27324.25,2277.02,Salaried,1,7806.18,36,688,3,0.2825,0,High School,Own,Married,Personal,0,14580.21,5997.61,248.23,0
31,Female,89491.44,7457.62,Self-Employed,10,227212.7,12,662,0,1.5,1,High School,Mortgage,Single,Home,0,47056.09,14479.78,20294.02,0
51,Male,6297.43,524.79,Student,0,2484.79,48,714,1,0.4478,0,Bachelor,Mortgage,Divorced,Personal,0,6619.17,2096.41,61.83,0
48,Female,10983.69,915.31,Student,0,20883.27,48,620,0,0.6121,0,Bachelor,Rent,Married,Home,0,6026.18,381.15,560.25,1
64,Female,184656.87,15388.07,Salaried,39,47715.34,12,671,1,0.2844,3,High School,Rent,Married,Education,0,78411.64,23300.88,4172.78,0
26,Female,7494.43,624.54,Unemployed,0,6015.62,48,547,0,0.2829,2,PhD,Mortgage,Single,Auto,1,5520.87,4974.57,176.71,1
61,Female,84841.91,7070.16,Salaried,29,29514.51,24,713,0,0.1907,0,High School,Rent,Single,Personal,0,37157.45,7604.74,1348.36,0
36,Female,76025.84,6335.49,Salaried,3,158540.94,48,621,0,0.6713,0,Master,Rent,Married,Home,0,8150.32,5160.82,4253.26,0
24,Female,59018.39,4918.2,Salaried,3,18894.44,48,642,0,0.1031,0,Master,Own,Married,Education,0,8886.08,6158.33,506.89,0
55,Male,131419.66,10951.64,Salaried,14,13128.14,36,739,0,0.0381,0,Bachelor,Mortgage,Married,Personal,0,62762.35,11989.64,417.47,0
68,Male,141771.88,11814.32,Self-Employed,42,60615.92,12,733,1,0.4655,2,High School,Mortgage,Single,Education,0,65703.89,23002.27,5300.95,0
46,Female,72129.44,6010.79,Salaried,0,51811.18,36,662,2,0.3447,0,Bachelor,Rent,Single,Personal,1,10128.18,2429.08,1745.72,0
32,Female,6937.71,578.14,Student,0,2000.0,36,596,2,1.0863,2,Bachelor,Mortgage,Married,Personal,0,7093.53,4960.28,67.39,1
31,Female,76609.71,6384.14,Salaried,1,328044.3,48,580,0,1.5,2,Master,Rent,Married,Home,0,38165.04,10362.33,9636.3,0
57,Female,11585.29,965.44,Unemployed,0,5998.71,12,649,2,1.0034,1,Bachelor,Rent,Single,Personal,0,7615.18,6282.61,535.79,1
45,Female,49958.79,4163.23,Self-Employed,7,16375.33,36,681,3,0.3193,2,Bachelor,Rent,Single,Education,0,4834.49,3482.06,520.73,0
38,Male,138149.55,11512.46,Self-Employed,15,72585.0,48,616,0,0.1691,0,Master,Rent,Divorced,Personal,0,16968.95,9142.76,1947.27,0
39,Male,67351.56,5612.63,Salaried,0,173591.44,36,582,3,1.2449,1,PhD,Mortgage,Single,Home,0,9867.54,7415.63,5848.98,0
43,Male,56017.12,4668.09,Salaried,2,11452.71,24,721,0,0.1121,2,Bachelor,Rent,Divorced,Auto,0,4449.16,3635.39,523.21,0
58,Male,240766.9,20063.91,Salaried,17,71630.94,24,737,0,0.1631,2,Master,Rent,Single,Education,0,121840.62,62675.35,3272.44,0
38,Female,77947.53,6495.63,Salaried,15,72867.99,24,637,0,0.5333,0,Bachelor,Rent,Married,Personal,0,9667.96,6272.6,3464.28,0
46,Female,148606.02,12383.84,Salaried,20,341770.36,48,630,1,0.7552,0,Bachelor,Mortgage,Single,Business,0,12753.75,8894.4,9168.84,0
26,Female,71143.39,5928.62,Salaried,3,239811.66,36,773,0,1.2306,0,Bachelor,Mortgage,Married,Home,0,16304.13,10271.81,7295.54,0
24,Male,95176.04,7931.34,Salaried,3,29260.11,36,659,0,0.1243,1,Bachelor,Mortgage,Single,Auto,0,15929.6,12864.42,985.89,0
64,Male,178482.86,14873.57,Salaried,19,130949.08,12,670,1,0.8069,2,Bachelor,Mortgage,Single,Auto,0,31213.97,10116.98,11696.02,0
49,Male,120341.29,10028.44,Salaried,26,191421.99,36,734,1,0.636,1,Bachelor,Mortgage,Single,Business,0,56684.37,23752.08,6087.17,0
54,Female,48604.34,4050.36,Salaried,3,95083.51,48,630,0,0.6298,2,Bachelor,Mortgage,Married,Home,1,0.0,1832.02,2550.85,1
37,Male,59151.11,4929.26,Salaried,3,173858.01,24,684,2,1.5,0,Bachelor,Rent,Divorced,Home,0,29184.69,9043.59,7942.66,0
63,Male,163401.7,13616.81,Salaried,33,74786.42,24,747,0,0.2509,3,Bachelor,Mortgage,Single,Auto,0,52149.2,19985.97,3416.6,0
63,Male,10150.64,845.89,Student,0,3022.79,60,703,1,0.5222,1,Bachelor,Mortgage,Single,Education,0,7545.71,3856.42,62.75,0
36,Male,160050.38,13337.53,Salaried,12,151386.11,36,679,1,0.3837,0,Bachelor,Rent,Married,Business,0,6706.46,7278.04,4814.04,0
22,Female,25805.1,2150.42,Salaried,0,10977.35,48,635,1,0.2302,1,High School,Own,Divorced,Education,1,9595.56,2136.53,294.49,0
54,Male,276677.96,23056.5,Salaried,30,136948.28,24,679,2,0.306,1,Master,Own,Married,Education,0,0.0,2972.11,6256.45,0
28,Male,2725.1,227.09,Unemployed,0,5629.79,24,663,2,1.2077,0,Master,Own,Divorced,Home,0,10046.27,6567.6,267.65,1
33,Male,48545.46,4045.46,Salaried,3,21540.01,12,636,1,0.5744,2,Bachelor,Rent,Single,Education,0,9903.28,3104.08,1923.9,0
62,Male,145420.67,12118.39,Salaried,38,352084.01,24,702,0,1.3273,3,High School,Mortgage,Single,Home,0,40175.59,16402.05,16084.87,0
28,Female,174707.64,14558.97,Salaried,6,67644.14,36,556,1,0.1859,0,Master,Mortgage,Single,Auto,0,65604.21,29616.14,2445.5,0
50,Female,129182.2,10765.18,Salaried,16,212692.62,24,812,0,0.8757,1,Master,Rent,Married,Home,0,36277.64,17258.26,9426.67,0
52,Male,52312.82,4359.4,Salaried,9,7127.1,24,695,0,0.0747,0,High School,Mortgage,Married,Auto,0,725.52,2611.64,325.6,0
56,Female,80475.25,6706.27,Self-Employed,11,64383.57,12,702,1,0.8857,3,High School,Rent,Single,Personal,0,0.0,2901.48,5630.44,0
67,Male,206757.49,17229.79,Self-Employed,29,669599.06,48,799,1,0.9266,0,Bachelor,Rent,Single,Home,0,91335.88,13628.25,15725.55,0
50,Female,164275.09,13689.59,Salaried,15,138033.03,36,666,1,0.3538,0,Bachelor,Own,Married,Auto,0,17012.58,12823.32,4650.88,0
21,Male,37485.31,3123.78,Salaried,0,86990.24,24,596,0,1.3239,1,High School,Own,Single,Home,0,5851.53,4839.51,4135.67,0
63,Male,215794.66,17982.89,Salaried,33,19845.29,24,751,1,0.0665,0,Bachelor,Own,Single,Education,0,9656.75,3113.44,879.56,0
59,Female,111395.27,9282.94,Self-Employed,21,78364.6,36,702,0,0.2684,0,Bachelor,Own,Divorced,Education,0,41053.86,8323.37,2491.97,0
37,Female,137915.17,11492.93,Self-Employed,8,374091.81,60,763,1,0.6451,0,Master,Mortgage,Single,Home,0,24321.33,10980.1,7232.24,0
40,Female,3908.52,325.71,Unemployed,0,2000.0,24,612,1,0.5328,0,Bachelor,Mortgage,Single,Auto,1,7586.38,6228.81,95.08,1
44,Male,69768.22,5814.02,Salaried,11,53185.12,12,736,1,0.8348,0,Bachelor,Own,Married,Education,1,28292.85,8942.51,4651.12,1
42,Male,294237.23,24519.77,Self-Employed,16,163769.51,48,669,1,0.1884,3,PhD,Rent,Divorced,Business,1,85559.39,22075.4,4393.53,0
49,Female,10471.99,872.67,Student,0,24184.5,24,621,1,1.5,3,High School,Mortgage,Married,Home,0,6323.66,3091.97,1149.78,1
42,Male,40367.16,3363.93,Self-Employed,15,139555.58,48,574,0,1.2186,1,High School,Mortgage,Single,Home,0,21040.78,13451.27,4099.45,1
64,Male,112528.98,9377.41,Salaried,4,267627.8,48,768,0,0.6703,1,Bachelor,Own,Divorced,Home,0,21716.46,9541.81,6285.25,0
29,Male,64306.99,5358.92,Salaried,2,11037.26,48,613,0,0.0553,2,High School,Mortgage,Married,Education,0,4043.1,2989.13,296.1,0
57,Male,171783.62,14315.3,Self-Employed,27,64395.07,24,717,0,0.2055,0,Master,Rent,Single,Education,0,14047.0,11420.18,2941.87,0
30,Male,48198.21,4016.52,Salaried,0,36670.38,24,676,0,0.4171,0,High School,Mortgage,Married,Auto,0,19970.91,10575.4,1675.28,0
56,Male,87388.91,7282.41,Salaried,21,41280.99,24,705,2,0.3397,2,High School,Mortgage,Married,Auto,0,10470.43,4616.69,1885.91,0
57,Male,182845.65,15237.14,Salaried,34,108705.42,36,693,0,0.2269,0,Master,Rent,Married,Auto,0,36899.68,5851.97,3456.8,0
48,Female,182108.52,15175.71,Self-Employed,16,546731.76,60,625,0,0.8197,1,Bachelor,Rent,Divorced,Home,0,0.0,2918.23,12439.83,1
48,Male,10438.85,869.9,Student,0,18505.95,36,693,1,0.8102,1,Bachelor,Mortgage,Married,Business,0,4916.77,5646.98,588.48,0
62,Male,108987.8,9082.32,Salaried,14,59909.56,60,698,1,0.1596,1,High School,Rent,Divorced,Education,0,13651.31,8779.94,1243.62,0
63,Female,93340.56,7778.38,Self-Employed,18,55926.65,36,691,0,0.2286,2,High School,Own,Married,Auto,0,0.0,2542.32,1778.45,0
41,Female,185668.57,15472.38,Salaried,14,38190.07,60,774,1,0.0692,2,Master,Rent,Single,Education,0,17319.87,5350.39,738.32,0
44,Male,5295.42,441.28,Student,0,8617.82,48,695,0,0.4289,4,Bachelor,Mortgage,Married,Home,0,7053.96,2575.71,214.45,0
62,Female,151772.78,12647.73,Salaried,25,49690.42,24,705,1,0.2006,2,Bachelor,Rent,Single,Personal,0,53289.78,29608.87,2270.09,0
60,Male,144110.66,12009.22,Salaried,34,336722.8,36,695,0,0.8916,0,High School,Rent,Single,Home,0,0.0,1194.97,10707.7,0
22,Female,46639.73,3886.64,Salaried,0,70775.44,24,624,1,0.9528,2,Bachelor,Rent,Married,Home,0,14606.28,8009.65,3364.79,1
28,Male,109584.22,9132.02,Salaried,6,48791.83,36,619,3,0.2623,2,Bachelor,Mortgage,Married,Personal,0,19713.39,5286.78,1643.99,0
68,Male,79461.02,6621.75,Salaried,9,21255.98,24,754,0,0.1423,1,Master,Mortgage,Single,Education,0,8053.19,3204.49,942.08,0
47,Female,180369.16,15030.76,Self-Employed,21,796297.79,48,571,0,1.5,1,Bachelor,Mortgage,Married,Home,0,0.0,1285.31,23391.25,1
42,Female,172900.71,14408.39,Salaried,14,308456.0,48,715,0,0.5327,0,Bachelor,Own,Single,Business,0,21070.47,12074.76,7675.94,0
57,Male,118307.13,9858.93,Salaried,10,110794.23,48,821,2,0.34,4,Bachelor,Mortgage,Divorced,Business,0,51448.41,18717.09,2602.01,0
47,Male,81367.98,6780.66,Salaried,22,31102.49,48,761,0,0.1077,3,Bachelor,Mortgage,Single,Education,0,22513.2,8219.75,730.44,0
49,Male,163013.02,13584.42,Salaried,25,378010.72,12,635,1,1.5,1,Bachelor,Rent,Married,Home,0,65164.11,39712.71,33762.89,1
23,Female,62043.15,5170.26,Salaried,0,28451.53,48,786,0,0.1292,0,High School,Rent,Married,Auto,0,12516.23,9799.7,668.19,0
64,Male,171971.52,14330.96,Salaried,35,91221.83,24,769,4,0.3753,2,High School,Rent,Married,Education,0,76573.0,46437.61,4043.01,0
33,Male,63273.21,5272.77,Salaried,4,174662.51,48,610,0,0.8887,1,Master,Rent,Single,Home,0,6478.56,3624.06,4685.76,0
65,Male,114753.81,9562.82,Salaried,20,75853.16,36,637,1,0.2995,0,High School,Rent,Married,Auto,0,46720.07,21680.04,2555.79,0
30,Female,40485.23,3373.77,Salaried,7,110156.43,24,635,1,1.5,2,High School,Rent,Married,Home,0,11467.96,7414.26,5237.04,0
56,Female,170357.4,14196.45,Salaried,19,105127.86,48,714,0,0.1843,2,Bachelor,Mortgage,Married,Education,0,62248.27,8619.16,2616.11,0
29,Female,104153.27,8679.44,Salaried,0,11817.43,12,701,4,0.1704,0,Bachelor,Mortgage,Married,Auto,0,9999.54,7189.26,1033.45,0
47,Male,13612.43,1134.37,Student,0,2000.0,60,637,1,0.1886,2,Bachelor,Own,Married,Auto,0,7875.19,3628.95,45.51,0
54,Female,134886.16,11240.51,Salaried,14,101250.59,36,682,0,0.2864,2,Bachelor,Own,Single,Auto,0,52044.61,25933.95,3219.74,0
21,Female,125095.7,10424.64,Self-Employed,0,314327.91,36,650,1,1.0446,1,PhD,Own,Single,Home,0,27434.17,5394.66,10590.95,0
52,Female,185569.21,15464.1,Self-Employed,20,74641.42,36,634,0,0.1626,0,Bachelor,Rent,Divorced,Education,0,37266.8,17473.42,2514.96,0
45,Male,101907.13,8492.26,Salaried,0,18642.65,48,703,1,0.0831,0,Master,Mortgage,Married,Education,0,43540.39,17182.55,463.92,0
49,Male,71771.56,5980.96,Salaried,27,190561.06,24,748,0,1.4556,0,High School,Rent,Married,Home,0,2035.47,2055.09,8705.73,0
27,Female,77912.98,6492.75,Salaried,2,21853.09,24,664,2,0.2274,0,High School,Own,Married,Personal,0,17116.93,7757.79,1038.94,0
69,Male,144092.96,12007.75,Salaried,30,164038.22,48,814,0,0.3208,0,Bachelor,Rent,Single,Home,0,57782.55,19836.1,3852.44,0
23,Female,58466.15,4872.18,Self-Employed,1,37509.35,36,626,0,0.2594,1,High School,Rent,Single,Education,0,31327.3,12007.35,1263.84,0
40,Female,57329.96,4777.5,Self-Employed,16,7758.36,36,598,2,0.1231,0,High School,Rent,Married,Auto,1,833.3,4576.37,261.41,1
40,Female,3105.4,258.78,Unemployed,0,2157.34,36,713,1,0.4911,0,High School,Rent,Divorced,Education,0,5494.45,7312.83,68.6,0
50,Female,145043.31,12086.94,Salaried,21,50286.76,48,745,0,0.1035,0,Bachelor,Mortgage,Married,Auto,0,0.0,796.76,1251.39,0
55,Female,145534.05,12127.84,Salaried,21,37041.36,24,715,0,0.1395,0,Bachelor,Mortgage,Single,Auto,0,64059.9,17768.2,1692.22,0
55,Male,83495.26,6957.94,Self-Employed,7,146958.12,24,683,0,0.9649,2,Bachelor,Mortgage,Single,Home,0,11621.86,9147.39,6713.74,0
69,Male,115266.87,9605.57,Salaried,46,48236.51,36,682,0,0.1597,1,High School,Mortgage,Single,Education,0,32613.69,16670.97,1533.91,0
59,Male,83920.65,6993.39,Salaried,7,67173.22,12,720,2,0.8688,0,Bachelor,Mortgage,Married,Auto,0,0.0,1190.45,5874.4,0
47,Female,98431.07,8202.59,Self-Employed,13,76178.9,24,629,0,0.4415,0,High School,Rent,Divorced,Auto,0,37815.69,6018.2,3621.68,0
46,Male,5577.35,464.78,Unemployed,0,3337.52,48,680,3,1.5,2,Bachelor,Mortgage,Married,Personal,0,3394.91,3579.83,83.05,1
34,Male,127923.54,10660.3,Salaried,5,429057.61,36,704,1,1.295,0,Bachelor,Rent,Divorced,Home,0,60910.43,11507.87,13643.92,0
37,Female,71716.61,5976.38,Salaried,14,50747.38,36,695,0,0.27,3,Bachelor,Mortgage,Married,Auto,0,23701.45,9861.24,1613.75,0
38,Female,188968.07,15747.34,Self-Employed,8,56843.69,24,625,1,0.1861,2,Master,Own,Married,Auto,1,80290.55,34698.71,2702.45,0
65,Female,223635.03,18636.25,Salaried,22,142942.2,36,732,0,0.2439,0,Master,Mortgage,Divorced,Education,0,62834.95,36007.7,4545.52,0
49,Female,73458.53,6121.54,Self-Employed,4,108825.99,24,590,0,0.8452,1,Bachelor,Rent,Married,Business,0,28788.27,16456.98,5173.79,1
40,Female,75014.57,6251.21,Salaried,12,55880.3,24,723,0,0.4084,2,Master,Mortgage,Divorced,Business,0,30521.41,13335.69,2552.88,0
47,Female,121126.14,10093.84,Salaried,6,53956.59,24,668,2,0.2861,0,Bachelor,Rent,Married,Auto,0,8888.77,2404.23,2565.19,0
38,Female,240969.7,20080.81,Salaried,16,391331.73,60,644,1,0.4491,0,Master,Mortgage,Single,Home,0,64303.04,15911.81,8904.0,0
24,Female,124524.91,10377.08,Salaried,3,183931.41,36,774,0,0.5392,1,Bachelor,Mortgage,Married,Business,0,60354.66,11084.19,5595.55,0
21,Female,69255.39,5771.28,Salaried,0,22931.72,36,699,1,0.18,3,Bachelor,Mortgage,Single,Personal,0,33530.14,15963.87,729.22,0
21,Female,42787.83,3565.65,Self-Employed,0,125579.15,48,559,0,1.0346,0,Bachelor,Rent,Single,Home,0,13268.95,6933.89,3688.89,1
46,Female,8137.54,678.13,Student,0,21895.62,12,729,0,1.5,1,High School,Own,Single,Home,0,3566.02,4464.76,1914.8,1
65,Male,70447.4,5870.62,Salaried,4,302022.9,36,619,1,1.5,0,Bachelor,Rent,Divorced,Home,1,27656.84,8362.0,10176.35,1
40,Male,74695.27,6224.61,Salaried,6,44627.98,24,635,1,0.4039,1,Master,Rent,Married,Business,0,34638.03,22485.39,2121.7,0
43,Male,98372.79,8197.73,Salaried,7,395680.93,24,715,0,1.5,2,Bachelor,Mortgage,Single,Home,0,0.0,0.0,18076.58,1
30,Male,68483.87,5706.99,Salaried,6,19291.12,36,672,0,0.1075,1,High School,Rent,Single,Auto,0,2863.78,775.83,613.45,0
31,Male,110593.72,9216.14,Salaried,5,83452.79,48,635,0,0.2429,2,Bachelor,Rent,Married,Personal,0,45464.26,25852.03,2238.83,0
61,Male,136651.41,11387.62,Salaried,37,39945.04,48,734,1,0.1003,0,Master,Rent,Married,Auto,0,29002.59,4369.15,994.03,0
61,Male,174464.4,14538.7,Salaried,20,46697.75,60,687,4,0.1067,2,PhD,Rent,Married,Auto,0,57745.28,12608.1,969.37,0
25,Female,71837.09,5986.42,Salaried,3,12313.82,24,676,2,0.1825,0,Bachelor,Mortgage,Married,Auto,0,33390.47,14108.18,562.55,0
21,Female,139224.14,11602.01,Self-Employed,0,293175.48,24,657,0,1.2014,2,Master,Rent,Married,Home,1,52361.0,25042.39,13938.1,1
37,Male,11013.92,917.83,Unemployed,0,30832.21,60,678,0,0.6973,2,Master,Rent,Single,Home,0,7383.48,5149.18,640.03,0
42,Female,41038.48,3419.87,Salaried,2,27899.48,36,723,1,0.3329,2,High School,Mortgage,Married,Education,0,14555.39,7287.26,887.2,0
54,Female,114530.4,9544.2,Self-Employed,4,70075.04,36,668,0,0.2474,0,Master,Mortgage,Single,Personal,1,3675.33,2636.29,2361.11,0
65,Female,119293.57,9941.13,Salaried,18,42013.97,36,750,0,0.1344,2,Bachelor,Rent,Single,Education,0,28433.78,4903.19,1336.03,0
61,Female,98563.93,8213.66,Salaried,7,32754.08,48,613,1,0.1308,1,Bachelor,Mortgage,Single,Personal,1,54017.5,15270.94,878.71,0
49,Male,68391.99,5699.33,Salaried,4,237617.17,36,793,0,1.2684,4,Bachelor,Rent,Married,Home,0,7976.56,6294.08,7228.77,0
24,Male,77996.65,6499.72,Salaried,2,30212.86,24,681,0,0.2124,0,Bachelor,Mortgage,Divorced,Education,0,15381.31,8588.74,1380.27,0
25,Male,52275.0,4356.25,Salaried,2,9279.53,12,850,1,0.2212,2,Bachelor,Rent,Married,Auto,0,22211.65,9270.54,798.66,0
31,Male,123374.15,10281.18,Salaried,9,86057.88,48,691,1,0.226,0,Bachelor,Rent,Married,Auto,0,1322.93,2111.14,2141.55,0
41,Female,5697.4,474.78,Unemployed,0,2151.11,12,618,0,0.3843,0,Master,Rent,Married,Auto,0,6741.21,3781.89,192.13,0
55,Male,125090.0,10424.17,Salaried,5,12333.36,24,618,0,0.0562,0,Master,Rent,Single,Personal,0,13769.62,4910.37,586.35,0
32,Male,82845.09,6903.76,Self-Employed,0,40879.28,24,601,0,0.2815,0,Bachelor,Rent,Single,Personal,0,8421.87,5712.36,1943.48,0
46,Male,140335.2,11694.6,Self-Employed,10,57443.27,12,666,0,0.4387,0,Bachelor,Rent,Married,Personal,0,40117.89,15451.35,5130.68,0
39,Male,38396.12,3199.68,Salaried,8,5779.74,48,662,0,0.0485,0,High School,Mortgage,Single,Auto,0,5903.59,4354.41,155.06,0
65,Female,162152.12,13512.68,Salaried,30,641684.27,48,832,0,1.1152,0,Bachelor,Mortgage,Married,Home,0,47559.8,16930.95,15069.97,0
27,Female,172864.94,14405.41,Salaried,6,69056.74,24,682,0,0.219,2,Master,Mortgage,Single,Auto,0,80780.84,37881.3,3154.84,0
67,Male,48128.26,4010.69,Salaried,4,25987.5,48,717,0,0.1612,1,High School,Mortgage,Divorced,Personal,0,12336.19,3573.23,646.7,0
27,Male,146401.56,12200.13,Salaried,6,302639.54,24,705,1,1.1496,2,PhD,Mortgage,Divorced,Home,0,80052.87,25715.44,13826.01,0
46,Male,58507.44,4875.62,Salaried,0,14349.95,12,675,1,0.3065,1,Master,Rent,Single,Education,0,29643.4,16277.74,1254.92,0
60,Male,146328.78,12194.06,Salaried,14,34616.38,36,750,0,0.0903,2,Bachelor,Rent,Married,Personal,1,8385.11,5931.36,1100.79,0
25,Female,49141.81,4095.15,Salaried,3,34863.81,24,590,0,0.4047,1,Bachelor,Rent,Single,Auto,0,13317.79,4403.19,1657.49,0
41,Male,135717.37,11309.78,Salaried,15,597589.22,12,778,0,1.5,0,Bachelor,Rent,Married,Home,0,73709.61,25488.65,51432.37,0
34,Female,78682.06,6556.84,Salaried,5,43345.04,24,702,0,0.302,1,Bachelor,Own,Single,Auto,0,2454.25,3381.99,1980.21,0
24,Female,5381.6,448.47,Unemployed,0,2448.95,24,602,2,1.0086,2,Bachelor,Mortgage,Single,Education,0,4863.55,2349.87,116.43,1
43,Male,134602.46,11216.87,Salaried,6,75066.18,36,661,0,0.2255,1,Master,Rent,Single,Education,1,27913.47,4617.17,2529.28,0
62,Male,102496.25,8541.35,Salaried,7,71961.66,36,777,1,0.302,2,Bachelor,Mortgage,Divorced,Auto,0,45993.84,14074.79,2189.21,0
40,Female,6054.53,504.54,Unemployed,0,5243.99,12,518,2,1.5,2,Bachelor,Mortgage,Married,Education,1,6732.97,4693.22,480.77,1
35,Female,67715.98,5643.0,Salaried,4,200138.89,48,650,0,0.9515,1,Bachelor,Mortgage,Single,Home,0,8588.0,4842.0,5369.23,0
65,Male,92751.53,7729.29,Salaried,21,546209.34,60,748,1,1.4829,2,High School,Rent,Married,Home,0,2324.51,1613.36,11338.41,1
49,Female,78244.47,6520.37,Salaried,26,35038.76,24,696,1,0.3051,2,High School,Rent,Single,Personal,0,6472.05,5986.5,1600.74,0
28,Female,3026.41,252.2,Unemployed,0,8432.3,12,519,2,1.5,0,Master,Rent,Single,Home,1,5468.1,2923.65,773.07,1
61,Male,150701.68,12558.47,Self-Employed,33,61862.58,48,676,0,0.1226,1,High School,Own,Divorced,Education,0,33222.82,14350.4,1539.45,0
68,Female,194774.21,16231.18,Salaried,29,352779.12,48,699,1,0.555,2,Bachelor,Rent,Single,Home,0,69344.0,24733.86,8778.92,0
39,Male,63109.9,5259.16,Self-Employed,11,30861.39,24,616,0,0.279,1,Bachelor,Mortgage,Married,Auto,1,12219.41,8321.36,1467.21,0
68,Female,34455.49,2871.29,Salaried,1,85165.25,36,820,2,0.9725,3,High School,Mortgage,Married,Home,0,12819.07,3072.87,2590.89,0
59,Female,74420.67,6201.72,Salaried,37,221886.87,48,674,0,0.8903,0,High School,Mortgage,Single,Home,0,32474.03,13620.26,5521.66,0
66,Female,237490.68,19790.89,Self-Employed,21,561433.17,24,630,0,1.3487,2,Master,Rent,Married,Home,0,57246.33,27342.21,26691.56,1
48,Male,164200.34,13683.36,Self-Employed,18,229891.35,24,605,0,0.7987,2,Bachelor,Mortgage,Divorced,Business,0,47655.97,30710.9,10929.45,0
66,Male,111688.26,9307.36,Salaried,16,165322.74,36,697,0,0.5648,2,Bachelor,Mortgage,Married,Home,0,26404.96,6881.32,5257.22,0
47,Female,10214.01,851.17,Unemployed,0,2002.6,36,615,4,0.9659,0,Master,Rent,Single,Auto,0,11481.89,9719.36,67.48,1
24,Female,79593.78,6632.82,Salaried,2,66189.8,12,688,0,0.8727,0,High School,Rent,Married,Education,0,4169.22,4493.65,5788.4,0
35,Female,82346.16,6862.18,Salaried,3,10452.73,36,786,0,0.0463,1,High School,Own,Divorced,Personal,0,43409.25,13875.4,317.99,0
55,Female,208800.9,17400.08,Salaried,22,160672.16,48,590,0,0.2477,0,Bachelor,Rent,Single,Business,0,96303.82,23346.73,4310.43,0
57,Female,10463.85,871.99,Unemployed,0,4182.09,24,548,0,0.2394,3,Bachelor,Mortgage,Single,Education,1,6820.98,6816.9,208.79,1
21,Male,53774.1,4481.18,Self-Employed,0,78516.97,24,586,0,0.833,0,Bachelor,Mortgage,Single,Business,0,17375.3,4489.02,3732.84,1
23,Male,69677.25,5806.44,Salaried,0,173353.94,12,616,0,1.5,1,PhD,Rent,Single,Business,0,31279.74,21322.28,15483.5,0
67,Male,13116.6,1093.05,Student,0,6233.44,12,612,3,1.2968,0,Master,Mortgage,Married,Auto,0,8539.05,1277.56,556.75,1
44,Female,67917.67,5659.81,Salaried,17,315218.92,12,692,2,1.5,1,High School,Rent,Single,Home,0,19800.77,10463.3,27566.36,1
47,Female,72046.82,6003.9,Salaried,18,23617.87,36,813,0,0.1197,2,High School,Rent,Single,Auto,0,32578.36,10696.13,718.5,0
60,Female,93971.28,7830.94,Salaried,16,47269.32,24,769,1,0.3126,0,Master,Mortgage,Single,Auto,0,20390.86,6894.78,2095.01,0
56,Male,116612.29,9717.69,Salaried,7,46455.4,36,653,0,0.1611,2,Bachelor,Mortgage,Married,Auto,0,26600.28,13981.15,1565.27,0
54,Male,57706.96,4808.91,Salaried,6,42460.15,48,701,2,0.2686,0,High School,Mortgage,Married,Auto,0,1565.78,2804.44,1056.62,0
49,Male,99301.44,8275.12,Salaried,22,57213.72,60,693,0,0.1435,1,Bachelor,Own,Married,Education,0,3005.39,2231.08,1187.66,0
44,Female,121008.4,10084.03,Salaried,10,43290.83,60,720,0,0.0891,1,Bachelor,Rent,Single,Auto,0,26248.22,18175.62,898.65,0
44,Male,119870.61,9989.22,Salaried,2,78655.87,24,689,1,0.3967,0,Bachelor,Mortgage,Married,Education,0,0.0,1861.53,3593.37,0
62,Male,6984.0,582.0,Unemployed,0,4180.73,36,601,0,0.242,0,High School,Rent,Single,Auto,0,6765.77,1923.79,140.87,1
24,Male,86296.88,7191.41,Self-Employed,1,20438.99,36,744,1,0.1282,2,Bachelor,Rent,Divorced,Auto,0,20180.91,8595.52,649.95,0
23,Female,3628.57,302.38,Unemployed,0,2111.14,12,553,2,1.5,0,Bachelor,Mortgage,Single,Education,0,4714.74,4214.31,193.55,1
54,Male,3609.57,300.8,Unemployed,0,8919.5,36,587,1,0.872,0,High School,Rent,Single,Home,0,2034.25,1621.34,300.53,1
69,Female,123613.14,10301.09,Salaried,18,16788.27,24,827,0,0.0722,2,Bachelor,Rent,Single,Personal,0,0.0,1945.78,744.07,0
43,Female,141199.84,11766.65,Self-Employed,10,61499.97,36,673,0,0.1662,0,Bachelor,Own,Single,Auto,0,30866.49,9672.67,1955.68,0
43,Female,180371.2,15030.93,Salaried,7,325155.58,36,709,2,0.7113,2,Master,Own,Single,Business,0,3331.09,4075.7,10339.86,0
65,Female,305989.45,25499.12,Self-Employed,42,33220.43,24,789,2,0.0867,1,Master,Rent,Married,Auto,0,103030.22,21744.19,1472.35,0
25,Male,44747.03,3728.92,Self-Employed,1,147418.25,24,646,1,1.5,0,High School,Mortgage,Married,Home,0,13607.52,8709.48,7008.53,1
51,Male,135004.24,11250.35,Salaried,11,83443.54,48,663,0,0.199,0,Bachelor,Rent,Single,Auto,0,0.0,2497.31,2238.58,0
61,Female,4919.4,409.95,Unemployed,0,2000.0,48,659,0,0.1073,1,Bachelor,Own,Married,Auto,0,1094.0,149.92,53.65,1
26,Female,83468.16,6955.68,Self-Employed,4,53814.23,24,511,1,0.4409,0,Master,Mortgage,Married,Education,1,41743.04,11857.88,2686.63,0
57,Female,9954.28,829.52,Unemployed,0,22851.13,36,762,0,0.8381,0,Bachelor,Mortgage,Single,Home,0,2799.47,2548.86,695.18,0
30,Female,82586.99,6882.25,Salaried,8,33577.39,48,596,1,0.168,2,High School,Mortgage,Single,Auto,0,35924.71,23257.27,900.8,0
60,Male,10821.05,901.75,Unemployed,0,2338.48,48,625,1,0.495,1,Bachelor,Rent,Single,Auto,0,6904.86,4043.71,62.74,1
27,Male,64589.03,5382.42,Self-Employed,5,23509.91,24,661,1,0.276,0,High School,Rent,Divorced,Business,1,9454.14,6033.64,1117.7,0
59,Female,100563.45,8380.29,Salaried,11,318025.99,12,573,4,1.5,1,High School,Mortgage,Married,Home,0,0.0,2377.31,29156.62,1
58,Male,77392.32,6449.36,Self-Employed,24,206301.03,36,639,2,1.1209,1,Bachelor,Own,Single,Home,0,23284.23,9342.46,6951.1,1
41,Male,109288.8,9107.4,Salaried,4,15230.19,12,795,0,0.1439,1,PhD,Mortgage,Single,Auto,0,22654.91,5672.43,1310.81,0
40,Female,106965.27,8913.77,Self-Employed,16,175187.11,48,731,1,0.5061,1,High School,Own,Married,Business,0,42877.8,10050.97,4359.54,0
23,Male,69274.36,5772.86,Salaried,0,11837.88,36,754,2,0.1861,3,Bachelor,Rent,Married,Education,0,35871.7,8571.14,360.13,0
42,Male,57672.35,4806.03,Self-Employed,1,11455.82,48,639,2,0.1928,0,Bachelor,Own,Married,Education,0,19840.62,7997.12,307.33,0
67,Female,207382.25,17281.85,Self-Employed,15,205834.76,24,774,1,0.543,0,Master,Mortgage,Single,Personal,0,102558.13,31025.38,9122.72,0
24,Female,99170.08,8264.17,Self-Employed,0,362546.73,24,668,2,1.5,0,Bachelor,Rent,Divorced,Home,0,6790.02,3754.69,17236.13,1
48,Male,84150.58,7012.55,Salaried,19,25589.98,24,692,2,0.2522,0,High School,Own,Married,Auto,0,12833.5,8513.62,1169.07,0
32,Female,50262.86,4188.57,Salaried,1,80891.75,48,714,1,0.5209,0,High School,Mortgage,Single,Home,0,22215.36,13563.28,2012.99,0
58,Female,96070.22,8005.85,Salaried,0,17916.42,24,728,1,0.1247,0,Bachelor,Mortgage,Married,Auto,0,27707.5,4566.96,818.51,0
56,Male,152559.72,12713.31,Self-Employed,35,448374.79,60,713,1,0.7441,1,High School,Mortgage,Single,Home,0,42217.61,17453.86,9307.52,0
67,Male,73794.45,6149.54,Salaried,2,25986.99,12,655,0,0.3774,0,High School,Mortgage,Single,Auto,1,15792.49,8120.82,2321.09,0
61,Male,199322.67,16610.22,Salaried,33,671694.93,36,771,1,1.2414,2,Bachelor,Own,Married,Home,0,0.0,2413.34,20434.26,1
25,Female,57614.88,4801.24,Self-Employed,3,36088.56,48,505,2,0.3818,0,Bachelor,Rent,Single,Education,0,3192.6,3807.47,1060.1,0
33,Male,100772.43,8397.7,Salaried,7,38025.79,36,636,1,0.1808,4,Bachelor,Own,Married,Auto,1,0.0,1890.54,1281.24,1
43,Female,5823.85,485.32,Unemployed,0,2407.76,12,506,1,1.1594,1,High School,Own,Single,Education,2,9477.49,1856.34,220.74,1
50,Female,79055.87,6587.99,Salaried,25,56540.36,60,829,1,0.2012,2,Bachelor,Rent,Married,Auto,0,2118.27,2344.54,1093.08,0
57,Female,6965.03,580.42,Student,0,4716.28,36,850,1,0.9145,3,Bachelor,Rent,Single,Education,0,3919.24,5263.3,143.48,0
45,Female,52212.78,4351.06,Salaried,12,140169.32,60,813,1,0.7001,3,High School,Mortgage,Married,Home,0,21424.87,3766.74,2709.87,0
68,Female,89097.48,7424.79,Salaried,26,209593.34,24,802,0,1.2511,1,Bachelor,Mortgage,Single,Home,0,2495.54,3076.72,9289.3,0
47,Male,80078.85,6673.24,Salaried,17,61305.91,36,641,1,0.3617,0,High School,Mortgage,Single,Business,0,18306.11,5673.83,2065.64,0
34,Male,116932.07,9744.34,Self-Employed,4,56361.32,24,584,0,0.275,1,Master,Rent,Married,Personal,0,0.0,648.38,2679.52,0
68,Female,123481.74,10290.14,Salaried,24,73202.08,48,740,0,0.177,1,Bachelor,Rent,Married,Education,0,13371.81,8663.65,1821.64,0
67,Male,98534.8,8211.23,Salaried,11,138851.13,36,715,0,0.5377,0,Bachelor,Own,Married,Business,0,45945.15,8716.36,4415.43,0
56,Male,7494.92,624.58,Unemployed,0,21420.46,24,565,0,1.5,0,High School,Mortgage,Married,Home,0,3671.42,4881.43,1069.4,1
59,Female,70735.12,5894.59,Salaried,32,48341.71,24,713,1,0.4146,0,High School,Rent,Divorced,Business,0,34063.47,6047.83,2208.48,0
36,Female,124286.91,10357.24,Self-Employed,14,190383.75,36,532,0,0.6645,0,Bachelor,Mortgage,Single,Home,0,48522.19,25383.37,6882.83,0
42,Male,119782.57,9981.88,Self-Employed,8,87738.59,60,618,2,0.2529,0,Bachelor,Own,Married,Education,1,59850.51,32029.46,1996.32,0
41,Female,68738.1,5728.18,Salaried,0,21436.26,36,631,2,0.2165,1,High School,Rent,Married,Education,0,26143.01,4854.59,722.27,0
41,Male,67332.19,5611.02,Self-Employed,17,22929.34,12,693,2,0.423,0,High School,Rent,Married,Personal,0,33578.39,11417.41,2005.2,0
28,Female,116009.08,9667.42,Salaried,6,31854.34,48,596,0,0.0884,1,Bachelor,Mortgage,Married,Education,0,0.0,2200.2,854.57,0
69,Male,172539.25,14378.27,Salaried,27,560774.65,48,705,0,0.9706,2,Bachelor,Mortgage,Divorced,Home,0,75778.4,47030.66,13954.9,0
36,Female,54151.15,4512.6,Salaried,2,145122.66,12,654,0,1.5,1,High School,Rent,Married,Home,0,13966.15,8404.58,12961.96,1
51,Male,127760.0,10646.67,Self-Employed,5,95328.85,36,692,2,0.3454,4,Bachelor,Own,Divorced,Education,0,18538.71,6472.92,3031.43,0
62,Female,201601.21,16800.1,Salaried,35,122464.51,60,735,0,0.1513,0,Bachelor,Mortgage,Single,Personal,0,7217.65,5864.01,2542.16,0
30,Male,83142.66,6928.56,Salaried,7,62303.33,48,637,1,0.2733,3,Bachelor,Mortgage,Married,Auto,0,0.0,4040.75,1671.44,0
52,Male,130996.76,10916.4,Self-Employed,11,98802.68,60,708,3,0.2811,0,Bachelor,Rent,Single,Personal,0,41368.89,18097.23,2050.98,0
54,Male,127009.3,10584.11,Salaried,4,383888.42,12,638,1,1.5,3,Bachelor,Mortgage,Single,Home,0,46314.87,18625.88,34287.87,0
29,Male,11181.78,931.82,Unemployed,0,3996.78,24,536,1,0.5925,0,High School,Mortgage,Married,Auto,0,9704.83,5952.41,199.54,1
37,Male,109539.97,9128.33,Salaried,12,92247.17,24,667,0,0.4804,2,High School,Mortgage,Married,Auto,0,2199.5,3488.79,4385.6,0
31,Male,49987.01,4165.58,Salaried,3,29500.9,60,763,1,0.1845,0,Bachelor,Mortgage,Single,Personal,0,6074.93,2343.03,570.34,0
52,Female,84909.93,7075.83,Self-Employed,5,156637.04,24,751,1,1.0262,1,Bachelor,Mortgage,Single,Business,0,1839.58,4544.18,6942.25,0
30,Female,75547.83,6295.65,Salaried,2,298989.71,24,547,1,1.5,0,Bachelor,Mortgage,Married,Home,1,0.0,2432.2,14926.79,1
42,Male,106057.39,8838.12,Salaried,5,35924.97,48,723,4,0.2187,2,Master,Mortgage,Married,Education,0,15696.38,9310.72,893.99,0
37,Female,3784.91,315.41,Unemployed,0,2287.03,36,608,0,0.1541,1,Master,Mortgage,Single,Auto,0,5345.57,3930.21,77.06,0
24,Male,69274.35,5772.86,Salaried,1,8415.84,24,699,2,0.1642,3,High School,Rent,Single,Auto,0,18704.97,14738.37,384.48,0
68,Female,164231.02,13685.92,Salaried,10,117117.77,12,670,0,0.7643,1,Master,Rent,Married,Personal,0,463.45,2068.81,10460.64,0
67,Male,169216.53,14101.38,Salaried,26,145585.83,12,850,1,0.9144,1,Bachelor,Mortgage,Married,Education,0,71970.91,30535.68,12530.05,0
45,Female,87110.49,7259.21,Self-Employed,21,17686.88,24,628,2,0.1968,0,High School,Rent,Single,Auto,0,9979.0,2885.0,840.87,0
41,Male,168819.18,14068.26,Salaried,13,76862.27,24,693,1,0.2622,2,PhD,Rent,Single,Education,0,49290.57,9863.85,3511.43,0
57,Female,303605.09,25300.42,Salaried,34,174476.94,36,845,0,0.2098,0,Master,Mortgage,Single,Personal,0,21464.89,15066.23,5307.93,0
58,Male,143756.91,11979.74,Salaried,3,18180.67,36,705,0,0.0483,2,PhD,Own,Divorced,Personal,0,43208.18,24698.9,578.14,0
69,Male,112980.5,9415.04,Salaried,26,12759.03,36,697,1,0.0544,0,High School,Own,Married,Auto,0,3610.47,1444.68,405.73,0
21,Male,30000.16,2500.01,Salaried,0,121059.71,24,715,2,1.5,1,High School,Mortgage,Single,Home,0,10091.72,5705.23,5530.58,0
45,Female,6714.84,559.57,Unemployed,0,18517.24,60,586,1,1.169,1,Bachelor,Own,Married,Home,0,5402.14,4347.57,421.32,1
56,Female,75637.8,6303.15,Salaried,15,35894.01,12,718,0,0.498,0,Bachelor,Mortgage,Single,Auto,0,21259.25,5944.4,3138.98,0
37,Female,34337.69,2861.47,Salaried,6,51350.11,36,602,2,0.7894,2,High School,Mortgage,Single,Business,1,5611.33,5349.44,1730.19,1
61,Female,166501.3,13875.11,Salaried,10,245346.24,60,659,0,0.4023,0,Master,Rent,Divorced,Business,0,40164.47,24755.37,5582.38,0
44,Female,4748.14,395.68,Unemployed,0,3816.06,36,617,1,0.9116,0,Bachelor,Rent,Divorced,Business,0,5350.48,3655.14,128.58,1
22,Female,114274.18,9522.85,Salaried,1,30291.45,12,630,0,0.2841,4,Bachelor,Mortgage,Married,Education,0,4133.49,3464.04,2705.55,0
60,Male,99494.9,8291.24,Salaried,5,39387.78,48,642,1,0.1689,0,Bachelor,Rent,Married,Auto,1,37738.86,22007.11,1056.68,0
35,Female,109935.56,9161.3,Salaried,7,390994.68,24,645,0,1.5,2,Bachelor,Mortgage,Single,Home,0,3256.68,3808.02,18588.6,1
52,Male,6968.23,580.69,Student,0,2000.0,36,644,1,0.7268,1,High School,Own,Divorced,Education,1,10457.73,5308.89,67.39,1
59,Female,91188.02,7599.0,Salaried,4,46832.72,24,717,1,0.2994,2,PhD,Rent,Married,Personal,0,29571.29,18529.77,2139.54,0
26,Female,76905.64,6408.8,Salaried,0,43586.47,36,670,3,0.3681,0,Bachelor,Rent,Single,Personal,0,23685.54,7541.02,1468.6,0
21,Female,71278.06,5939.84,Salaried,0,34912.19,60,692,0,0.122,1,High School,Mortgage,Married,Personal,0,26407.2,8408.39,724.72,0
67,Female,66689.41,5557.45,Salaried,5,248172.07,12,659,0,1.5,0,Master,Rent,Divorced,Home,0,39232.92,23714.54,22166.05,1
43,Female,151225.76,12602.15,Self-Employed,5,92125.05,24,608,1,0.3708,1,PhD,Mortgage,Divorced,Education,0,79838.0,14013.2,4379.79,0
59,Female,72665.91,6055.49,Self-Employed,1,222519.98,24,622,0,1.5,4,Master,Rent,Married,Home,0,37328.95,6795.02,10579.01,0
37,Male,158966.03,13247.17,Salaried,6,96027.48,36,642,0,0.2442,0,Master,Mortgage,Married,Personal,0,36569.96,21165.57,3235.55,0
54,Male,198567.39,16547.28,Salaried,31,379800.5,48,669,0,0.6158,2,Bachelor,Rent,Single,Business,0,27817.54,12583.55,10189.1,0
61,Female,78831.26,6569.27,Salaried,8,153583.58,36,636,1,0.8275,0,Master,Rent,Married,Business,0,11784.04,10260.85,5174.84,0
49,Female,87074.3,7256.19,Salaried,14,128306.95,36,807,0,0.5379,0,High School,Rent,Married,Business,0,30021.49,9158.79,3903.35,0
29,Male,129073.21,10756.1,Self-Employed,4,375654.11,36,650,0,1.1768,0,Bachelor,Rent,Single,Home,0,27758.91,9977.64,12657.27,1
33,Male,89448.1,7454.01,Salaried,4,278248.02,24,631,0,1.5,0,Bachelor,Mortgage,Married,Home,1,48765.82,32595.85,13228.42,1
26,Male,43985.14,3665.43,Salaried,3,55808.68,36,642,0,0.513,0,High School,Rent,Divorced,Home,0,12995.54,8917.26,1880.41,0
26,Male,56735.77,4727.98,Salaried,4,8802.45,24,664,4,0.316,0,Bachelor,Mortgage,Single,Education,0,10939.77,5267.15,418.48,0
40,Female,11896.42,991.37,Unemployed,0,14650.43,36,586,2,0.9448,2,Bachelor,Rent,Married,Business,1,6482.04,5115.27,493.63,1
23,Female,7638.16,636.51,Unemployed,0,20416.07,48,533,0,0.9422,0,Bachelor,Mortgage,Married,Home,2,4674.11,4340.21,599.72,1
37,Female,50732.51,4227.71,Salaried,4,35667.14,60,747,2,0.3436,0,High School,Own,Married,Auto,0,6765.13,4670.29,740.39,0
69,Female,117147.69,9762.31,Salaried,16,261728.73,24,734,1,1.2411,0,Master,Rent,Married,Home,0,41882.17,18781.29,11957.01,1
32,Female,14501.99,1208.5,Student,0,8336.82,36,643,0,0.2324,2,High School,Mortgage,Single,Education,0,1880.84,2846.56,280.9,1
68,Male,206246.25,17187.19,Salaried,36,36556.72,48,821,0,0.05,0,Bachelor,Mortgage,Married,Personal,0,74197.35,17071.43,858.54,0
67,Male,107072.09,8922.67,Salaried,23,63092.27,60,850,2,0.1738,3,Master,Mortgage,Single,Auto,0,0.0,1736.59,1219.75,0
65,Male,92308.69,7692.39,Self-Employed,30,64545.97,60,699,0,0.1742,0,Bachelor,Own,Married,Education,0,27473.84,15190.7,1339.87,0
21,Male,107957.69,8996.47,Salaried,0,50402.68,36,679,1,0.2132,0,Bachelor,Mortgage,Married,Auto,0,37495.88,6574.73,1602.79,0
37,Male,65345.23,5445.44,Salaried,2,129781.59,36,586,2,0.887,0,High School,Rent,Single,Business,0,31269.8,12371.48,4372.85,0
23,Male,3034.3,252.86,Unemployed,0,12091.27,36,577,1,1.5,0,Bachelor,Mortgage,Single,Home,0,7920.73,4630.5,437.13,1
46,Male,185420.19,15451.68,Salaried,8,56258.83,24,760,1,0.1718,2,PhD,Mortgage,Single,Personal,0,22338.3,5159.81,2493.43,0
35,Male,121364.96,10113.75,Self-Employed,8,185443.65,36,527,0,0.6629,1,Master,Rent,Single,Home,1,44022.11,27312.97,6704.23,1
56,Female,108251.03,9020.92,Salaried,3,63090.42,48,617,1,0.2204,0,Bachelor,Rent,Single,Education,0,0.0,1136.34,1692.56,0
52,Male,7737.13,644.76,Student,0,16098.33,48,809,0,0.5864,0,High School,Mortgage,Married,Business,0,6732.8,4322.0,378.07,0
52,Female,97113.15,8092.76,Salaried,30,48730.76,12,653,1,0.5779,0,High School,Mortgage,Divorced,Personal,1,49966.3,17700.41,4352.5,0
24,Male,3673.91,306.16,Unemployed,0,13032.83,60,602,1,0.8555,3,High School,Mortgage,Divorced,Home,0,5041.24,5421.29,296.54,1
38,Female,79011.46,6584.29,Salaried,10,188770.29,36,707,0,0.9117,2,Bachelor,Mortgage,Divorced,Home,0,7496.81,2809.55,6002.84,0
69,Female,56510.53,4709.21,Salaried,16,90825.51,12,767,0,1.5,1,High School,Own,Married,Business,0,1119.87,2172.32,7817.03,0
39,Female,39846.8,3320.57,Salaried,13,85225.82,36,728,2,0.898,1,High School,Mortgage,Single,Home,0,14210.37,6287.15,2710.16,0
63,Female,2461.66,205.14,Unemployed,0,11296.92,24,682,0,1.0322,3,Bachelor,Mortgage,Married,Home,0,5015.82,3305.39,516.1,1
55,Male,136233.68,11352.81,Salaried,9,457441.86,24,707,1,1.5,1,Bachelor,Mortgage,Married,Home,0,34595.35,4408.7,20898.11,0
60,Male,10038.04,836.5,Unemployed,0,4912.97,60,604,1,0.3145,3,Bachelor,Rent,Single,Auto,0,3717.45,3360.12,111.79,0
34,Male,74323.79,6193.65,Salaried,4,247944.23,12,614,1,1.5,1,Master,Rent,Married,Home,0,4714.02,2832.86,22145.7,0
53,Male,157665.86,13138.82,Self-Employed,20,635505.4,48,625,0,1.2976,0,Bachelor,Own,Married,Home,0,70372.08,35870.66,17049.02,0
34,Male,108371.05,9030.92,Salaried,4,57451.13,60,650,2,0.1973,2,Bachelor,Own,Divorced,Education,0,50030.79,6944.34,1307.19,0
54,Female,66152.94,5512.74,Salaried,15,29316.38,24,668,2,0.3076,1,Bachelor,Own,Married,Auto,0,32150.26,19059.91,1393.75,0
24,Female,44140.76,3678.4,Salaried,0,38664.84,36,681,1,0.4108,2,Bachelor,Rent,Divorced,Personal,0,157.69,1546.13,1229.53,0
44,Female,72285.2,6023.77,Salaried,9,15174.59,36,704,4,0.171,0,High School,Mortgage,Single,Education,0,19559.5,9101.02,482.55,0
49,Female,62938.84,5244.9,Salaried,11,27511.29,12,621,0,0.4685,1,High School,Mortgage,Single,Education,0,5405.09,5100.02,2457.23,0
39,Female,100748.86,8395.74,Self-Employed,17,145997.17,36,600,0,0.5859,0,High School,Rent,Divorced,Business,0,33748.58,12820.09,4919.22,0
26,Female,79326.62,6610.55,Salaried,0,280572.77,12,685,0,1.5,0,Bachelor,Rent,Single,Home,0,34575.49,7697.86,24536.5,0
53,Female,112576.58,9381.38,Salaried,28,11363.21,12,596,0,0.1082,2,Master,Mortgage,Single,Auto,0,37371.95,7031.2,1014.93,0
69,Male,325511.6,27125.97,Salaried,30,175093.44,12,736,0,0.5645,1,PhD,Rent,Married,Auto,0,79552.85,32226.78,15312.18,0
60,Male,67576.13,5631.34,Salaried,23,46078.4,24,683,1,0.4242,1,High School,Own,Divorced,Personal,0,27985.13,7488.36,2105.08,0
39,Female,5126.0,427.17,Unemployed,0,2666.07,36,595,1,0.5824,4,PhD,Mortgage,Single,Auto,0,4938.07,3531.13,89.83,0
21,Female,92729.2,7727.43,Salaried,0,48785.5,48,709,0,0.1571,2,Bachelor,Mortgage,Single,Auto,0,8406.96,6804.4,1214.03,0
25,Female,142380.38,11865.03,Self-Employed,3,22073.15,36,606,0,0.0627,1,Master,Mortgage,Married,Auto,0,14643.83,9384.57,743.73,0
47,Male,60898.65,5074.89,Salaried,11,51688.45,24,691,0,0.4653,1,High School,Own,Married,Personal,0,19875.52,13209.71,2361.37,0
36,Female,32996.72,2749.73,Salaried,3,28505.97,24,614,1,0.5353,0,High School,Mortgage,Single,Education,0,20322.78,9446.05,1355.23,0
26,Male,114270.56,9522.55,Salaried,5,9548.09,60,675,1,0.0572,2,Bachelor,Mortgage,Divorced,Auto,0,52549.93,28969.77,198.2,0
60,Male,175386.9,14615.58,Salaried,7,408263.32,36,602,1,0.9631,0,Master,Rent,Married,Home,0,15598.41,4762.55,13756.0,0
33,Male,84930.1,7077.51,Salaried,4,44083.92,36,654,1,0.2437,2,High School,Mortgage,Divorced,Personal,0,9892.82,7452.03,1485.36,0
68,Male,98139.23,8178.27,Salaried,35,53010.68,24,708,1,0.3291,0,High School,Rent,Single,Business,0,19960.9,5423.47,2421.78,0
55,Male,67376.03,5614.67,Salaried,2,22838.98,36,725,1,0.1885,0,Master,Mortgage,Married,Education,0,38677.34,8337.75,726.27,0
39,Male,161017.99,13418.17,Salaried,3,125924.37,48,755,1,0.2384,0,Master,Rent,Divorced,Auto,0,5104.42,6255.33,2957.34,0
32,Male,5997.66,499.8,Unemployed,0,2199.36,24,523,1,0.8103,1,High School,Mortgage,Married,Auto,2,6358.34,4245.59,109.8,1
36,Male,53418.06,4451.5,Salaried,5,22844.47,24,687,2,0.344,0,Bachelor,Mortgage,Single,Education,0,4928.66,3096.63,1043.64,0
63,Female,95882.97,7990.25,Self-Employed,7,348937.36,24,770,1,1.5,0,Bachelor,Mortgage,Divorced,Home,0,47019.78,12881.58,15465.12,0
30,Female,64218.78,5351.56,Salaried,6,134210.97,24,657,0,1.1923,1,Bachelor,Rent,Married,Home,0,32093.78,12523.59,6380.63,0
45,Male,71843.41,5986.95,Self-Employed,3,157047.86,12,711,2,1.5,0,Bachelor,Mortgage,Married,Home,0,36657.97,8700.4,13734.07,0
40,Male,105825.19,8818.77,Salaried,18,217562.7,48,666,0,0.6618,0,Bachelor,Own,Single,Business,0,51834.25,22379.39,5836.66,0
51,Female,156165.12,13013.76,Salaried,10,102413.16,60,700,0,0.1634,0,Bachelor,Rent,Married,Education,0,8979.7,4071.37,2125.93,0
24,Female,92300.57,7691.71,Salaried,2,31516.74,60,606,0,0.0932,2,Bachelor,Rent,Divorced,Education,0,37074.31,16891.97,717.1,0
64,Male,142819.59,11901.63,Salaried,23,48871.45,48,773,1,0.1268,1,Bachelor,Rent,Married,Personal,0,50171.15,15508.65,1147.75,0
43,Female,7137.52,594.79,Unemployed,0,2000.0,36,618,0,0.1133,3,Bachelor,Rent,Single,Auto,0,6681.61,3892.61,67.39,0
22,Female,86118.92,7176.58,Salaried,1,51173.31,24,565,1,0.3831,0,Bachelor,Mortgage,Single,Auto,0,20810.88,6972.08,2554.78,0
42,Male,10727.55,893.96,Unemployed,0,18579.19,12,634,1,1.5,0,Bachelor,Mortgage,Single,Home,0,2958.47,5435.45,1659.44,1
57,Male,3459.82,288.32,Unemployed,0,2000.0,36,631,1,0.4193,0,High School,Rent,Single,Education,0,4989.71,2213.47,67.39,0
28,Male,98966.97,8247.25,Salaried,5,36244.02,48,672,1,0.1364,4,Bachelor,Own,Married,Personal,0,10291.3,6438.08,901.93,0
27,Female,69063.36,5755.28,Salaried,3,26734.71,36,517,0,0.1679,1,Bachelor,Rent,Single,Education,1,30114.19,10078.33,966.52,0
34,Male,7714.02,642.84,Unemployed,0,5312.77,48,569,2,0.6175,1,Bachelor,Rent,Single,Education,0,3757.56,3480.6,156.06,1
23,Male,76329.82,6360.82,Salaried,0,26292.09,60,549,1,0.1487,3,Bachelor,Mortgage,Single,Auto,0,0.0,1971.86,667.65,0
36,Male,42394.73,3532.89,Self-Employed,15,16759.19,36,703,0,0.1509,0,High School,Rent,Married,Education,0,15861.94,11454.95,532.94,0
39,Female,7824.65,652.05,Unemployed,0,3024.43,12,677,0,0.4056,0,Bachelor,Rent,Married,Education,1,9247.23,4858.25,264.49,0
38,Female,123339.81,10278.32,Self-Employed,9,17524.26,12,656,1,0.1812,2,Bachelor,Rent,Married,Education,0,45026.59,7408.56,1565.22,0
36,Female,104439.95,8703.33,Self-Employed,10,58729.9,12,750,1,0.6285,2,Master,Mortgage,Divorced,Auto,0,58564.38,17178.43,5136.02,0
28,Female,45515.15,3792.93,Self-Employed,0,7885.09,24,593,0,0.0988,2,Bachelor,Rent,Single,Education,0,6784.55,1810.69,374.87,0
53,Male,58354.85,4862.9,Self-Employed,16,27489.27,24,744,4,0.4213,2,High School,Rent,Married,Auto,0,10894.6,4153.8,1255.84,0
69,Female,238646.7,19887.23,Salaried,45,86473.13,12,734,1,0.386,1,Bachelor,Mortgage,Single,Auto,0,34622.96,4732.97,7562.2,0
32,Female,104629.62,8719.14,Salaried,2,66315.97,24,642,0,0.3616,3,Master,Mortgage,Single,Auto,0,0.0,593.45,3152.78,0
31,Male,135165.17,11263.76,Self-Employed,8,20165.83,24,750,0,0.0818,1,Bachelor,Mortgage,Married,Personal,0,0.0,1852.45,921.27,0
25,Female,4849.88,404.16,Unemployed,0,6585.82,24,653,2,1.5,0,Bachelor,Rent,Married,Business,0,4416.32,4179.36,313.1,1
47,Female,114192.93,9516.08,Salaried,19,34883.25,36,705,0,0.1166,1,Bachelor,Rent,Single,Education,0,19903.29,12234.33,1109.28,0
32,Female,104861.11,8738.43,Salaried,9,58891.78,12,636,0,0.6019,2,Bachelor,Rent,Single,Personal,0,46080.46,16045.77,5260.05,0
37,Male,78721.38,6560.12,Salaried,16,237151.59,36,660,0,1.2181,2,High School,Mortgage,Married,Home,1,29573.38,16204.64,7990.57,1
26,Female,7477.61,623.13,Unemployed,0,4038.03,24,504,1,0.6795,0,Bachelor,Mortgage,Married,Business,2,7664.46,4763.38,201.6,1
53,Female,175411.08,14617.59,Salaried,29,642479.92,48,639,0,1.1791,0,Master,Mortgage,Married,Home,0,19534.3,10368.49,17236.13,0
25,Male,96667.31,8055.61,Salaried,4,159092.92,12,617,0,1.5,0,PhD,Mortgage,Married,Business,0,0.0,2168.46,14209.75,1
48,Male,10033.16,836.1,Unemployed,0,23069.87,24,702,0,1.2605,4,Bachelor,Rent,Divorced,Home,1,1339.92,0.0,1053.94,1
34,Male,102466.1,8538.84,Salaried,13,224506.54,24,660,2,1.3188,0,PhD,Mortgage,Single,Home,0,18123.49,4197.64,10673.45,0
25,Female,8697.05,724.75,Student,0,5351.47,12,638,2,1.287,1,Bachelor,Rent,Single,Personal,0,4772.07,2371.39,477.98,1
53,Female,5874.02,489.5,Student,0,18428.82,36,582,2,1.5,1,Bachelor,Rent,Single,Home,0,3273.0,3719.9,620.94,1
68,Male,9363.28,780.27,Unemployed,0,5907.84,60,720,0,0.1572,3,Bachelor,Mortgage,Married,Personal,1,9306.33,5300.63,122.64,1
61,Male,96937.47,8078.12,Salaried,31,404315.27,12,643,0,1.5,2,High School,Rent,Single,Home,0,19877.13,12782.55,36112.34,1
39,Male,47704.47,3975.37,Salaried,5,28625.78,36,801,1,0.2604,3,Bachelor,Rent,Divorced,Auto,0,6274.56,1915.78,870.85,0
42,Female,46645.9,3887.16,Self-Employed,2,171662.75,48,711,1,1.1608,1,Bachelor,Own,Married,Home,0,13101.76,9358.04,4271.83,0
25,Male,69859.86,5821.66,Salaried,0,62635.78,48,665,1,0.3181,3,Master,Own,Single,Business,0,10096.5,3064.14,1680.36,0
22,Female,100379.41,8364.95,Salaried,1,87835.15,24,683,0,0.4797,0,Bachelor,Mortgage,Single,Auto,0,19418.36,10149.36,4012.73,0
50,Female,9991.88,832.66,Unemployed,0,2259.16,24,603,0,0.129,1,Bachelor,Rent,Married,Auto,0,2306.34,1603.55,107.4,0
67,Female,291839.45,24319.95,Salaried,40,1112505.93,24,701,3,1.5,2,Bachelor,Mortgage,Single,Home,0,0.0,1441.38,50824.55,1
59,Male,41491.7,3457.64,Salaried,3,124181.65,24,761,0,1.5,0,High School,Rent,Divorced,Home,0,12443.22,7748.55,5503.81,0
24,Male,47076.71,3923.06,Salaried,3,136368.65,12,693,1,1.5,3,Bachelor,Rent,Married,Home,0,13117.11,5326.48,11925.64,0
53,Male,126867.19,10572.27,Self-Employed,29,286974.83,24,644,1,1.3176,0,Bachelor,Rent,Single,Home,0,5569.45,4805.81,13643.31,1
33,Male,3788.2,315.68,Unemployed,0,13039.83,24,737,2,1.5,0,High School,Mortgage,Married,Home,0,7347.67,5691.91,595.72,1
40,Male,112566.08,9380.51,Salaried,6,125068.04,60,662,2,0.3663,0,Bachelor,Own,Single,Business,0,7874.06,3463.61,2845.68,0
27,Female,110193.03,9182.75,Salaried,0,51905.41,36,658,1,0.2228,1,Bachelor,Mortgage,Married,Education,0,41793.1,7807.04,1748.9,0
35,Male,88124.85,7343.74,Salaried,13,191941.83,36,561,3,1.021,0,Bachelor,Own,Single,Home,0,5726.34,4378.98,6939.16,0
43,Male,135895.83,11324.65,Salaried,16,362375.46,48,688,0,0.7963,0,Master,Rent,Married,Home,0,10555.37,6932.36,9017.73,0
34,Male,68940.41,5745.03,Salaried,2,44398.49,24,807,1,0.3696,3,Bachelor,Mortgage,Married,Auto,0,11395.19,7273.26,1967.77,0
43,Male,179117.9,14926.49,Salaried,19,684069.46,12,725,0,1.5,3,Bachelor,Own,Married,Home,0,10095.13,8258.06,59822.88,0
39,Female,132596.32,11049.69,Salaried,16,299364.84,48,736,0,0.6742,0,Bachelor,Mortgage,Married,Home,0,67464.79,26957.62,7449.71,0
49,Male,141501.73,11791.81,Salaried,23,77818.96,24,698,1,0.3297,1,High School,Rent,Single,Business,0,10256.76,6718.25,3555.14,0
40,Male,58612.43,4884.37,Self-Employed,1,59393.42,24,676,1,0.6283,1,High School,Own,Married,Business,0,14561.43,8353.14,2713.37,0
49,Female,122999.98,10250.0,Salaried,26,32079.04,12,788,0,0.2694,0,High School,Mortgage,Married,Education,0,46333.13,9792.59,2760.93,0
44,Male,2891.67,240.97,Unemployed,0,2000.0,12,676,4,1.5,1,High School,Rent,Married,Personal,0,5039.14,1755.67,174.9,1
38,Male,84197.46,7016.46,Self-Employed,4,32109.47,36,632,0,0.1542,1,High School,Rent,Divorced,Auto,0,0.0,63.11,1081.89,0
30,Male,67683.39,5640.28,Self-Employed,5,277110.98,36,645,1,1.5,1,High School,Rent,Single,Home,1,30570.82,6435.7,9336.96,1
61,Male,93856.62,7821.38,Salaried,21,12590.14,24,761,1,0.087,2,High School,Mortgage,Married,Education,0,13688.42,10258.03,558.0,0
28,Male,5874.04,489.5,Unemployed,0,15746.75,24,541,0,1.5,1,Bachelor,Rent,Married,Home,0,8818.08,4977.95,786.14,1
46,Male,2770.5,230.88,Unemployed,0,2000.0,48,611,2,1.5,0,PhD,Mortgage,Married,Education,0,5773.76,6052.38,53.65,1
49,Female,76001.64,6333.47,Salaried,5,46059.53,12,676,0,0.636,1,Master,Own,Married,Personal,0,24607.28,11768.63,4027.97,0
30,Male,25584.76,2132.06,Salaried,0,11178.23,36,672,2,0.4072,1,High School,Own,Single,Education,0,16486.58,11243.18,355.46,0
37,Female,121394.09,10116.17,Salaried,2,336230.11,12,709,1,1.5,2,Bachelor,Mortgage,Married,Home,0,56141.3,19959.76,29403.82,0
22,Female,133774.12,11147.84,Salaried,1,78851.26,60,655,0,0.1609,1,Master,Mortgage,Single,Personal,0,55931.86,31532.99,1794.11,0
26,Female,77847.12,6487.26,Salaried,5,33557.86,60,714,0,0.1074,2,High School,Mortgage,Married,Education,0,20309.73,10476.48,696.61,0
25,Male,127929.38,10660.78,Salaried,1,120059.41,24,718,0,0.5145,0,Master,Mortgage,Married,Business,0,4926.28,4692.98,5484.88,0
48,Male,109235.77,9102.98,Salaried,12,75143.36,36,728,0,0.2625,1,Bachelor,Own,Single,Education,0,50939.49,22612.54,2389.54,0
61,Female,127050.59,10587.55,Salaried,29,72829.65,12,743,1,0.6219,2,Master,Mortgage,Married,Business,0,1381.46,1276.51,6369.06,0
25,Female,2722.69,226.89,Unemployed,0,2078.41,24,617,0,0.1976,2,Master,Rent,Single,Auto,0,5345.93,4454.69,98.81,0
38,Female,106228.07,8852.34,Self-Employed,0,47989.16,24,718,0,0.2477,1,Bachelor,Rent,Married,Auto,0,42107.89,8409.01,2192.37,0
46,Male,5003.14,416.93,Student,0,13194.79,24,567,0,1.3175,0,Bachelor,Mortgage,Married,Home,0,7148.47,3380.67,658.74,1
40,Female,105521.05,8793.42,Salaried,19,106460.27,36,640,0,0.4079,2,High School,Mortgage,Married,Business,0,18187.5,11008.65,3587.07,0
61,Male,65457.55,5454.8,Salaried,4,28651.42,36,685,1,0.198,0,High School,Mortgage,Divorced,Auto,0,0.0,2339.69,911.11,0
69,Male,108132.34,9011.03,Self-Employed,11,45247.93,24,636,2,0.2766,0,Bachelor,Mortgage,Married,Personal,0,44820.79,21647.93,2151.17,0
47,Male,103246.54,8603.88,Self-Employed,10,26274.08,48,642,0,0.0819,1,High School,Rent,Single,Auto,0,53926.09,26983.31,704.87,0
69,Male,67020.32,5585.03,Salaried,23,51852.69,12,744,1,0.871,0,High School,Rent,Divorced,Business,0,31871.74,20338.59,4534.59,0
32,Male,131099.22,10924.94,Salaried,9,145217.7,24,663,1,0.6564,0,Bachelor,Mortgage,Single,Business,0,55562.53,27683.91,6903.91,0
27,Female,8748.39,729.03,Unemployed,0,26807.41,12,562,0,1.5,0,Master,Own,Married,Home,0,9470.81,6768.4,2457.7,1
23,Female,76670.45,6389.2,Salaried,1,27059.12,12,715,0,0.3704,2,High School,Mortgage,Divorced,Education,0,1296.82,2298.72,2366.36,0
30,Female,91780.6,7648.38,Salaried,7,146154.06,48,699,1,0.5181,0,High School,Rent,Married,Home,0,44190.42,19467.58,3637.05,0
54,Male,99942.83,8328.57,Salaried,28,371438.84,24,683,2,1.5,1,Bachelor,Rent,Single,Home,0,9580.9,5022.2,16969.09,0
45,Female,5077.16,423.1,Unemployed,0,14786.65,24,572,2,1.5,2,Bachelor,Rent,Single,Home,0,4022.43,424.46,738.21,1
55,Male,124273.61,10356.13,Salaried,21,319946.55,48,668,2,0.8585,1,High School,Rent,Single,Home,1,47404.96,19987.2,8583.36,0
36,Male,116585.68,9715.47,Self-Employed,7,58106.31,48,779,4,0.3018,0,PhD,Rent,Single,Auto,0,43997.55,23687.15,1364.63,0
22,Male,65890.47,5490.87,Salaried,0,8392.35,24,598,0,0.0727,2,Bachelor,Own,Single,Auto,0,0.0,560.44,398.99,0
44,Male,87825.18,7318.76,Salaried,1,48859.47,60,717,1,0.1645,0,Bachelor,Own,Married,Auto,0,10830.34,8653.53,1014.24,0
30,Male,65900.66,5491.72,Salaried,6,196786.66,24,550,1,1.5,0,High School,Mortgage,Single,Home,0,30229.83,20165.4,9824.4,0
58,Male,136872.79,11406.07,Salaried,15,571260.71,24,682,1,1.5,0,Bachelor,Mortgage,Divorced,Home,0,67830.57,25692.58,26097.9,1
42,Female,12134.88,1011.24,Student,0,2639.64,36,554,0,0.0944,0,Master,Mortgage,Married,Personal,0,4623.06,1660.34,95.43,0
46,Female,88471.44,7372.62,Self-Employed,11,36425.54,48,633,2,0.1609,2,High School,Mortgage,Divorced,Auto,0,36067.6,7434.15,977.21,0
63,Male,118805.53,9900.46,Salaried,7,310841.4,36,746,1,1.0256,2,Bachelor,Mortgage,Single,Home,0,28335.08,14495.22,9884.67,0
59,Female,83533.9,6961.16,Salaried,3,26009.84,24,662,2,0.2083,0,High School,Mortgage,Married,Auto,1,18469.64,3648.63,1236.56,0
47,Female,162751.58,13562.63,Salaried,13,70005.91,12,626,4,0.4923,4,PhD,Mortgage,Single,Personal,0,74125.3,46138.19,6252.74,0
49,Female,2441.86,203.49,Unemployed,0,2000.0,60,662,0,0.091,0,High School,Own,Single,Personal,0,3658.84,1161.71,45.51,0
67,Female,112049.79,9337.48,Salaried,8,70408.8,24,758,3,0.4428,1,Master,Mortgage,Married,Auto,0,40349.46,20569.78,3120.56,0
58,Male,148215.47,12351.29,Salaried,10,90517.61,48,719,0,0.1824,2,Bachelor,Mortgage,Married,Personal,0,45105.28,24170.85,2252.53,0
40,Female,70006.67,5833.89,Salaried,15,37315.46,24,571,0,0.3193,2,Bachelor,Rent,Single,Auto,1,24278.0,8578.73,1862.94,0
47,Female,103224.8,8602.07,Salaried,5,236114.84,36,721,0,0.8729,0,Bachelor,Own,Single,Home,0,24820.1,10573.53,7508.39,0
61,Female,73852.91,6154.41,Salaried,15,19170.21,48,772,0,0.0732,2,High School,Rent,Single,Auto,0,21408.26,12207.56,450.21,0
40,Female,157794.58,13149.55,Salaried,12,172015.3,24,655,0,0.6219,0,Bachelor,Own,Married,Business,0,71242.27,43970.63,8177.92,0
64,Female,257143.19,21428.6,Salaried,35,1040711.24,12,619,0,1.5,0,Bachelor,Own,Divorced,Home,0,27209.9,18176.28,92953.49,1
39,Female,9852.45,821.04,Unemployed,0,18562.01,60,590,2,1.3577,1,High School,Own,Single,Home,0,5691.83,3688.73,422.34,1
40,Male,2985.2,248.77,Unemployed,0,9625.69,36,654,0,0.6487,2,Master,Mortgage,Single,Home,0,6409.56,4207.15,324.33,1
55,Male,43026.63,3585.55,Salaried,16,29837.95,24,730,1,0.4276,0,High School,Mortgage,Divorced,Personal,0,1630.52,3202.62,1363.14,0
67,Male,72571.27,6047.61,Salaried,13,19196.09,48,702,4,0.1662,0,Bachelor,Own,Single,Personal,0,34178.83,8300.48,477.7,0
22,Male,61636.8,5136.4,Salaried,0,13058.29,24,674,0,0.1161,0,Bachelor,Own,Married,Personal,0,15902.69,8174.34,596.56,0
50,Male,74143.19,6178.6,Self-Employed,25,177907.9,12,735,3,1.5,0,High School,Mortgage,Single,Home,0,24758.1,15364.59,15558.31,1
54,Female,106980.38,8915.03,Salaried,16,29168.92,12,675,1,0.3216,0,Bachelor,Rent,Married,Education,0,40211.72,6806.07,2550.87,0
42,Female,48230.78,4019.23,Salaried,0,13506.95,12,731,2,0.3757,3,Bachelor,Rent,Married,Auto,0,25279.24,14825.28,1181.2,0
23,Female,9525.03,793.75,Unemployed,0,18433.97,12,556,1,1.5,0,Bachelor,Own,Married,Home,0,2425.26,3377.81,1690.03,1
26,Female,113004.91,9417.08,Salaried,3,78368.3,36,710,1,0.2759,0,Bachelor,Mortgage,Single,Education,0,36865.43,15521.78,2492.09,0
35,Female,49397.63,4116.47,Salaried,0,79450.53,60,675,1,0.4853,1,High School,Rent,Single,Home,0,20740.67,14596.43,1649.26,0
47,Female,268000.92,22333.41,Salaried,21,728653.66,36,638,0,1.0993,2,Master,Rent,Single,Home,0,0.0,2169.69,24551.22,1
30,Female,48386.87,4032.24,Salaried,1,26892.05,24,524,2,0.4804,2,Bachelor,Rent,Married,Business,0,2808.75,1661.38,1342.56,0
29,Female,30290.69,2524.22,Self-Employed,0,8848.39,48,607,2,0.2232,2,High School,Own,Divorced,Education,0,6549.8,2814.84,237.38,0
53,Male,4003.99,333.67,Unemployed,0,10664.88,48,619,0,0.5722,0,Bachelor,Mortgage,Married,Home,0,6204.34,5043.18,286.11,0
52,Male,165974.21,13831.18,Salaried,31,65503.49,36,750,0,0.1506,2,High School,Rent,Single,Education,0,69075.35,22214.23,2082.99,0
68,Male,6164.98,513.75,Unemployed,0,16441.58,24,555,2,1.5,1,High School,Mortgage,Divorced,Home,0,5017.01,3006.44,820.83,1
26,Female,128169.52,10680.79,Salaried,5,42799.99,36,619,1,0.1613,1,Bachelor,Own,Single,Auto,0,31202.33,18132.52,1442.1,0
61,Female,70200.98,5850.08,Self-Employed,0,195727.81,36,611,2,1.1942,4,Master,Rent,Married,Home,0,7515.63,4819.83,6594.84,0
56,Male,242298.57,20191.55,Salaried,11,186281.26,24,612,0,0.4386,2,PhD,Rent,Married,Education,0,0.0,2360.46,8856.15,0
22,Male,60751.38,5062.62,Salaried,0,142604.01,12,724,2,1.5,2,Bachelor,Mortgage,Single,Home,1,17763.55,9553.06,12470.93,1
49,Female,140721.53,11726.79,Salaried,13,280314.11,24,708,0,1.092,0,Bachelor,Mortgage,Single,Home,0,65300.98,27236.51,12806.08,0
24,Female,115008.02,9584.0,Salaried,1,201317.01,36,770,2,0.6691,1,Bachelor,Own,Single,Business,0,47062.47,10076.24,6124.45,0
21,Male,11330.25,944.19,Unemployed,0,28176.57,24,523,1,1.5,3,Bachelor,Rent,Married,Home,0,9746.97,4536.29,1406.69,1
39,Female,95855.63,7987.97,Salaried,11,20582.57,24,727,0,0.1177,1,High School,Rent,Married,Education,0,24315.99,15952.4,940.31,0
46,Female,134800.5,11233.38,Salaried,24,418803.48,36,613,0,1.2562,0,PhD,Rent,Married,Home,1,10014.57,3023.45,14111.14,1
45,Female,8077.7,673.14,Unemployed,0,6268.42,36,668,1,0.6949,2,High School,Mortgage,Married,Business,0,3028.66,3738.66,211.21,1
30,Male,120190.34,10015.86,Salaried,5,70225.36,48,607,1,0.2007,0,Bachelor,Own,Married,Auto,0,58605.21,18954.9,1883.97,0
35,Male,93529.97,7794.16,Salaried,1,30336.51,48,649,2,0.1674,2,Master,Rent,Married,Education,0,19497.18,8404.0,813.85,0
42,Male,9311.88,775.99,Unemployed,0,18605.25,60,591,2,0.8924,3,Bachelor,Mortgage,Married,Home,0,6580.24,3546.99,423.33,1
68,Male,3381.13,281.76,Unemployed,0,2451.33,36,673,0,0.1559,1,High School,Own,Single,Business,0,9483.92,8386.12,77.95,0
41,Female,41959.44,3496.62,Salaried,6,24438.33,48,731,0,0.1739,1,High School,Rent,Single,Education,0,20524.11,14266.7,608.15,0
42,Male,147538.53,12294.88,Salaried,18,205896.9,12,726,0,1.4645,0,Bachelor,Mortgage,Married,Home,0,7845.52,3849.86,18005.99,0
56,Female,9371.11,780.93,Student,0,5582.2,24,714,0,0.3266,3,Bachelor,Rent,Married,Auto,0,9762.25,5064.4,255.02,0
54,Male,116356.7,9696.39,Salaried,29,15664.98,48,743,0,0.0402,1,Bachelor,Rent,Divorced,Personal,0,45498.68,13759.07,389.82,0
50,Female,91596.26,7633.02,Salaried,14,14017.56,48,689,1,0.0762,1,Bachelor,Rent,Single,Education,0,25009.69,7509.82,348.83,0
45,Male,173432.39,14452.7,Salaried,6,205827.34,24,732,1,0.6639,2,PhD,Mortgage,Single,Business,0,72550.62,17370.85,9403.17,0
65,Female,93128.18,7760.68,Salaried,13,105301.6,24,698,1,0.6495,0,High School,Rent,Single,Business,0,53878.49,23187.25,4810.68,0
48,Female,70053.8,5837.82,Salaried,8,146052.21,24,680,2,1.269,1,Bachelor,Mortgage,Single,Home,0,0.0,3235.84,6672.36,1
21,Female,109139.55,9094.96,Self-Employed,0,62258.54,24,613,0,0.3254,2,Bachelor,Mortgage,Married,Education,0,22660.79,9742.26,2959.88,0
69,Male,29474.37,2456.2,Salaried,4,128582.37,12,679,3,1.5,4,High School,Mortgage,Divorced,Home,0,18285.03,12101.21,11244.72,1
65,Male,9000.62,750.05,Unemployed,0,25068.62,36,671,0,1.0628,0,High School,Own,Married,Home,0,7187.0,1054.77,797.18,1
24,Female,79100.06,6591.67,Salaried,0,360727.7,36,708,0,1.5,0,Master,Rent,Married,Home,0,17848.0,5148.8,11471.04,1
27,Male,113507.69,9458.97,Salaried,4,199900.87,12,677,1,1.5,1,Master,Mortgage,Married,Business,0,48823.6,21459.94,17481.63,0
69,Male,102705.32,8558.78,Salaried,23,320600.83,36,647,0,1.2621,2,High School,Mortgage,Single,Home,0,33662.93,11201.32,10802.31,0
29,Male,135874.79,11322.9,Self-Employed,7,55309.1,12,704,1,0.4395,0,Master,Rent,Married,Education,0,36424.26,9230.12,4836.86,0
56,Female,109759.88,9146.66,Salaried,18,57293.64,36,684,0,0.1992,4,High School,Mortgage,Married,Education,0,5456.79,3536.53,1821.92,0
39,Female,142973.73,11914.48,Salaried,11,42207.94,36,718,1,0.1406,0,Bachelor,Rent,Single,Personal,0,19710.67,8441.52,1342.2,0
21,Male,5733.49,477.79,Student,0,2000.0,48,660,2,1.3266,0,High School,Rent,Married,Education,0,7706.71,3254.75,53.65,1
30,Male,12030.09,1002.51,Student,0,7333.72,36,726,2,0.7196,0,Master,Rent,Married,Business,0,12664.03,4530.08,233.21,0
56,Male,57539.68,4794.97,Salaried,7,10921.18,48,717,0,0.0567,3,High School,Own,Single,Personal,0,24455.31,12537.07,271.77,0
29,Female,126584.57,10548.71,Salaried,7,239129.95,36,682,2,0.791,0,Bachelor,Rent,Single,Home,0,60040.0,18138.47,7604.27,0
65,Male,206253.61,17187.8,Salaried,37,22187.37,48,828,0,0.0303,1,Bachelor,Rent,Single,Personal,0,923.73,137.17,521.07,0
66,Male,44900.81,3741.73,Salaried,19,181039.11,36,690,0,1.5,1,High School,Mortgage,Single,Home,1,11801.21,10770.25,5757.0,1
62,Female,8664.65,722.05,Unemployed,0,2399.95,12,708,1,0.8271,2,Bachelor,Mortgage,Single,Education,0,5404.13,2391.07,209.88,1
52,Female,142571.02,11880.92,Salaried,25,393535.53,24,738,0,1.5,0,High School,Rent,Married,Home,0,29496.85,5971.43,17978.57,0
52,Female,92712.41,7726.03,Salaried,28,96016.88,24,781,0,0.5508,2,Bachelor,Mortgage,Married,Business,0,30226.52,15338.74,4255.53,0
26,Female,74567.3,6213.94,Salaried,0,26891.57,24,575,0,0.2161,0,Bachelor,Rent,Married,Education,0,37370.54,12607.62,1342.54,0
68,Male,195898.51,16324.88,Salaried,33,62744.78,48,681,0,0.0956,3,Bachelor,Mortgage,Divorced,Auto,0,31160.49,15880.69,1561.41,0
58,Female,116905.08,9742.09,Self-Employed,17,70164.98,24,627,1,0.3658,2,Master,Rent,Married,Personal,0,27667.12,12176.75,3335.77,0
37,Male,8506.92,708.91,Unemployed,0,17122.11,36,521,2,1.5,0,Bachelor,Rent,Married,Home,0,3483.52,3288.87,619.01,1
30,Female,27489.92,2290.83,Salaried,0,4862.07,24,729,2,0.2067,4,High School,Mortgage,Married,Education,0,17668.3,11027.45,222.12,0
47,Male,147596.32,12299.69,Salaried,10,260559.41,36,696,0,0.6737,0,Bachelor,Rent,Married,Home,0,80208.42,42800.56,8285.72,0
55,Female,223489.73,18624.14,Salaried,34,539671.34,36,613,0,0.9763,2,Bachelor,Rent,Single,Home,0,24425.8,10301.38,18183.66,0
41,Female,309820.05,25818.34,Salaried,18,198020.85,60,586,0,0.1745,1,PhD,Mortgage,Single,Auto,0,133734.42,35853.75,4505.58,0
45,Male,80821.53,6735.13,Salaried,19,29066.84,36,690,0,0.1372,1,High School,Own,Married,Personal,0,33773.09,4601.54,924.32,0
48,Female,5342.04,445.17,Student,0,4302.56,48,681,1,0.4917,0,Bachelor,Rent,Married,Business,0,2686.01,3600.64,107.07,0
67,Male,188503.64,15708.64,Salaried,31,124594.4,48,629,2,0.2564,1,Master,Rent,Divorced,Auto,0,0.0,2481.65,3342.56,0
35,Male,109701.17,9141.76,Salaried,2,90397.72,12,638,0,0.8832,0,Master,Mortgage,Married,Education,0,0.0,3057.39,8074.08,1
24,Male,111998.01,9333.17,Salaried,1,21456.91,24,809,0,0.1019,1,Bachelor,Mortgage,Divorced,Personal,0,102.77,2276.98,950.98,0
49,Male,110645.32,9220.44,Salaried,15,26343.6,12,719,0,0.2499,0,High School,Mortgage,Single,Personal,0,37535.35,6369.7,2303.79,0
29,Male,65644.31,5470.36,Salaried,5,96162.45,12,613,2,1.5,2,High School,Mortgage,Married,Business,0,16875.09,9950.31,8588.97,1
47,Female,81163.65,6763.64,Self-Employed,8,24950.91,36,695,2,0.1562,1,High School,Mortgage,Divorced,Personal,0,43649.04,21060.78,793.43,0
46,Male,186098.98,15508.25,Salaried,7,396983.9,24,684,3,1.2356,2,Master,Rent,Single,Home,0,19229.05,12425.17,18136.11,0
39,Male,108047.33,9003.94,Salaried,15,289382.44,36,647,1,1.0952,2,High School,Mortgage,Single,Home,0,38336.96,9797.64,9750.44,0
48,Male,111246.66,9270.56,Salaried,7,60682.4,24,657,1,0.3446,0,Bachelor,Rent,Single,Personal,0,18766.74,9640.91,2884.95,0
37,Female,90484.8,7540.4,Salaried,4,354998.62,60,628,0,1.0712,0,Bachelor,Rent,Married,Home,1,3550.69,3130.87,8077.31,1
63,Female,105412.4,8784.37,Salaried,11,338697.92,24,740,1,1.5,0,Bachelor,Rent,Single,Home,0,48793.98,7518.05,15473.33,0
61,Female,233729.41,19477.45,Salaried,37,226818.12,36,717,1,0.3827,3,Bachelor,Rent,Married,Business,0,39162.96,17816.18,7212.76,0
62,Female,227726.5,18977.21,Self-Employed,33,77794.86,36,655,2,0.1673,1,Bachelor,Rent,Single,Auto,0,103338.56,26779.8,2621.22,0
40,Female,60282.1,5023.51,Self-Employed,3,36166.32,24,699,2,0.4768,2,Bachelor,Mortgage,Married,Auto,0,32423.57,11709.66,1652.25,0
65,Female,9740.25,811.69,Student,0,17168.11,24,712,0,0.9663,3,High School,Mortgage,Divorced,Home,0,6552.02,4597.76,784.32,0
60,Female,152538.32,12711.53,Self-Employed,15,29188.86,12,626,0,0.2051,3,Bachelor,Own,Single,Personal,0,0.0,1846.97,2607.07,0
59,Male,225735.84,18811.32,Salaried,23,20588.8,12,701,0,0.0957,1,Master,Mortgage,Single,Auto,0,111872.47,22833.62,1800.52,0
69,Female,207399.6,17283.3,Salaried,13,79240.19,12,749,1,0.4104,1,PhD,Rent,Married,Auto,0,0.0,2358.61,6929.67,0
43,Female,101318.36,8443.2,Salaried,16,46048.14,36,728,0,0.1734,3,Bachelor,Mortgage,Married,Personal,1,50762.84,22195.3,1464.32,0
67,Female,183021.08,15251.76,Salaried,30,60943.55,12,668,2,0.4014,2,Bachelor,Rent,Single,Personal,0,53581.38,9928.51,5443.31,0
52,Female,93420.14,7785.01,Salaried,3,49390.72,36,645,2,0.24,2,Bachelor,Rent,Married,Education,0,17816.81,13879.37,1664.17,0
67,Female,190216.37,15851.36,Self-Employed,43,78904.83,36,657,0,0.1677,1,Bachelor,Own,Divorced,Auto,0,69028.41,14509.48,2658.62,0
53,Female,197140.46,16428.37,Salaried,2,608532.7,36,767,1,1.1488,1,PhD,Mortgage,Single,Home,0,45122.05,20049.38,18512.74,0
66,Male,11531.21,960.93,Student,0,8445.81,12,662,1,1.0832,0,Bachelor,Mortgage,Single,Auto,0,9986.04,2164.85,754.36,1
25,Male,75639.03,6303.25,Salaried,3,28287.01,24,593,2,0.3148,2,High School,Own,Married,Education,0,17850.97,10714.18,1344.82,0
63,Male,185542.66,15461.89,Salaried,34,81810.47,60,778,1,0.1254,1,PhD,Rent,Married,Education,0,24955.31,5615.6,1581.63,0
68,Female,9567.8,797.32,Unemployed,0,5795.06,36,557,0,0.2628,0,Bachelor,Mortgage,Single,Education,0,3894.61,3831.15,209.51,0
54,Female,85945.8,7162.15,Salaried,1,148273.29,24,681,1,0.9758,0,Bachelor,Mortgage,Married,Home,0,14688.92,4548.6,6773.83,0
60,Female,5082.77,423.56,Unemployed,0,4486.31,36,537,0,0.3244,3,PhD,Mortgage,Divorced,Education,0,7595.24,5194.37,162.19,1
31,Female,55363.5,4613.62,Salaried,4,50622.24,24,691,1,0.5482,1,Bachelor,Rent,Single,Personal,0,6423.27,3497.02,2312.66,0
23,Female,65973.54,5497.79,Self-Employed,0,270157.22,48,622,0,1.3183,0,Bachelor,Own,Married,Home,0,25419.47,9716.59,7247.64,1
53,Female,132734.18,11061.18,Salaried,22,65220.66,36,725,2,0.2326,0,Bachelor,Rent,Single,Education,0,15644.51,5906.47,2074.0,0
31,Female,32038.13,2669.84,Salaried,0,4344.12,48,627,1,0.1256,1,High School,Mortgage,Married,Education,0,13222.58,3236.45,116.54,0
36,Female,91269.9,7605.82,Self-Employed,1,143790.06,48,743,1,0.4879,0,Bachelor,Rent,Married,Business,0,26261.77,15107.33,3578.22,0
38,Female,67797.21,5649.77,Salaried,17,253130.29,24,664,0,1.5,1,High School,Own,Married,Home,0,32034.93,7798.79,12034.28,0
50,Male,83586.52,6965.54,Salaried,7,8100.03,24,742,1,0.0771,2,High School,Rent,Married,Education,0,39222.66,19042.93,370.05,0
68,Female,158472.13,13206.01,Self-Employed,21,39526.71,36,687,0,0.0952,1,Bachelor,Mortgage,Single,Education,0,85024.49,39415.43,1256.94,0
30,Male,5105.02,425.42,Unemployed,0,2000.0,36,556,0,0.1446,3,Bachelor,Own,Married,Auto,0,4922.07,4580.84,72.3,0
38,Male,65361.49,5446.79,Salaried,13,163285.79,60,695,1,0.682,0,High School,Rent,Married,Home,0,14.35,1711.73,3389.54,0
58,Female,382169.1,31847.42,Salaried,28,237855.29,36,837,3,0.2415,0,PhD,Rent,Single,Auto,0,63476.86,28206.29,7236.02,0
39,Female,160741.27,13395.11,Self-Employed,12,37971.36,24,666,1,0.1545,0,Bachelor,Rent,Divorced,Personal,0,77616.6,34382.61,1805.23,0
56,Female,71632.93,5969.41,Self-Employed,14,5318.52,36,644,0,0.03,0,High School,Rent,Single,Education,1,20608.61,14260.21,179.2,0
33,Male,11791.7,982.64,Student,0,46586.8,24,702,1,1.5,0,Bachelor,Mortgage,Married,Home,0,5932.18,3394.45,2128.31,1
66,Male,230875.66,19239.64,Salaried,14,183807.29,36,611,2,0.3337,2,Master,Mortgage,Single,Business,0,87905.26,26645.08,6193.19,0
23,Male,112053.85,9337.82,Salaried,0,26604.59,36,815,0,0.0867,0,Bachelor,Rent,Married,Education,0,40533.79,13259.0,809.36,0
30,Male,32039.52,2669.96,Salaried,3,78623.71,12,702,4,1.5,3,High School,Mortgage,Single,Home,1,13194.98,3977.83,6875.76,1
58,Male,126419.9,10534.99,Salaried,35,49886.34,36,659,1,0.1709,0,High School,Rent,Single,Personal,0,34031.72,22126.27,1680.87,0
21,Male,91996.29,7666.36,Salaried,0,17274.92,48,612,4,0.1902,2,Bachelor,Own,Single,Personal,0,24359.42,15556.45,463.44,0
47,Male,59757.35,4979.78,Salaried,4,10022.7,36,709,1,0.1367,4,Bachelor,Own,Married,Personal,0,17507.54,4106.05,318.72,0
66,Male,107074.31,8922.86,Salaried,2,23273.28,36,618,1,0.1286,0,Bachelor,Mortgage,Married,Education,0,31382.5,18350.73,784.17,0
28,Male,108466.89,9038.91,Salaried,3,260566.5,36,739,1,0.95,1,Master,Own,Married,Home,0,7565.76,3604.58,8285.95,0
66,Female,6977.52,581.46,Unemployed,0,2654.84,36,692,2,0.8158,2,High School,Own,Divorced,Personal,0,1881.07,2517.56,84.42,1
62,Male,136280.86,11356.74,Self-Employed,19,63591.31,24,732,2,0.3174,1,Master,Mortgage,Divorced,Business,0,18100.7,11542.65,2905.15,0
37,Female,115221.26,9601.77,Salaried,11,50087.63,36,656,1,0.2109,1,Master,Own,Married,Auto,0,52335.79,26175.49,1687.65,0
29,Female,2841.73,236.81,Unemployed,0,2000.0,12,754,0,0.3443,0,Master,Own,Married,Personal,0,6568.54,3047.33,172.13,0
26,Male,14315.16,1192.93,Student,0,8100.01,48,583,0,0.1822,2,PhD,Rent,Single,Auto,0,11338.18,9356.97,217.3,0
63,Female,155208.55,12934.05,Salaried,19,93329.18,24,687,0,0.3297,2,Master,Mortgage,Married,Education,0,60504.22,23800.87,4263.72,0
45,Female,61587.39,5132.28,Salaried,6,21828.14,36,615,2,0.2553,0,Bachelor,Rent,Married,Education,0,32536.85,7731.73,735.48,0
59,Female,121405.04,10117.09,Salaried,38,74409.89,36,722,2,0.3021,4,Bachelor,Mortgage,Single,Auto,0,1042.57,2282.51,2366.21,0
69,Male,68055.46,5671.29,Salaried,0,7504.21,24,694,0,0.0605,1,Bachelor,Mortgage,Married,Auto,0,8534.2,6299.32,342.83,0
48,Female,163037.94,13586.5,Salaried,11,78968.54,24,716,0,0.2655,1,Master,Own,Divorced,Auto,0,11515.13,5955.52,3607.66,0
53,Female,103500.35,8625.03,Salaried,2,63772.77,60,804,0,0.1429,2,Bachelor,Mortgage,Single,Education,0,36788.64,20566.43,1232.91,0
57,Male,94023.92,7835.33,Salaried,8,8666.35,48,769,1,0.0446,1,High School,Mortgage,Single,Auto,0,24700.27,14486.32,203.53,0
29,Male,68142.12,5678.51,Salaried,5,50745.77,36,641,0,0.3011,0,High School,Rent,Single,Education,0,5668.55,3536.66,1709.83,0
38,Male,121527.35,10127.28,Salaried,8,169887.86,48,676,2,0.4522,1,Master,Rent,Single,Home,0,47105.42,26614.16,4227.67,0
41,Female,105101.9,8758.49,Salaried,13,51318.83,36,656,0,0.1974,2,Bachelor,Mortgage,Single,Auto,0,28584.8,10513.02,1729.13,0
22,Male,83801.4,6983.45,Salaried,1,185075.54,48,710,0,0.6595,2,Bachelor,Mortgage,Single,Home,0,32771.12,18971.28,4605.61,0
63,Female,122488.83,10207.4,Salaried,34,61718.34,36,654,0,0.2037,4,High School,Mortgage,Single,Personal,0,59985.28,22701.15,2079.53,0
58,Male,212191.52,17682.63,Salaried,37,542483.42,60,811,1,0.6026,0,Bachelor,Own,Divorced,Home,0,99866.77,41052.73,10487.72,0
60,Female,52177.34,4348.11,Self-Employed,1,37755.17,48,707,0,0.2161,0,High School,Mortgage,Single,Auto,0,9281.51,2902.02,939.54,0
56,Male,45278.26,3773.19,Self-Employed,2,18300.17,12,573,1,0.5064,1,Bachelor,Rent,Married,Education,1,6447.57,3797.31,1677.76,0
63,Male,114083.03,9506.92,Salaried,13,99650.76,36,706,2,0.3987,1,Bachelor,Rent,Single,Auto,0,20868.81,15203.16,3168.87,0
57,Female,2225.33,185.44,Unemployed,0,2000.0,36,495,1,0.8957,0,PhD,Mortgage,Single,Education,1,3966.41,4109.21,72.3,1
35,Male,51045.6,4253.8,Self-Employed,0,14062.25,24,648,4,0.379,2,Bachelor,Rent,Divorced,Personal,0,231.08,2347.78,668.54,0
48,Male,71881.64,5990.14,Salaried,2,16582.99,48,670,0,0.0743,0,Bachelor,Rent,Married,Education,0,41958.48,18274.59,444.88,0
38,Male,88309.9,7359.16,Salaried,3,356949.55,36,575,1,1.5,0,Bachelor,Rent,Married,Home,0,47398.84,27116.07,12904.58,1
54,Female,110940.55,9245.05,Salaried,29,34000.26,24,785,1,0.1978,4,Bachelor,Rent,Married,Auto,0,15466.25,6186.03,1506.91,0
42,Female,71419.66,5951.64,Salaried,21,13353.69,24,801,0,0.0994,0,High School,Mortgage,Married,Education,0,29070.92,17181.21,591.84,0
31,Female,89169.52,7430.79,Salaried,9,157801.6,24,660,3,1.057,4,Bachelor,Rent,Single,Home,0,10319.91,5979.74,7502.18,0
33,Male,86454.69,7204.56,Salaried,6,48788.19,36,658,2,0.2595,0,Master,Rent,Single,Business,0,17968.53,12629.41,1643.87,0
24,Male,11987.64,998.97,Unemployed,0,6328.56,36,572,1,0.3407,0,Bachelor,Rent,Married,Business,0,8635.43,2495.35,228.79,1
42,Female,168308.01,14025.67,Salaried,18,140861.83,24,680,0,0.4588,2,Bachelor,Mortgage,Divorced,Auto,0,43584.53,27322.17,6435.24,0
27,Female,196640.49,16386.71,Salaried,5,68694.82,24,640,0,0.1993,2,PhD,Mortgage,Single,Education,0,84443.3,51378.49,3265.88,0
63,Male,218048.23,18170.69,Salaried,26,31416.64,12,808,0,0.1488,1,Master,Own,Married,Auto,0,112282.83,40138.2,2703.92,0
44,Male,11613.25,967.77,Unemployed,0,4005.11,60,619,0,0.0942,0,Bachelor,Rent,Single,Education,0,127.78,1653.7,91.13,0
24,Male,92415.05,7701.25,Salaried,0,46183.97,24,659,2,0.3229,2,Bachelor,Rent,Single,Personal,0,48204.85,9599.77,2195.67,0
48,Female,156205.18,13017.1,Salaried,22,315136.16,36,738,1,0.7942,0,Master,Mortgage,Married,Home,0,24565.76,13227.91,10021.25,0
35,Male,205447.43,17120.62,Salaried,12,99529.4,24,693,0,0.2656,2,PhD,Rent,Single,Auto,0,36170.31,6832.85,4546.97,0
21,Female,130462.51,10871.88,Salaried,0,65430.23,48,666,2,0.2302,0,PhD,Mortgage,Divorced,Auto,1,0.0,1823.07,1755.33,0
23,Male,81021.66,6751.8,Salaried,0,144635.83,36,611,0,0.7218,2,Bachelor,Mortgage,Married,Business,0,38928.59,5730.45,4873.35,0
34,Male,98829.5,8235.79,Self-Employed,0,206697.81,12,664,0,1.5,1,Bachelor,Rent,Single,Home,0,41729.63,12101.2,18461.69,0
58,Male,96917.94,8076.5,Salaried,23,178833.79,12,755,1,1.5,1,High School,Rent,Married,Business,0,46039.04,17921.63,15391.59,0
21,Male,92148.04,7679.0,Salaried,0,48634.88,12,618,2,0.6052,2,Bachelor,Rent,Married,Auto,0,5006.45,2674.55,4343.93,0
58,Male,102081.16,8506.76,Salaried,9,50436.55,24,767,2,0.3497,0,Master,Rent,Single,Personal,0,8424.21,3066.54,2235.38,0
58,Male,11320.62,943.39,Unemployed,0,5627.12,36,651,3,1.0706,2,Master,Rent,Married,Auto,0,4481.41,1902.06,189.6,1
41,Male,54533.54,4544.46,Salaried,6,7133.13,60,735,0,0.0326,0,Bachelor,Rent,Married,Education,0,15430.33,8322.22,148.07,0
68,Male,183710.33,15309.19,Self-Employed,16,200928.51,60,684,0,0.2724,0,Bachelor,Mortgage,Single,Business,0,25574.18,9283.65,4170.95,0
49,Male,156308.89,13025.74,Salaried,21,38275.74,24,649,1,0.1653,1,Bachelor,Rent,Divorced,Education,0,20039.7,7170.44,1819.7,0
25,Female,78566.07,6547.17,Salaried,2,263508.7,36,687,2,1.3611,3,Bachelor,Rent,Single,Home,0,3424.86,1965.16,8379.51,1
69,Female,165399.55,13783.3,Self-Employed,43,413147.38,24,742,1,1.3974,0,Bachelor,Mortgage,Single,Home,0,5278.91,5606.29,18874.53,0
30,Female,92324.47,7693.71,Salaried,9,38878.61,12,788,0,0.4349,1,Bachelor,Mortgage,Married,Auto,0,21493.5,5208.1,3346.14,0
48,Male,120547.79,10045.65,Salaried,22,43978.27,36,624,2,0.168,1,High School,Mortgage,Single,Education,0,26549.2,7417.4,1481.8,0
41,Male,61385.56,5115.46,Salaried,7,124242.79,24,697,2,1.1514,0,Bachelor,Mortgage,Married,Home,0,28699.98,11777.89,5676.0,0
27,Male,45161.11,3763.43,Salaried,5,96823.86,24,706,0,1.1754,0,High School,Mortgage,Married,Home,1,23424.94,11713.77,4423.37,0
23,Female,84203.2,7016.93,Salaried,2,75631.39,24,704,0,0.4924,1,PhD,Mortgage,Single,Auto,0,29100.6,12606.21,3455.2,0
65,Male,116758.47,9729.87,Salaried,17,54691.71,24,657,3,0.3163,0,Bachelor,Mortgage,Divorced,Auto,0,55296.02,25711.14,2600.14,0
67,Male,244873.46,20406.12,Salaried,44,817868.25,12,771,1,1.5,1,Master,Rent,Married,Home,0,0.0,1620.88,70391.0,0
40,Female,91902.79,7658.57,Salaried,15,39216.01,48,601,0,0.1374,2,High School,Own,Married,Auto,0,20494.99,8907.89,1052.07,0
39,Male,110682.98,9223.58,Salaried,12,66993.21,24,606,0,0.3453,2,High School,Rent,Single,Personal,0,14325.52,5624.51,3184.98,0
55,Male,116958.18,9746.52,Salaried,3,34744.85,60,792,1,0.1033,0,Bachelor,Own,Single,Auto,0,7289.37,2469.4,671.72,0
24,Male,111810.59,9317.55,Salaried,2,61277.62,60,611,1,0.1778,1,Bachelor,Rent,Married,Auto,0,43193.53,8303.66,1394.25,0
25,Female,92802.36,7733.53,Salaried,2,215181.48,48,726,0,0.6924,0,Bachelor,Mortgage,Married,Home,0,43958.26,19933.38,5354.8,0
21,Female,38530.41,3210.87,Self-Employed,0,27405.44,60,642,2,0.344,1,High School,Mortgage,Single,Business,0,1340.89,4776.82,623.56,0
24,Male,47740.63,3978.39,Salaried,2,22732.66,12,728,1,0.5781,4,High School,Rent,Married,Auto,0,4610.8,2151.43,1988.0,0
32,Male,72011.72,6000.98,Salaried,7,26946.85,36,648,1,0.2032,0,Bachelor,Mortgage,Married,Auto,0,25277.65,11038.7,907.95,0
47,Female,43185.71,3598.81,Self-Employed,9,104574.3,12,643,1,1.5,1,High School,Mortgage,Single,Home,0,5189.4,2870.08,9340.29,1
62,Male,146020.87,12168.41,Salaried,27,101547.03,36,750,0,0.2654,2,Bachelor,Rent,Married,Education,0,54724.17,13988.83,3229.17,0
43,Female,188667.23,15722.27,Salaried,20,835468.2,36,770,1,1.5,1,Bachelor,Rent,Single,Home,0,82440.24,20044.34,25416.56,0
45,Female,109458.02,9121.5,Salaried,19,218202.96,12,763,0,1.5,1,High School,Rent,Single,Home,0,29792.14,13553.2,18779.95,0
41,Male,103938.65,8661.55,Salaried,10,36081.42,24,649,0,0.198,0,High School,Rent,Single,Education,0,49171.45,7990.89,1715.38,0
44,Male,61143.91,5095.33,Salaried,19,29740.54,24,813,1,0.2796,1,High School,Rent,Single,Auto,0,0.0,2664.6,1318.12,0
45,Female,225122.41,18760.2,Salaried,20,747660.98,36,627,0,1.3428,0,PhD,Own,Single,Home,0,15115.54,7882.8,25191.65,1
65,Male,232748.3,19395.69,Salaried,35,117950.76,36,710,0,0.1934,2,Bachelor,Mortgage,Divorced,Personal,0,90397.56,28515.16,3750.8,0
66,Male,165199.33,13766.61,Self-Employed,18,47385.14,36,762,0,0.1047,1,Master,Mortgage,Married,Auto,0,82065.87,19995.98,1441.55,0
52,Female,75244.79,6270.4,Salaried,19,270774.08,12,729,1,1.5,2,High School,Mortgage,Single,Home,0,41271.1,16818.67,23679.59,0
52,Male,134220.46,11185.04,Salaried,9,37971.29,48,798,1,0.1092,0,Bachelor,Own,Married,Auto,0,0.0,3544.47,891.76,0
25,Male,6303.08,525.26,Unemployed,0,17981.04,36,569,0,1.2376,1,High School,Mortgage,Married,Home,0,4332.17,3202.81,650.06,1
56,Male,165317.19,13776.43,Salaried,14,245818.51,24,764,1,0.8015,1,Bachelor,Mortgage,Single,Business,0,0.0,2790.24,10894.83,0
66,Female,212078.79,17673.23,Salaried,44,89691.05,36,662,0,0.171,0,Master,Rent,Single,Education,0,73864.43,36931.94,3022.05,0
62,Male,234604.23,19550.35,Self-Employed,17,642165.49,24,634,0,1.5,1,Master,Mortgage,Single,Home,0,88328.26,33244.14,30529.72,0
69,Female,72396.86,6033.07,Salaried,6,155073.61,48,699,0,0.6396,0,Bachelor,Mortgage,Single,Home,0,36061.18,7291.12,3859.01,0
62,Female,4895.64,407.97,Unemployed,0,2481.23,48,562,0,0.1458,0,Master,Rent,Married,Auto,0,7914.75,5860.28,72.89,1
59,Male,99423.1,8285.26,Salaried,29,32261.67,24,651,4,0.2636,0,High School,Mortgage,Married,Education,0,47253.67,11169.41,1533.78,0
36,Male,115802.55,9650.21,Salaried,13,26108.26,48,669,1,0.0858,0,Bachelor,Rent,Divorced,Education,0,58550.85,19306.56,700.42,0
53,Male,148752.46,12396.04,Salaried,29,84655.45,36,714,1,0.2432,3,Bachelor,Rent,Married,Auto,0,35286.81,13621.83,2692.02,0
69,Female,277878.41,23156.53,Salaried,26,145149.47,24,735,3,0.3197,0,Master,Rent,Single,Auto,0,64074.03,33905.1,6631.12,0
41,Female,9955.69,829.64,Unemployed,0,15712.23,60,643,0,0.4309,3,High School,Mortgage,Married,Home,0,7424.23,5592.98,357.5,0
29,Female,80986.35,6748.86,Self-Employed,0,62981.45,24,631,0,0.4437,0,Master,Mortgage,Single,Business,0,21320.61,6264.48,2994.25,0
26,Male,75863.99,6322.0,Salaried,0,16694.32,48,581,1,0.1329,1,Bachelor,Rent,Single,Personal,0,34246.53,17240.91,447.87,0
65,Female,170378.47,14198.21,Salaried,36,137355.45,36,701,1,0.3235,1,Bachelor,Mortgage,Married,Auto,0,0.0,2318.66,4367.87,0
55,Male,2560.7,213.39,Unemployed,0,11037.48,48,659,2,1.5,3,High School,Mortgage,Single,Home,0,7526.14,6854.44,296.11,1
59,Female,153522.08,12793.51,Self-Employed,16,26003.17,12,698,0,0.1777,2,Bachelor,Rent,Single,Education,0,39693.56,8786.5,2274.02,0
42,Female,85889.99,7157.5,Salaried,17,48535.31,24,610,1,0.3599,4,Bachelor,Own,Married,Business,0,6480.49,4523.87,2307.46,0
61,Male,116165.48,9680.46,Self-Employed,2,85951.72,48,622,1,0.2629,2,Bachelor,Rent,Divorced,Education,0,28791.91,8116.42,2305.87,0
25,Male,5977.78,498.15,Unemployed,0,15777.03,12,548,0,1.5,0,Master,Rent,Single,Home,0,7732.71,2429.79,1446.44,1
62,Female,175072.25,14589.35,Self-Employed,27,103468.14,48,733,0,0.1765,4,Bachelor,Rent,Single,Auto,0,67504.71,22523.55,2574.81,0
43,Female,114692.04,9557.67,Salaried,4,38482.1,24,669,0,0.1914,4,Bachelor,Mortgage,Married,Education,0,17162.99,5857.25,1829.51,0
37,Male,6802.97,566.91,Student,0,15456.28,36,684,2,1.3369,0,Master,Rent,Married,Home,0,9046.49,6498.68,491.51,1
32,Male,93702.27,7808.52,Salaried,5,54642.36,24,731,0,0.3197,3,Bachelor,Mortgage,Single,Education,0,20766.99,7449.11,2496.32,0
43,Female,99551.67,8295.97,Self-Employed,20,68359.79,36,695,1,0.2751,2,Bachelor,Own,Divorced,Education,0,29849.44,8626.29,2173.82,0
36,Male,50483.54,4206.96,Salaried,0,75475.24,36,705,0,0.5705,3,High School,Rent,Married,Home,0,9711.88,5308.92,2400.09,0
23,Male,7794.36,649.53,Unemployed,0,2000.0,36,461,0,0.1113,3,Bachelor,Own,Married,Education,0,6740.95,7378.4,72.3,1
50,Male,88326.63,7360.55,Salaried,19,38552.79,60,639,2,0.1847,3,Bachelor,Mortgage,Divorced,Auto,0,26558.72,11108.3,877.19,0
42,Male,198870.62,16572.55,Salaried,21,312182.17,60,710,0,0.391,3,Master,Rent,Divorced,Home,0,27467.81,16850.31,6480.39,0
29,Female,80212.27,6684.36,Salaried,3,89183.96,60,621,0,0.3036,0,Bachelor,Mortgage,Single,Business,1,14414.16,5430.11,2029.21,0
49,Female,57231.98,4769.33,Salaried,3,34138.72,48,693,0,0.1781,0,High School,Rent,Single,Education,0,15558.6,4066.55,849.54,0
67,Female,11049.67,920.81,Unemployed,0,2420.03,12,713,0,0.2298,0,Bachelor,Mortgage,Married,Education,0,7477.31,3739.26,211.64,0
57,Male,6838.03,569.84,Unemployed,0,5704.44,60,558,0,0.2542,0,High School,Own,Divorced,Auto,0,7866.41,5066.07,144.86,1
43,Female,131780.05,10981.67,Salaried,20,43886.14,36,707,2,0.1907,0,Bachelor,Own,Married,Education,0,15296.46,7981.58,1395.57,0
33,Male,93158.27,7763.19,Salaried,7,12730.63,12,756,0,0.1411,2,Bachelor,Rent,Married,Education,0,48346.96,13195.49,1095.68,0
52,Male,151619.21,12634.93,Salaried,20,433451.95,36,589,1,1.1699,0,Bachelor,Rent,Married,Home,0,15165.12,9058.89,14604.71,0
66,Female,107572.15,8964.35,Salaried,6,60914.25,24,679,0,0.3104,2,Master,Own,Single,Personal,0,37459.54,21960.26,2782.85,0
67,Male,124930.57,10410.88,Self-Employed,7,74571.89,60,648,2,0.1918,2,Bachelor,Mortgage,Divorced,Personal,0,18645.71,10021.62,1696.74,0
68,Female,108474.92,9039.58,Self-Employed,21,218125.06,48,724,0,0.6005,2,Bachelor,Mortgage,Married,Home,0,48256.77,24210.73,5428.05,0
43,Male,73558.25,6129.85,Salaried,21,48952.72,36,674,1,0.3163,1,High School,Mortgage,Divorced,Auto,1,29284.38,9431.81,1556.68,0
65,Female,176377.54,14698.13,Salaried,29,345262.63,24,757,1,1.0486,0,Bachelor,Mortgage,Married,Home,0,23124.26,9599.55,15302.25,0
37,Male,79028.49,6585.71,Self-Employed,1,18299.03,48,584,0,0.0745,0,Master,Mortgage,Divorced,Auto,0,32580.37,4881.33,490.92,0
60,Male,62534.3,5211.19,Salaried,28,10082.61,60,689,1,0.0825,1,High School,Mortgage,Single,Education,0,27043.62,10749.59,209.3,0
41,Male,71969.73,5997.48,Salaried,9,229715.18,36,659,2,1.3602,2,Bachelor,Rent,Married,Home,0,6766.14,5419.46,7740.01,0
22,Female,106024.3,8835.36,Salaried,0,37024.35,48,659,0,0.1124,1,Bachelor,Mortgage,Divorced,Auto,1,33615.56,17772.11,993.27,0
57,Female,59241.27,4936.77,Salaried,33,8691.48,24,723,3,0.194,2,High School,Mortgage,Married,Personal,0,26907.92,16744.08,397.07,0
26,Female,38007.68,3167.31,Salaried,5,8204.98,36,626,0,0.0873,0,High School,Own,Married,Auto,0,1452.61,2316.72,276.46,0
64,Female,9580.4,798.37,Unemployed,0,4591.26,12,637,0,0.5136,0,High School,Own,Single,Education,0,4800.99,5333.14,410.08,0
38,Female,201261.07,16771.76,Salaried,9,752578.18,48,693,0,1.1166,2,Master,Rent,Married,Home,0,90018.06,19448.47,18727.94,0
50,Male,117630.34,9802.53,Self-Employed,8,77031.15,36,544,2,0.3387,0,Bachelor,Mortgage,Divorced,Education,0,59885.28,11189.07,2784.86,0
42,Male,123743.1,10311.93,Salaried,4,102779.0,60,703,0,0.2069,1,Bachelor,Own,Single,Personal,0,42383.16,22853.77,2133.52,0
53,Female,142299.75,11858.31,Salaried,10,126829.56,60,711,0,0.222,2,Bachelor,Rent,Married,Auto,0,17900.51,7548.27,2632.77,0
50,Female,66637.97,5553.16,Salaried,9,43639.8,36,837,1,0.2897,0,High School,Own,Married,Education,0,23346.82,7031.11,1327.61,0
37,Female,100022.79,8335.23,Salaried,15,26764.77,12,695,2,0.3734,1,Bachelor,Mortgage,Single,Education,0,0.0,1574.58,2340.62,0
63,Male,115488.26,9624.02,Salaried,26,49381.56,24,710,2,0.2902,2,High School,Rent,Single,Education,0,27477.61,12476.62,2255.98,0
52,Male,115757.98,9646.5,Self-Employed,31,433953.66,60,755,4,0.9133,2,High School,Mortgage,Married,Home,0,45961.63,10317.65,8389.54,0
62,Female,92545.96,7712.16,Self-Employed,19,70002.13,36,655,2,0.3876,0,Master,Own,Single,Education,0,0.0,1342.31,2358.65,0
34,Female,11572.97,964.41,Unemployed,0,20519.48,12,538,0,1.5,2,High School,Rent,Divorced,Home,0,9518.41,6169.79,1881.23,1
30,Male,115586.72,9632.23,Salaried,2,89154.55,12,652,0,0.8267,0,Master,Mortgage,Married,Education,0,38035.45,18619.96,7963.04,0
67,Female,103086.88,8590.57,Salaried,0,341568.8,60,760,2,0.8337,1,Bachelor,Rent,Single,Home,0,5822.52,2134.45,6603.48,0
56,Female,123463.02,10288.59,Salaried,25,16914.29,48,829,3,0.148,1,High School,Rent,Single,Education,0,37380.61,7673.4,397.23,0
54,Male,88287.46,7357.29,Salaried,10,300118.46,36,724,0,1.2972,0,Bachelor,Rent,Married,Home,0,15930.35,7505.29,9543.69,0
29,Female,130307.69,10858.97,Salaried,6,42906.17,12,653,0,0.3529,0,Bachelor,Rent,Married,Education,0,30527.47,13031.66,3832.26,0
62,Female,247761.09,20646.76,Self-Employed,39,568014.81,36,658,1,0.9333,0,Bachelor,Own,Single,Home,0,28642.63,14097.22,19138.66,0
48,Female,74383.33,6198.61,Salaried,15,100448.22,60,590,0,0.3687,1,High School,Mortgage,Married,Home,0,29940.91,8197.62,2285.51,0
31,Female,10404.78,867.06,Unemployed,0,7482.87,24,485,0,0.4309,0,High School,Mortgage,Divorced,Personal,0,5173.03,6973.96,373.58,1
34,Female,80241.44,6686.79,Salaried,1,116402.61,48,677,2,0.5403,3,Master,Rent,Single,Home,0,37122.91,14942.78,2896.68,0
59,Male,168578.42,14048.2,Salaried,23,445045.17,48,670,0,0.8499,0,Bachelor,Mortgage,Single,Home,0,0.0,3572.96,11939.45,0
67,Male,63916.5,5326.38,Salaried,27,12463.86,48,728,0,0.0582,3,High School,Rent,Divorced,Personal,0,9143.66,4354.43,310.16,0
39,Male,191207.48,15933.96,Salaried,10,388176.34,24,650,1,1.1803,3,Master,Mortgage,Single,Home,0,33691.31,22631.94,18454.61,0
35,Male,9294.33,774.53,Unemployed,0,2721.85,36,540,2,0.5996,1,High School,Rent,Divorced,Personal,0,3371.71,1998.27,98.4,1
48,Male,32628.39,2719.03,Self-Employed,0,67692.38,12,591,0,1.5,1,High School,Rent,Single,Home,0,9989.58,3218.93,6046.1,1
44,Male,41706.77,3475.56,Self-Employed,15,14826.06,24,619,0,0.2028,0,High School,Own,Single,Education,1,15405.31,8682.07,704.86,0
28,Male,8898.68,741.56,Student,0,2000.0,24,765,0,0.1195,4,Bachelor,Rent,Single,Education,0,3652.98,1512.94,88.64,0
63,Male,141032.71,11752.73,Salaried,35,40748.22,48,698,0,0.0863,2,High School,Mortgage,Single,Education,0,36767.92,19859.05,1014.02,0
29,Female,72832.71,6069.39,Salaried,6,33704.09,36,653,0,0.1871,4,Bachelor,Rent,Single,Education,0,35239.55,13900.57,1135.62,0
67,Male,11732.55,977.71,Unemployed,0,2959.03,36,632,0,0.102,1,Master,Rent,Single,Auto,0,4627.74,2315.73,99.7,0
53,Female,86080.88,7173.41,Salaried,5,130844.08,36,759,0,0.5549,3,High School,Rent,Single,Business,0,39836.76,20698.78,3980.53,0
53,Female,158103.43,13175.29,Salaried,23,30466.85,36,725,1,0.1035,1,Bachelor,Own,Single,Auto,0,63345.15,20777.8,968.84,0
39,Male,73403.92,6116.99,Salaried,5,119487.65,36,675,1,0.6444,3,Bachelor,Own,Married,Business,1,5969.69,4080.97,3799.68,0
23,Female,108909.0,9075.75,Salaried,1,76712.26,36,648,0,0.2848,0,Bachelor,Rent,Married,Auto,0,36121.85,18172.68,2584.74,0
30,Female,156416.5,13034.71,Self-Employed,5,50137.7,36,619,0,0.1296,1,Master,Mortgage,Divorced,Auto,0,9146.23,3561.49,1689.34,0
60,Male,59787.74,4982.31,Salaried,9,12877.94,36,607,1,0.1508,2,Bachelor,Mortgage,Married,Education,0,35198.13,20184.07,433.91,0
67,Male,89821.7,7485.14,Salaried,21,29017.94,24,692,1,0.2112,2,High School,Rent,Divorced,Education,0,19619.34,11629.51,1325.68,0
62,Male,208851.3,17404.27,Salaried,22,98596.01,36,825,1,0.1846,1,Bachelor,Rent,Single,Education,0,5619.21,3957.73,2999.48,0
21,Male,47695.27,3974.61,Salaried,0,93162.18,60,744,3,0.6927,2,High School,Mortgage,Single,Home,0,18579.82,2958.94,1933.89,0
49,Male,11329.08,944.09,Unemployed,0,33337.1,24,548,1,1.5,0,Bachelor,Mortgage,Single,Home,1,9969.63,6143.48,1664.32,1
54,Female,85682.78,7140.23,Salaried,4,269744.78,12,649,1,1.5,1,High School,Rent,Married,Home,0,28566.01,9997.81,24092.87,1
33,Female,63889.87,5324.16,Salaried,11,37747.01,48,789,0,0.1665,1,High School,Mortgage,Divorced,Education,0,5253.07,1814.18,886.49,0
21,Female,109841.89,9153.49,Salaried,0,66559.41,36,590,1,0.2764,0,Bachelor,Own,Married,Personal,1,42029.95,20471.51,2242.65,0
54,Male,42104.08,3508.67,Salaried,8,16195.19,60,616,1,0.1442,2,High School,Rent,Single,Auto,0,24872.97,7837.4,368.49,0
49,Male,61391.11,5115.93,Salaried,6,42199.65,48,652,0,0.2213,0,Bachelor,Rent,Married,Auto,0,35571.76,11596.24,1132.11,0
68,Male,105609.9,8800.82,Self-Employed,43,54851.01,48,687,0,0.1551,0,High School,Own,Single,Education,0,33768.53,7768.16,1364.97,0
67,Male,201251.69,16770.97,Salaried,27,148084.94,12,759,0,0.76,1,Master,Rent,Married,Auto,0,86292.01,18065.69,12745.14,0
33,Male,44947.64,3745.64,Salaried,8,13659.24,48,613,0,0.0978,3,High School,Mortgage,Married,Personal,1,27506.5,6473.14,366.44,0
68,Female,225167.62,18763.97,Self-Employed,42,414795.13,24,746,3,1.0614,1,Master,Mortgage,Single,Home,0,0.0,1340.61,18949.81,0
69,Male,112279.48,9356.62,Self-Employed,37,281314.92,12,660,0,1.5,2,Bachelor,Rent,Single,Home,0,26390.78,11665.49,25126.28,1
49,Female,142291.24,11857.6,Salaried,26,550839.43,24,688,0,1.5,1,Bachelor,Rent,Married,Home,0,14115.8,5429.04,25164.96,1
59,Male,127437.93,10619.83,Salaried,23,447449.26,48,804,0,0.9895,2,High School,Mortgage,Married,Home,0,29973.38,17478.51,10508.36,0
44,Female,114980.62,9581.72,Salaried,10,396060.11,48,801,3,1.0762,0,Bachelor,Rent,Single,Home,0,59176.79,18860.94,9301.48,0
46,Female,137566.71,11463.89,Salaried,10,269249.98,36,736,0,0.7469,2,Bachelor,Own,Married,Business,0,70426.43,37782.4,8562.08,0
37,Female,72471.25,6039.27,Salaried,13,54198.79,36,700,0,0.2854,1,Bachelor,Mortgage,Divorced,Auto,0,35122.39,8198.66,1723.51,0
27,Male,70155.99,5846.33,Salaried,1,23075.43,36,571,0,0.1427,1,Bachelor,Rent,Single,Auto,0,8604.52,5832.21,834.23,0
33,Female,42067.21,3505.6,Salaried,1,62083.02,36,771,1,0.6134,0,Bachelor,Rent,Single,Business,0,21822.55,3661.69,1888.69,0
25,Female,75688.18,6307.35,Self-Employed,4,52536.44,36,640,1,0.3248,3,Bachelor,Mortgage,Married,Personal,0,35472.37,7723.38,1770.16,0
46,Female,84701.83,7058.49,Self-Employed,13,334607.42,48,673,0,1.1797,2,High School,Mortgage,Married,Home,0,23651.14,14355.99,8326.72,0
69,Female,96198.23,8016.52,Salaried,20,54336.59,24,726,0,0.3097,3,High School,Mortgage,Single,Personal,0,37480.19,6584.85,2482.35,0
23,Female,43705.17,3642.1,Salaried,1,133360.96,24,654,0,1.5,0,Bachelor,Rent,Single,Home,0,24494.25,8565.73,6340.22,1
27,Male,29227.09,2435.59,Salaried,1,6377.09,24,521,2,0.4239,0,High School,Mortgage,Single,Education,1,21334.51,4477.24,318.37,1
69,Female,67625.67,5635.47,Salaried,17,116838.66,24,684,3,1.0591,0,High School,Own,Married,Home,0,1177.55,2975.39,5337.74,0
59,Female,127139.92,10594.99,Salaried,25,284750.62,60,696,1,0.5729,1,High School,Mortgage,Single,Home,0,11523.24,4725.13,5910.95,0
21,Male,26028.84,2169.07,Self-Employed,0,12767.38,24,580,2,0.4185,2,High School,Rent,Married,Personal,1,15658.18,7423.18,637.4,0
69,Male,147302.4,12275.2,Salaried,19,91555.01,48,711,4,0.2746,0,Bachelor,Own,Divorced,Auto,0,20895.94,4471.99,2278.35,0
37,Male,67686.47,5640.54,Salaried,8,35225.14,36,616,1,0.2473,0,Bachelor,Rent,Divorced,Auto,1,3471.97,2405.85,1186.87,0
63,Female,346635.9,28886.32,Salaried,35,99280.03,48,712,0,0.0855,0,Master,Mortgage,Married,Education,0,32297.51,12188.46,2470.59,0
45,Male,114416.49,9534.71,Self-Employed,16,95444.32,36,648,0,0.3373,2,Bachelor,Own,Married,Education,1,27445.17,13425.93,3215.9,0
23,Male,54788.39,4565.7,Self-Employed,0,173528.6,12,636,1,1.5,0,Master,Mortgage,Married,Home,0,13946.29,4173.35,15499.1,1
35,Male,94663.8,7888.65,Self-Employed,1,181786.59,24,760,0,1.0213,4,Bachelor,Mortgage,Married,Business,0,36673.09,23581.05,8056.89,0
49,Female,149660.63,12471.72,Salaried,13,35465.79,60,736,1,0.0866,0,Master,Own,Married,Education,1,43051.11,13073.42,736.21,0
63,Male,314922.81,26243.57,Self-Employed,32,174040.87,24,667,0,0.3153,2,Master,Mortgage,Single,Education,0,57827.32,27365.69,8274.22,0
52,Female,8518.25,709.85,Unemployed,0,4947.24,24,701,4,1.4252,1,Bachelor,Rent,Single,Education,0,7411.65,3713.34,226.01,1
46,Male,168146.12,14012.18,Salaried,22,65985.78,60,648,0,0.1071,0,Bachelor,Rent,Divorced,Personal,0,74216.1,29230.83,1501.38,0
36,Female,78570.11,6547.51,Salaried,6,251261.48,60,716,2,0.8787,2,High School,Rent,Divorced,Home,0,36302.36,8512.18,5215.78,0
45,Female,51539.84,4294.99,Self-Employed,3,61825.15,24,716,2,0.7049,1,High School,Mortgage,Married,Business,0,15968.16,5133.39,2824.47,0
48,Male,9925.47,827.12,Unemployed,0,8220.68,36,494,2,0.8419,2,PhD,Rent,Divorced,Personal,2,7544.61,6772.7,297.2,1
29,Male,5506.23,458.85,Student,0,13456.4,24,640,3,1.5,2,PhD,Own,Married,Home,0,4880.73,2577.65,639.74,1
21,Female,94914.56,7909.55,Salaried,0,30206.11,36,633,2,0.2033,0,Bachelor,Rent,Married,Personal,0,15108.97,8391.95,1017.76,0
49,Male,11363.08,946.92,Student,0,6498.26,24,705,0,0.3135,2,Master,Mortgage,Single,Auto,0,12638.63,7202.58,296.87,0
42,Male,140799.79,11733.32,Salaried,8,19192.6,36,677,0,0.052,2,Master,Own,Married,Education,0,38987.59,11612.82,610.32,0
36,Female,66270.2,5522.52,Salaried,2,74484.31,12,650,1,1.2623,2,Bachelor,Mortgage,Married,Business,0,9981.12,7271.23,6652.74,0
61,Female,6141.13,511.76,Student,0,22099.12,24,606,0,1.5,1,Bachelor,Rent,Divorced,Home,0,9273.11,4063.58,1050.63,1
64,Female,8472.01,706.0,Unemployed,0,10614.2,48,683,3,1.5,0,Bachelor,Own,Married,Business,0,9560.05,6534.82,264.13,1
61,Male,177815.78,14817.98,Self-Employed,36,147498.77,36,654,2,0.3822,0,Bachelor,Rent,Married,Education,0,27046.0,6716.07,4969.82,0
27,Male,4178.45,348.2,Unemployed,0,2000.0,60,507,2,0.6728,3,High School,Rent,Married,Auto,0,4948.36,2673.69,50.79,1
34,Male,47272.9,3939.41,Self-Employed,4,19938.38,24,621,0,0.2406,3,Bachelor,Rent,Single,Education,0,20569.98,9114.46,947.91,0
49,Female,149582.18,12465.18,Salaried,23,225054.63,60,703,0,0.3748,1,Bachelor,Mortgage,Single,Home,0,37608.99,11491.56,4671.76,0
39,Female,3262.96,271.91,Unemployed,0,2347.68,48,575,1,0.6435,0,Bachelor,Mortgage,Married,Auto,0,1939.08,1828.75,68.96,1
39,Female,14294.19,1191.18,Student,0,2084.24,48,567,1,0.2083,2,Master,Rent,Single,Personal,0,7929.6,4107.57,61.22,1
22,Male,50749.28,4229.11,Salaried,1,180692.86,36,659,2,1.5,2,Bachelor,Own,Married,Home,0,590.05,1826.3,6088.26,1
61,Female,59586.84,4965.57,Salaried,31,5698.16,36,635,1,0.1006,2,High School,Rent,Single,Education,1,2576.87,3205.03,191.99,0
65,Male,182891.4,15240.95,Salaried,35,391961.19,24,671,0,1.1749,0,Master,Rent,Single,Home,0,82284.89,39696.95,17906.65,0
35,Male,50621.75,4218.48,Self-Employed,0,13641.74,60,596,2,0.1609,0,Bachelor,Mortgage,Single,Personal,1,13790.23,8085.42,310.39,0
23,Female,69726.86,5810.57,Self-Employed,2,32906.08,24,716,1,0.3157,0,High School,Mortgage,Single,Auto,0,28756.89,6878.48,1503.31,0
31,Male,7893.43,657.79,Student,0,2000.0,36,660,3,1.4747,0,Bachelor,Rent,Single,Auto,0,3004.87,3587.44,67.39,1
66,Female,96136.03,8011.34,Salaried,18,253003.07,36,724,0,1.0043,2,Bachelor,Rent,Divorced,Home,0,23136.63,11731.8,8045.43,0
50,Female,179377.01,14948.08,Self-Employed,5,60108.59,24,689,1,0.1978,1,Master,Mortgage,Single,Education,0,79222.05,18097.73,2746.05,0
60,Female,3500.62,291.72,Unemployed,0,8983.98,24,671,1,1.4602,2,Bachelor,Mortgage,Divorced,Home,1,4948.7,3776.29,410.43,1
38,Female,29249.93,2437.49,Salaried,0,84034.16,24,552,4,1.5,0,High School,Rent,Divorced,Home,0,7591.72,3257.56,4195.33,1
68,Female,120843.62,10070.3,Salaried,25,391379.12,48,713,2,1.0054,1,Bachelor,Rent,Divorced,Home,0,39499.02,21163.45,9739.49,0
22,Female,94129.39,7844.12,Salaried,1,90808.58,12,630,0,1.034,1,Master,Rent,Married,Education,0,33524.94,13141.11,8110.77,0
52,Male,204188.72,17015.73,Self-Employed,29,440782.59,36,633,0,0.8728,0,Bachelor,Mortgage,Married,Home,0,37576.74,12655.97,14851.71,0
28,Male,168831.49,14069.29,Self-Employed,4,106474.97,60,587,0,0.1722,1,Master,Rent,Single,Auto,0,0.0,492.06,2422.63,0
42,Female,68238.57,5686.55,Self-Employed,2,35812.39,36,525,2,0.3475,1,High School,Rent,Single,Personal,1,12277.88,7120.4,1294.7,1
26,Female,127570.4,10630.87,Salaried,1,33742.0,36,633,1,0.1433,3,Master,Rent,Divorced,Auto,0,19811.25,11122.9,1136.9,0
32,Female,134230.31,11185.86,Salaried,5,26483.64,36,679,2,0.1274,0,Bachelor,Rent,Single,Education,0,42451.81,12374.07,842.17,0
67,Male,239153.75,19929.48,Self-Employed,38,210891.57,12,694,0,0.9254,2,Bachelor,Mortgage,Divorced,Auto,1,93437.48,12161.33,18442.78,0
60,Male,99767.18,8313.93,Salaried,27,284531.6,36,671,0,1.0883,4,Bachelor,Rent,Married,Home,0,18581.74,12260.84,9048.03,0
56,Male,99999.09,8333.26,Salaried,1,151023.95,12,722,1,1.5,2,Master,Rent,Married,Business,0,34826.25,16019.28,13207.27,0
35,Female,105367.99,8780.67,Salaried,10,315344.96,24,699,4,1.5,2,Bachelor,Rent,Single,Home,0,32885.4,16692.15,14406.45,0
48,Female,128769.65,10730.8,Salaried,15,83998.43,24,671,1,0.3853,0,Master,Mortgage,Married,Education,0,38520.24,15874.2,3837.45,0
69,Female,121562.4,10130.2,Self-Employed,36,480223.51,48,703,0,1.1797,1,Bachelor,Mortgage,Married,Home,0,31990.2,12665.33,11950.38,0
65,Male,121174.05,10097.84,Self-Employed,25,99483.41,36,706,0,0.3133,2,High School,Rent,Married,Personal,0,38240.8,11196.11,3163.55,0
38,Male,95631.84,7969.32,Salaried,16,19207.85,24,647,0,0.1146,1,Bachelor,Rent,Married,Personal,0,49090.28,9911.52,913.18,0
22,Female,84349.12,7029.09,Self-Employed,0,32074.72,36,650,0,0.1537,0,Bachelor,Mortgage,Single,Auto,0,44122.52,16581.2,1080.72,0
33,Female,61694.23,5141.19,Salaried,0,245783.35,36,598,0,1.5,3,Bachelor,Rent,Single,Home,0,3472.92,3510.29,8281.41,1
65,Male,181122.54,15093.54,Salaried,35,706134.87,24,645,1,1.5,1,Bachelor,Rent,Single,Home,0,0.0,721.31,33570.94,1
35,Female,5370.53,447.54,Unemployed,0,2000.0,24,578,1,0.5318,4,Bachelor,Mortgage,Single,Auto,0,10094.8,7529.63,99.85,1
40,Male,160469.49,13372.46,Salaried,19,309107.59,48,747,0,0.5752,1,Master,Mortgage,Single,Home,0,30413.88,19865.76,7692.16,0
49,Female,108421.85,9035.15,Salaried,19,119023.73,36,695,2,0.4557,2,High School,Mortgage,Single,Business,0,25252.09,13846.5,3784.92,0
62,Female,203422.26,16951.86,Self-Employed,24,707542.6,48,675,0,1.0387,2,Bachelor,Mortgage,Married,Home,0,39164.95,24425.09,17607.23,0
49,Female,197714.16,16476.18,Salaried,24,354536.28,12,609,1,1.5,2,Master,Own,Married,Home,0,90813.44,35536.97,31666.21,0
23,Female,83268.83,6939.07,Salaried,0,23785.54,36,716,1,0.1252,0,Bachelor,Mortgage,Single,Personal,0,27042.53,8735.76,756.37,0
39,Male,143263.03,11938.59,Salaried,10,48833.34,24,730,2,0.2128,0,Bachelor,Rent,Married,Auto,0,30107.29,13817.32,2230.94,0
23,Female,6432.22,536.02,Student,0,2000.0,12,542,1,0.6579,1,Bachelor,Mortgage,Married,Auto,1,7136.01,5417.81,183.36,1
34,Female,57611.22,4800.94,Salaried,4,16342.57,36,742,0,0.1082,3,Bachelor,Mortgage,Married,Auto,0,30956.38,20416.77,519.69,0
60,Female,77331.33,6444.28,Salaried,20,44835.16,24,672,0,0.3178,1,High School,Rent,Married,Auto,0,9283.02,5964.88,2048.28,0
24,Female,63107.33,5258.94,Self-Employed,1,21942.76,36,636,0,0.1406,0,Bachelor,Rent,Single,Auto,0,0.0,3625.38,739.34,0
31,Male,11863.74,988.64,Unemployed,0,2967.29,24,679,2,0.5115,0,PhD,Rent,Single,Auto,0,8105.29,4735.55,135.56,0
51,Female,146844.69,12237.06,Salaried,21,26142.56,48,624,1,0.068,1,Bachelor,Rent,Single,Education,0,78702.72,28913.91,701.34,0
63,Female,118773.17,9897.76,Salaried,33,223908.03,48,718,3,0.6799,1,High School,Rent,Single,Home,0,50918.97,20011.27,5571.96,0
52,Male,110029.3,9169.11,Salaried,9,170372.49,24,654,0,0.8834,4,Bachelor,Mortgage,Married,Home,0,21181.01,9179.75,8099.82,0
47,Female,152642.14,12720.18,Salaried,12,29133.31,24,588,0,0.1089,1,Bachelor,Own,Divorced,Personal,0,5284.62,1629.77,1385.05,0
50,Male,43125.77,3593.81,Salaried,4,60538.63,24,665,0,0.8009,0,High School,Rent,Single,Home,0,15833.13,8954.35,2878.12,0
63,Male,141535.42,11794.62,Salaried,10,142801.67,24,639,0,0.5756,1,Master,Rent,Married,Business,0,66115.99,40748.47,6789.05,0
22,Male,38548.16,3212.35,Salaried,0,25338.31,36,658,2,0.4747,2,High School,Own,Married,Education,0,19702.77,4770.93,853.75,0
69,Female,363683.67,30306.97,Salaried,46,330233.9,48,802,0,0.2559,1,Master,Rent,Single,Business,0,85418.54,38053.98,7755.55,0
29,Female,111109.03,9259.09,Salaried,4,78238.61,60,664,0,0.1923,0,Bachelor,Rent,Divorced,Business,0,43408.97,18882.81,1780.17,0
48,Female,11574.3,964.52,Unemployed,0,2000.0,24,531,0,0.1035,0,Bachelor,Rent,Single,Auto,1,8079.31,6796.23,99.85,1
51,Female,124980.51,10415.04,Salaried,19,259649.11,48,628,1,0.6794,2,Bachelor,Rent,Divorced,Home,0,31623.08,15663.5,6965.74,0
54,Male,44788.27,3732.36,Salaried,9,86197.59,24,737,0,1.0551,0,High School,Mortgage,Single,Business,0,17427.67,11176.65,3937.91,0
35,Male,155001.61,12916.8,Self-Employed,12,105275.74,36,720,1,0.2871,0,Bachelor,Own,Single,Personal,0,31143.58,19838.73,3347.74,0
68,Male,180778.34,15064.86,Salaried,1,421911.41,36,758,0,0.852,0,PhD,Mortgage,Married,Home,0,49439.35,22548.68,12835.36,0
45,Female,55100.22,4591.69,Salaried,0,107264.92,36,543,0,0.8445,3,Bachelor,Own,Divorced,Home,2,18767.09,7865.18,3877.88,1
56,Female,102467.62,8538.97,Self-Employed,19,135544.09,24,612,0,0.7547,0,Bachelor,Rent,Single,Business,1,4759.93,2513.37,6444.01,0
28,Male,126079.19,10506.6,Salaried,6,16461.2,12,689,2,0.163,2,PhD,Mortgage,Married,Education,0,36251.09,22459.96,1439.56,0
29,Female,47587.5,3965.62,Salaried,0,39090.15,48,812,1,0.2782,1,High School,Rent,Married,Auto,0,5294.38,5250.02,918.03,0
57,Female,10290.43,857.54,Unemployed,0,4554.38,36,483,0,0.192,1,High School,Rent,Single,Education,1,10677.34,4982.59,164.65,1
68,Male,36084.71,3007.06,Salaried,3,24650.9,24,777,0,0.3633,2,High School,Rent,Married,Personal,0,1385.65,4246.35,1092.54,0
65,Female,140445.74,11703.81,Self-Employed,14,615665.72,36,647,0,1.5,1,Bachelor,Own,Married,Home,1,70388.78,23078.2,20744.21,1
59,Female,184204.85,15350.4,Self-Employed,29,529899.22,48,659,0,0.9261,1,Master,Mortgage,Single,Home,1,91905.8,34659.59,14215.87,1
52,Female,62609.68,5217.47,Salaried,5,12065.68,36,695,1,0.1047,0,Bachelor,Rent,Married,Education,0,18095.63,4713.4,383.69,0
37,Male,100612.62,8384.38,Self-Employed,5,38443.33,36,708,0,0.1458,1,Master,Rent,Divorced,Education,0,16762.56,10577.99,1222.49,0
55,Female,10332.76,861.06,Student,0,5765.01,24,696,0,0.3059,3,Bachelor,Mortgage,Married,Business,0,5352.21,3648.3,263.37,0
57,Female,106606.05,8883.84,Salaried,0,208096.56,24,681,1,1.105,3,Bachelor,Own,Divorced,Home,0,4348.82,6243.73,9506.84,0
39,Male,69952.65,5829.39,Self-Employed,6,142810.66,12,625,0,1.5,2,High School,Mortgage,Single,Home,0,4702.28,4549.73,12755.46,1
64,Female,128421.41,10701.78,Salaried,4,62733.77,24,726,0,0.2678,3,Master,Rent,Single,Auto,0,26257.68,15268.81,2865.98,0
49,Male,56004.18,4667.02,Salaried,21,37623.29,24,700,0,0.3683,4,High School,Rent,Divorced,Education,0,22241.51,7825.98,1718.81,0
27,Female,43485.07,3623.76,Salaried,0,82468.61,60,609,0,0.5178,2,Bachelor,Rent,Divorced,Home,0,10340.89,5822.24,1876.41,0
48,Female,58540.11,4878.34,Salaried,6,212471.98,12,751,0,1.5,1,Bachelor,Rent,Single,Home,0,26391.85,8923.07,18286.7,0
29,Female,33350.56,2779.21,Salaried,3,78495.28,60,776,0,0.546,1,High School,Rent,Single,Home,0,16325.76,4977.16,1517.53,0
48,Male,87185.52,7265.46,Salaried,2,232132.6,12,725,0,1.5,3,Bachelor,Rent,Married,Home,0,0.0,1943.34,20300.34,1
26,Male,9526.15,793.85,Student,0,28112.96,36,649,0,1.1932,2,High School,Mortgage,Single,Home,0,3997.53,5089.62,947.24,1
49,Male,72718.86,6059.9,Salaried,11,258163.02,24,773,1,1.5,2,Master,Own,Single,Home,0,24359.56,13553.99,11441.94,0
37,Male,99574.8,8297.9,Salaried,14,48077.53,36,701,2,0.216,0,Bachelor,Own,Married,Personal,0,6587.06,4534.41,1528.85,0
36,Male,52698.59,4391.55,Salaried,3,35339.41,48,643,1,0.2414,0,Bachelor,Mortgage,Divorced,Auto,0,19210.27,6672.08,948.07,0
43,Female,14881.19,1240.1,Student,0,3408.45,12,778,0,0.2366,0,Bachelor,Rent,Married,Personal,0,7149.84,4069.62,293.35,0
51,Male,95055.6,7921.3,Salaried,8,240607.23,60,704,0,0.6305,0,Bachelor,Rent,Married,Home,0,37672.06,12809.74,4994.61,0
23,Female,92612.66,7717.72,Self-Employed,0,138120.32,24,640,2,0.8935,3,Master,Own,Single,Home,1,12358.62,5712.68,6566.49,1
41,Male,82380.55,6865.05,Self-Employed,11,114324.04,36,710,0,0.5296,0,High School,Rent,Married,Business,0,34927.94,9477.97,3635.47,0
46,Female,49711.42,4142.62,Salaried,4,42568.23,60,729,2,0.3496,1,High School,Rent,Single,Personal,0,10930.13,6358.22,883.65,0
56,Female,75361.91,6280.16,Salaried,6,55820.53,48,658,1,0.2874,0,High School,Rent,Divorced,Personal,1,34266.36,8683.59,1497.53,0
62,Female,309054.63,25754.55,Salaried,30,200812.12,12,749,1,0.6943,0,Master,Rent,Married,Education,0,0.0,2042.23,17561.32,0
57,Female,124862.16,10405.18,Salaried,0,254999.1,36,727,0,0.7793,0,PhD,Rent,Married,Home,0,23055.77,6639.86,8108.9,0
42,Male,92706.92,7725.58,Salaried,10,217572.49,48,726,1,0.7236,4,Bachelor,Rent,Divorced,Home,0,5034.45,5476.66,5414.3,0
62,Male,177810.05,14817.5,Salaried,33,110518.92,48,748,0,0.1856,2,Bachelor,Mortgage,Single,Education,0,36298.38,14782.43,2750.27,0
32,Male,59591.85,4965.99,Salaried,2,31721.76,24,645,0,0.3037,2,High School,Rent,Divorced,Personal,0,32107.12,17838.01,1508.11,0
62,Male,94339.18,7861.6,Salaried,10,11633.91,24,769,1,0.084,3,High School,Rent,Single,Auto,0,3428.72,3634.22,515.62,0
33,Female,67085.96,5590.5,Salaried,0,32535.88,24,644,0,0.2767,4,Bachelor,Rent,Single,Education,0,3494.07,4204.38,1546.82,0
31,Male,27571.57,2297.63,Self-Employed,0,30484.78,36,645,0,0.447,1,High School,Rent,Single,Business,0,3103.41,3183.68,1027.15,0
36,Female,108550.45,9045.87,Salaried,7,27080.2,36,685,0,0.0952,0,Bachelor,Rent,Divorced,Auto,0,1026.95,792.05,861.14,0
28,Male,129358.41,10779.87,Salaried,4,50886.51,60,631,0,0.1074,0,Bachelor,Rent,Divorced,Personal,0,0.0,1199.13,1157.82,0
60,Female,13542.37,1128.53,Student,0,5533.01,24,806,1,0.4937,0,Bachelor,Rent,Single,Personal,0,8916.71,5220.83,245.23,0
60,Female,120792.57,10066.05,Salaried,7,361389.41,48,670,0,0.9632,0,Bachelor,Mortgage,Single,Home,0,411.55,931.3,9695.17,0
65,Male,117711.35,9809.28,Salaried,33,87245.79,12,604,2,0.8728,0,Bachelor,Rent,Divorced,Auto,0,7825.22,3491.19,7792.56,0
22,Male,97392.3,8116.02,Salaried,1,28813.8,24,715,3,0.274,0,Bachelor,Rent,Single,Education,0,32822.82,21444.94,1316.35,0
50,Female,59310.61,4942.55,Self-Employed,26,190270.99,36,646,0,1.2971,3,High School,Own,Married,Home,1,16605.35,7823.51,6410.98,1
50,Female,158032.96,13169.41,Salaried,28,95612.42,24,783,1,0.3495,2,Bachelor,Mortgage,Married,Auto,0,0.0,1024.59,4237.6,0
32,Male,45286.79,3773.9,Salaried,1,33521.78,48,660,0,0.2383,0,High School,Own,Divorced,Auto,0,26955.96,14143.92,899.31,0
30,Male,81506.61,6792.22,Salaried,4,350912.13,48,669,0,1.386,2,High School,Rent,Married,Home,0,28866.82,15363.45,9414.09,0
64,Female,49487.68,4123.97,Salaried,0,87755.82,48,850,0,0.4997,2,Bachelor,Rent,Married,Home,0,17218.12,9401.84,2060.95,0
31,Female,170132.82,14177.74,Salaried,8,143145.97,36,665,0,0.3402,0,Master,Rent,Divorced,Auto,0,74581.1,24436.78,4823.15,0
35,Male,30716.67,2559.72,Self-Employed,3,18554.94,36,653,0,0.2442,2,High School,Mortgage,Single,Education,0,21404.35,5616.99,625.19,0
36,Female,81719.32,6809.94,Salaried,9,40280.44,12,742,0,0.5173,0,High School,Rent,Single,Auto,1,0.0,921.53,3522.58,0
37,Female,55564.47,4630.37,Salaried,10,149561.85,48,691,0,0.8038,0,High School,Rent,Single,Home,0,4864.9,3611.42,3721.85,0
46,Female,185965.09,15497.09,Salaried,17,347024.27,36,681,0,0.7121,1,Bachelor,Mortgage,Divorced,Home,1,74104.03,10593.41,11035.28,0
22,Female,8717.43,726.45,Unemployed,0,5607.9,12,547,4,1.5,1,Bachelor,Mortgage,Married,Auto,2,7768.58,5221.31,514.13,1
32,Female,8089.05,674.09,Student,0,14433.41,12,592,0,1.5,0,High School,Own,Single,Business,0,7153.11,4186.19,1289.15,1
46,Male,120625.45,10052.12,Self-Employed,16,79433.93,24,637,0,0.3757,1,Master,Own,Married,Education,0,15611.06,6577.07,3776.43,0
43,Female,8393.09,699.42,Unemployed,0,28836.47,48,646,1,1.2694,3,Bachelor,Mortgage,Married,Home,0,5113.95,2656.59,773.61,1
38,Male,69545.74,5795.48,Salaried,5,160213.78,60,741,2,0.7117,2,Bachelor,Rent,Divorced,Home,0,30278.92,16769.51,3325.77,0
52,Female,3868.05,322.34,Unemployed,0,2000.0,48,574,1,0.5281,2,Bachelor,Mortgage,Single,Education,1,5265.54,2776.69,58.75,1
69,Male,120505.32,10042.11,Salaried,10,453955.03,48,798,0,1.0616,2,Bachelor,Rent,Married,Home,0,49348.33,21450.32,10661.15,0
58,Female,176297.33,14691.44,Salaried,23,110870.73,24,758,0,0.3345,2,Bachelor,Rent,Married,Personal,0,12082.63,8023.23,4913.86,0
67,Male,132845.1,11070.42,Self-Employed,35,287395.81,36,674,0,0.8255,0,Bachelor,Rent,Single,Home,0,18253.71,12528.0,9139.11,0
23,Female,7358.72,613.23,Unemployed,0,15568.98,48,609,0,0.6811,3,High School,Rent,Divorced,Home,0,5137.84,3898.6,417.68,1
58,Male,198980.65,16581.72,Salaried,32,129387.87,36,792,1,0.2581,2,Bachelor,Rent,Single,Education,0,105563.11,26473.39,3936.23,0
23,Female,108143.75,9011.98,Salaried,0,10184.7,48,676,0,0.0281,0,Bachelor,Own,Married,Education,1,46103.39,22432.35,253.45,0
50,Female,10034.33,836.19,Unemployed,0,2000.0,36,610,1,0.3921,1,High School,Own,Married,Education,0,11119.83,7387.69,67.39,0
21,Female,46040.74,3836.73,Salaried,0,22896.62,36,605,1,0.2702,1,High School,Mortgage,Married,Personal,0,8338.11,4319.86,771.48,0
50,Female,13444.07,1120.34,Student,0,11722.66,24,649,1,0.6497,0,High School,Rent,Single,Business,1,5160.14,2728.38,557.32,1
65,Male,158204.59,13183.72,Self-Employed,17,622731.35,12,691,0,1.5,0,Master,Own,Divorced,Home,0,68671.84,18255.07,54458.78,0
52,Female,69313.93,5776.16,Self-Employed,30,152593.86,60,595,2,0.6956,0,High School,Rent,Single,Home,0,29260.88,15678.43,3471.98,0
48,Female,97567.65,8130.64,Salaried,4,29614.0,48,637,0,0.0977,3,Master,Mortgage,Married,Auto,0,42589.78,9951.21,794.47,0
41,Female,156566.88,13047.24,Salaried,15,73694.47,12,730,0,0.494,0,Bachelor,Own,Married,Auto,0,25619.47,15442.96,6444.69,0
66,Female,151403.7,12616.98,Salaried,1,85013.29,24,694,0,0.3078,0,Master,Rent,Divorced,Auto,0,58684.78,22586.33,3883.81,0
33,Female,11835.84,986.32,Unemployed,0,26696.56,24,474,1,1.5,0,Bachelor,Own,Married,Home,2,4691.54,5590.92,1332.8,1
47,Male,150360.54,12530.04,Self-Employed,8,104487.27,24,640,1,0.4138,2,Master,Rent,Single,Personal,0,28501.4,9764.11,4967.52,0
56,Female,50873.78,4239.48,Salaried,1,12859.84,24,683,0,0.1386,3,High School,Own,Married,Education,0,28623.15,7450.23,587.5,0
27,Female,57598.96,4799.91,Self-Employed,4,22218.47,60,645,1,0.1859,1,Bachelor,Rent,Single,Personal,0,103.25,145.55,505.54,0
42,Female,53022.14,4418.51,Self-Employed,19,83307.39,36,679,2,0.7423,0,High School,Rent,Single,Business,0,30605.14,6715.1,2649.15,0
30,Female,7185.02,598.75,Unemployed,0,5555.21,36,616,0,0.3126,1,Bachelor,Mortgage,Divorced,Auto,1,5598.97,4474.15,187.18,1
59,Male,151016.83,12584.74,Salaried,16,664838.46,36,697,2,1.5,2,Bachelor,Rent,Married,Home,1,39124.51,24272.91,21141.69,1
35,Male,84040.05,7003.34,Salaried,9,6628.29,36,666,3,0.167,2,Bachelor,Rent,Single,Personal,0,14895.01,10083.69,223.33,0
35,Male,116293.0,9691.08,Salaried,8,65491.3,36,605,0,0.2277,2,Bachelor,Mortgage,Married,Education,0,27460.44,15952.01,2206.66,0
24,Male,57823.76,4818.65,Salaried,2,17182.5,24,632,1,0.1917,0,High School,Mortgage,Single,Personal,0,27573.91,9122.89,816.89,0
52,Female,14407.49,1200.62,Student,0,46129.88,24,622,2,1.5,0,Bachelor,Own,Single,Home,0,6010.93,3753.82,2193.1,1
43,Female,72374.81,6031.23,Salaried,9,9387.52,60,724,1,0.0698,0,Bachelor,Rent,Single,Personal,0,29109.91,12870.19,194.87,0
26,Male,7910.58,659.22,Unemployed,0,2000.0,60,710,0,0.063,4,High School,Rent,Married,Education,0,2696.98,4360.67,41.52,0
44,Male,9137.97,761.5,Student,0,25120.38,12,686,1,1.5,1,Master,Mortgage,Married,Home,0,4708.75,4366.24,2196.81,1
40,Female,121852.09,10154.34,Salaried,7,180277.76,24,755,1,0.8188,2,PhD,Rent,Married,Home,0,32914.66,12696.09,7990.02,0
57,Female,5572.92,464.41,Unemployed,0,22121.32,60,666,0,1.0067,3,Master,Rent,Single,Home,0,5309.78,3470.43,503.33,1
40,Female,139838.15,11653.18,Salaried,19,242604.23,12,598,0,1.5,3,Master,Mortgage,Married,Home,0,67043.2,22205.39,21668.75,1
32,Female,71935.4,5994.62,Self-Employed,10,180042.47,60,646,0,0.6834,0,High School,Mortgage,Married,Home,1,35731.55,20213.01,4096.52,1
53,Female,195740.05,16311.67,Salaried,12,35811.37,36,638,1,0.0886,0,PhD,Mortgage,Married,Auto,0,5513.77,4036.09,1206.63,0
48,Male,13655.4,1137.95,Student,0,51195.87,36,577,0,1.5,3,Bachelor,Rent,Divorced,Home,0,11741.99,5168.06,1850.85,1
28,Male,74315.74,6192.98,Salaried,4,13395.48,48,729,0,0.0538,4,High School,Own,Married,Auto,0,18069.64,7656.67,333.35,0
21,Male,5025.15,418.76,Unemployed,0,18323.5,60,657,2,1.3898,1,Master,Mortgage,Married,Home,0,7074.17,3659.24,416.92,1
57,Male,94467.47,7872.29,Self-Employed,8,10896.69,24,481,2,0.1447,3,High School,Mortgage,Divorced,Education,2,14816.6,6899.92,544.01,1
42,Female,119046.69,9920.56,Salaried,4,57938.74,48,652,3,0.2338,0,Bachelor,Own,Married,Auto,0,0.0,3133.2,1554.35,0
26,Female,58544.87,4878.74,Salaried,1,225327.08,36,676,1,1.5,0,High School,Rent,Married,Home,0,25283.89,4675.48,7165.34,0
41,Male,49788.34,4149.03,Salaried,7,9754.26,48,666,0,0.0631,1,Bachelor,Mortgage,Married,Personal,0,24521.25,6539.92,261.68,0
52,Male,112752.72,9396.06,Salaried,28,96086.9,48,715,1,0.2933,2,Bachelor,Mortgage,Single,Education,0,4033.92,3993.89,2391.13,0
55,Male,9893.19,824.43,Unemployed,0,2000.0,24,628,0,0.1153,2,Bachelor,Rent,Married,Personal,0,9652.95,8083.62,95.08,0
35,Female,53410.6,4450.88,Salaried,3,21248.28,24,701,0,0.2181,1,High School,Mortgage,Married,Personal,0,27645.87,19493.85,970.72,0
25,Female,6259.51,521.63,Student,0,2863.49,12,684,2,1.5,0,Bachelor,Own,Single,Education,0,5999.86,6836.58,250.42,1
66,Male,6082.6,506.88,Unemployed,0,22472.39,24,669,0,1.5,0,Bachelor,Mortgage,Single,Home,1,5162.0,2953.44,1068.38,1
68,Male,54104.64,4508.72,Salaried,13,205170.63,24,709,1,1.5,3,High School,Rent,Divorced,Home,0,18547.47,8254.64,9373.17,0
26,Female,144827.01,12068.92,Salaried,1,388522.77,24,725,0,1.4707,0,Master,Mortgage,Married,Home,0,52585.15,14039.43,17749.56,0
45,Female,10892.58,907.72,Unemployed,0,21937.09,48,495,0,0.7099,2,Bachelor,Mortgage,Single,Home,1,9049.21,7163.18,644.4,1
66,Male,163219.44,13601.62,Salaried,21,120837.64,24,784,0,0.3937,2,Master,Mortgage,Single,Personal,0,28513.17,18063.38,5355.6,0
60,Female,72662.86,6055.24,Salaried,32,162937.33,48,707,0,0.6696,2,High School,Mortgage,Married,Home,0,34138.09,18473.82,4054.7,0
49,Female,123671.7,10305.98,Salaried,23,195060.74,12,651,0,1.5,4,Bachelor,Rent,Single,Home,0,51669.67,7563.24,17422.29,0
27,Male,6287.4,523.95,Student,0,16973.95,24,566,0,1.5,1,High School,Rent,Single,Home,0,4501.48,1832.92,847.41,1
60,Male,127843.31,10653.61,Salaried,28,57060.27,24,781,1,0.2599,2,Bachelor,Mortgage,Married,Education,0,22778.71,10771.18,2528.95,0
33,Male,94067.43,7838.95,Salaried,12,42581.63,24,660,2,0.3135,0,High School,Mortgage,Married,Auto,1,47153.83,9845.5,2024.41,0
58,Female,121167.81,10097.32,Salaried,26,167233.93,60,644,0,0.3768,0,Bachelor,Mortgage,Single,Business,0,6720.28,4140.72,3805.09,0
38,Female,78315.15,6526.26,Salaried,0,285254.09,48,624,0,1.1726,1,Bachelor,Own,Single,Home,0,10571.76,6224.83,7652.65,0
22,Female,30943.67,2578.64,Salaried,0,27437.17,24,632,0,0.5059,0,High School,Rent,Married,Personal,0,18151.85,6411.32,1304.41,0
28,Female,5476.25,456.35,Unemployed,0,2683.78,60,655,1,0.5156,3,Bachelor,Rent,Single,Education,0,6483.64,5477.06,61.06,1
31,Female,75549.27,6295.77,Salaried,3,49924.38,24,722,1,0.4083,2,PhD,Mortgage,Single,Education,0,38131.17,15913.33,2280.78,0
53,Female,71275.44,5939.62,Self-Employed,9,34268.44,36,698,0,0.1835,0,High School,Own,Single,Auto,0,15947.86,8223.16,1089.73,0
58,Female,150029.3,12502.44,Salaried,34,461314.21,12,702,0,1.5,0,Bachelor,Mortgage,Single,Home,0,43885.74,9556.78,40342.61,0
68,Male,259308.74,21609.06,Salaried,38,84216.66,36,637,2,0.164,0,Bachelor,Mortgage,Single,Auto,1,42121.21,16230.19,2837.59,0
47,Female,136560.55,11380.05,Salaried,26,42396.29,12,850,0,0.3206,1,Bachelor,Mortgage,Divorced,Education,0,9697.67,7909.33,3648.9,0
40,Female,169244.02,14103.67,Self-Employed,15,26954.13,36,625,1,0.0901,2,Master,Mortgage,Single,Education,0,56412.17,18599.73,908.19,0
32,Female,258412.72,21534.39,Self-Employed,10,110904.4,36,610,1,0.1843,1,PhD,Mortgage,Single,Education,0,130588.16,26715.09,3736.81,0
63,Male,150837.18,12569.76,Salaried,19,181187.39,36,724,1,0.4674,0,Bachelor,Rent,Single,Business,0,64862.38,30788.31,5761.71,0
51,Female,162076.46,13506.37,Salaried,29,27881.46,12,803,1,0.1861,0,Bachelor,Rent,Married,Education,0,83797.16,37198.39,2399.66,0
47,Female,61008.72,5084.06,Self-Employed,9,177538.76,60,672,0,0.7249,0,Bachelor,Rent,Married,Home,0,20069.71,7659.38,3685.41,0
52,Male,146627.04,12218.92,Salaried,12,108499.58,36,687,1,0.3084,1,Bachelor,Mortgage,Married,Personal,0,0.0,823.19,3450.26,0
30,Female,85678.75,7139.9,Salaried,0,32384.83,48,559,1,0.1886,0,Bachelor,Rent,Married,Education,0,26531.67,5690.84,951.3,0
23,Male,65720.63,5476.72,Salaried,2,29424.0,36,644,0,0.181,0,Master,Mortgage,Single,Auto,0,26468.15,8847.33,991.41,0
65,Female,147642.49,12303.54,Salaried,41,39683.08,48,726,1,0.1082,0,Bachelor,Rent,Divorced,Personal,0,0.0,1185.17,987.52,0
47,Female,74710.62,6225.88,Salaried,11,36806.0,24,652,0,0.2811,1,High School,Rent,Single,Education,1,37138.26,23256.62,1749.82,0
55,Female,50145.74,4178.81,Salaried,21,60116.01,36,736,0,0.4575,1,High School,Rent,Single,Business,0,21399.87,5579.66,1911.67,0
51,Male,170563.41,14213.62,Salaried,10,84616.29,36,660,0,0.2006,2,Master,Rent,Single,Auto,0,33780.28,16617.36,2851.06,0
35,Male,36389.69,3032.47,Salaried,0,10449.13,36,635,0,0.1161,2,High School,Rent,Single,Education,0,9457.88,5868.56,352.07,0
36,Female,97981.35,8165.11,Self-Employed,8,49840.6,36,649,1,0.2267,2,Bachelor,Rent,Married,Auto,0,7960.18,6859.36,1679.33,0
33,Male,50431.75,4202.65,Salaried,9,190348.9,12,636,0,1.5,0,High School,Own,Married,Home,0,27629.66,12043.34,17001.45,1
69,Female,126615.92,10551.33,Salaried,39,18540.57,36,717,1,0.0746,0,High School,Own,Married,Auto,0,52124.66,27995.86,589.59,0
55,Male,46898.17,3908.18,Salaried,9,35302.39,48,723,0,0.2248,1,High School,Mortgage,Single,Education,0,18132.41,10777.12,878.5,0
31,Female,91889.33,7657.44,Self-Employed,3,320511.38,36,607,0,1.4103,0,Bachelor,Rent,Married,Home,0,48365.77,10873.23,10799.3,1
41,Female,81803.59,6816.97,Salaried,4,30068.02,60,718,0,0.0916,0,High School,Mortgage,Single,Auto,1,9327.53,1170.81,624.16,0
31,Male,125504.25,10458.69,Self-Employed,7,67406.36,12,579,0,0.5909,0,Bachelor,Rent,Married,Education,0,58748.93,24120.6,6179.81,0
50,Female,93431.62,7785.97,Salaried,17,17719.1,36,650,0,0.0767,0,Bachelor,Rent,Single,Auto,1,28552.84,11558.22,597.03,0
68,Female,6981.09,581.76,Unemployed,0,2000.0,24,602,1,0.5601,0,Bachelor,Mortgage,Single,Education,0,6893.01,3555.4,95.08,0
55,Female,83079.76,6923.31,Salaried,5,236823.04,24,725,0,1.5,2,Bachelor,Mortgage,Married,Home,0,30228.88,11137.93,10819.2,0
42,Male,149478.46,12456.54,Salaried,9,94970.2,24,673,1,0.3708,0,Bachelor,Rent,Married,Education,0,60161.08,15177.05,4338.69,0
58,Female,202616.1,16884.68,Self-Employed,27,146321.9,12,633,1,0.7909,0,Bachelor,Mortgage,Married,Education,0,9896.98,4613.96,13069.07,1
51,Male,63780.01,5315.0,Salaried,10,17747.81,12,681,0,0.292,0,Bachelor,Rent,Single,Auto,0,13325.09,3210.35,1552.07,0
34,Male,64181.03,5348.42,Self-Employed,7,14858.62,48,636,3,0.2941,2,Bachelor,Rent,Single,Education,0,11077.39,4495.64,398.62,0
44,Male,174294.12,14524.51,Salaried,4,24272.42,12,763,0,0.1438,2,PhD,Mortgage,Single,Education,0,58715.05,9468.61,2089.04,0
69,Female,102937.88,8578.16,Salaried,27,29337.42,48,770,1,0.1102,0,Bachelor,Rent,Married,Education,0,20586.01,12217.54,688.99,0
52,Male,217570.28,18130.86,Self-Employed,25,332292.44,36,598,2,0.6523,2,Bachelor,Mortgage,Married,Home,0,94673.17,24837.05,11196.25,0
56,Female,120928.69,10077.39,Self-Employed,2,76202.08,36,741,0,0.2405,0,Bachelor,Rent,Single,Education,0,6596.17,3049.89,2423.21,0
52,Male,161074.73,13422.89,Self-Employed,17,48580.9,36,602,0,0.1219,2,Bachelor,Rent,Single,Education,0,63840.79,35136.88,1636.88,0
35,Male,29500.81,2458.4,Salaried,3,19879.04,60,735,0,0.1679,2,High School,Own,Married,Education,0,15002.92,4142.9,412.66,0
63,Male,9827.27,818.94,Student,0,33856.18,24,717,1,1.5,2,Bachelor,Rent,Single,Home,0,5378.33,2686.13,1546.71,1
55,Male,152221.36,12685.11,Salaried,31,313184.28,24,672,0,1.1279,2,Bachelor,Mortgage,Single,Home,0,7230.23,3282.11,14307.74,0
23,Female,105262.39,8771.87,Salaried,2,14107.32,36,700,0,0.0511,0,Bachelor,Rent,Married,Education,0,13201.96,6978.15,448.61,0
36,Male,84996.9,7083.08,Salaried,2,171240.97,36,679,0,0.7688,1,Master,Rent,Single,Home,1,19904.67,7357.81,5445.42,1
25,Male,8861.26,738.44,Student,0,2124.44,60,632,1,0.5292,0,Bachelor,Rent,Divorced,Personal,0,7353.88,4189.13,48.34,0
41,Male,44512.6,3709.38,Salaried,0,34370.13,12,645,3,0.9393,4,Bachelor,Mortgage,Married,Business,1,16800.23,11970.49,3069.85,1
30,Male,109542.69,9128.56,Self-Employed,1,30048.57,36,644,2,0.1958,0,PhD,Rent,Single,Personal,0,14624.06,4092.7,1012.46,0
39,Male,154754.65,12896.22,Salaried,10,402530.31,48,585,2,0.8581,1,Bachelor,Rent,Single,Home,0,0.0,2297.83,10798.88,0
45,Female,224975.38,18747.95,Salaried,14,88820.47,24,567,0,0.2365,0,Master,Own,Single,Personal,0,98070.68,47749.26,4434.28,0
24,Female,135027.99,11252.33,Salaried,2,260705.63,48,695,1,0.598,0,Master,Mortgage,Married,Home,0,26908.25,15136.64,6487.67,0
49,Female,140726.37,11727.2,Salaried,0,413034.77,36,704,4,1.2469,1,Master,Mortgage,Divorced,Home,0,11081.29,8514.42,13134.4,0
39,Female,46937.25,3911.44,Salaried,8,11938.58,60,668,2,0.1403,1,High School,Rent,Single,Personal,0,23487.57,15574.83,271.64,0
63,Female,143594.48,11966.21,Salaried,39,202574.7,36,745,0,0.5383,0,High School,Own,Divorced,Home,0,66113.7,20471.72,6441.82,0
22,Female,74997.92,6249.83,Salaried,0,197504.01,24,658,0,1.5,0,Bachelor,Rent,Married,Home,1,34204.78,11335.33,9389.7,1
30,Male,94114.38,7842.87,Salaried,9,37393.34,48,704,0,0.1186,2,Bachelor,Rent,Divorced,Personal,0,14250.68,9077.96,930.53,0
63,Male,101454.72,8454.56,Salaried,16,193585.48,24,767,0,1.0148,0,Bachelor,Rent,Married,Business,0,10344.71,7555.2,8579.83,0
45,Male,114770.85,9564.24,Salaried,17,34253.54,24,573,1,0.1931,1,High School,Own,Married,Education,0,45211.17,15807.93,1710.08,0
40,Male,78760.42,6563.37,Salaried,15,45255.85,48,519,1,0.22,1,High School,Rent,Married,Education,0,2003.6,2769.81,1329.39,0
68,Male,95474.61,7956.22,Salaried,1,60383.07,48,733,1,0.2123,1,Bachelor,Mortgage,Married,Auto,0,20151.61,10697.27,1502.64,0
39,Female,98887.92,8240.66,Salaried,16,278841.94,60,693,2,0.7342,0,High School,Mortgage,Single,Home,0,39989.04,10322.08,5788.3,0
43,Male,35619.98,2968.33,Salaried,3,122704.85,24,683,4,1.5,2,High School,Own,Divorced,Home,0,14803.06,10172.28,5605.74,0
44,Female,34034.01,2836.17,Salaried,6,21058.2,36,641,0,0.2502,0,High School,Mortgage,Married,Auto,0,15404.98,9079.27,709.53,0
31,Male,88437.57,7369.8,Self-Employed,8,15425.64,24,587,0,0.0995,0,High School,Rent,Married,Personal,0,27739.86,17322.84,733.36,0
66,Male,175286.65,14607.22,Salaried,34,49153.32,60,714,0,0.0699,1,Bachelor,Own,Divorced,Personal,0,10486.95,4095.28,1020.34,0
54,Female,10100.86,841.74,Unemployed,0,2947.79,48,589,2,0.3572,0,Bachelor,Rent,Divorced,Auto,0,5322.65,4370.92,79.08,0
48,Female,4970.65,414.22,Unemployed,0,8135.01,36,654,0,0.5482,0,High School,Mortgage,Married,Business,0,10907.95,4747.49,274.1,0
25,Male,76262.59,6355.22,Self-Employed,3,66014.02,60,645,0,0.2363,2,High School,Rent,Single,Education,0,9813.39,3023.74,1502.02,0
25,Female,115781.38,9648.45,Self-Employed,4,33380.23,48,632,1,0.1258,3,Bachelor,Mortgage,Divorced,Personal,0,57199.93,14298.68,895.51,0
41,Female,76705.41,6392.12,Salaried,4,57250.52,12,749,0,0.7833,1,Bachelor,Rent,Married,Auto,0,7384.04,4452.48,5006.64,0
32,Male,94816.6,7901.38,Self-Employed,1,208448.98,48,681,2,0.7488,0,Master,Rent,Married,Home,0,0.0,1570.55,5187.26,0
24,Male,63816.93,5318.08,Salaried,0,31757.59,12,669,0,0.5334,0,Bachelor,Rent,Divorced,Personal,0,29790.45,7858.94,2836.5,0
69,Female,96268.06,8022.34,Salaried,20,65199.67,24,673,1,0.4179,1,Master,Rent,Single,Business,1,49765.63,10660.87,2978.63,0
62,Female,146082.25,12173.52,Salaried,16,52546.92,12,771,1,0.3987,1,Bachelor,Mortgage,Single,Education,0,12428.0,8205.36,4522.53,0
40,Male,71864.13,5988.68,Salaried,6,7421.94,12,722,2,0.1763,0,Bachelor,Mortgage,Married,Auto,0,3220.53,3550.08,649.06,0
58,Female,157777.57,13148.13,Self-Employed,13,49743.56,36,657,0,0.1275,2,Bachelor,Own,Single,Personal,0,13333.39,8210.11,1676.06,0
45,Male,108995.42,9082.95,Salaried,14,68729.96,60,710,1,0.1777,0,High School,Rent,Married,Education,0,33852.75,19169.56,1426.72,0
34,Female,70909.59,5909.13,Salaried,4,144683.08,12,606,1,1.5,0,High School,Rent,Single,Home,0,23015.49,12252.85,12922.7,1
31,Male,40893.84,3407.82,Salaried,5,83298.79,48,545,0,0.718,0,High School,Own,Single,Business,0,15729.09,10797.91,2446.9,1
52,Female,5892.92,491.08,Student,0,2000.0,24,717,0,0.1827,2,Bachelor,Mortgage,Married,Auto,0,1656.88,3969.86,91.37,0
31,Female,86885.48,7240.46,Salaried,8,158179.36,12,648,2,1.5,0,High School,Mortgage,Married,Home,0,3818.78,4127.0,14128.15,0
38,Male,111445.29,9287.11,Salaried,15,342066.87,60,619,1,0.8526,0,High School,Mortgage,Single,Home,0,6727.56,5180.61,7783.07,0
47,Male,8520.39,710.03,Student,0,3973.61,12,683,0,0.4894,0,Bachelor,Rent,Single,Auto,0,8871.88,5352.34,347.5,0
38,Female,106619.49,8884.96,Salaried,0,330125.32,12,642,2,1.5,3,PhD,Rent,Married,Home,0,32032.91,12713.14,29485.89,0
43,Female,5902.76,491.9,Unemployed,0,4929.75,24,589,3,1.5,1,High School,Rent,Married,Auto,0,5930.04,3221.14,234.37,1
31,Male,10276.22,856.35,Unemployed,0,19605.61,60,450,0,0.5814,0,Bachelor,Mortgage,Divorced,Home,0,8752.46,7302.25,497.85,1
41,Male,77252.61,6437.72,Salaried,7,220717.36,24,684,1,1.5,2,High School,Mortgage,Single,Home,0,30572.72,16363.82,10083.42,0
64,Female,104492.02,8707.67,Salaried,17,235428.19,12,776,1,1.5,0,Master,Rent,Married,Home,0,49221.73,17170.57,20262.46,0
25,Female,59003.91,4916.99,Salaried,1,15056.69,24,636,0,0.1456,1,High School,Mortgage,Single,Education,0,23655.56,4769.61,715.82,0
43,Male,57095.1,4757.92,Salaried,3,28641.43,36,718,0,0.1914,1,Master,Own,Single,Education,0,23447.33,5016.86,910.79,0
61,Female,12103.86,1008.66,Student,0,19793.61,48,741,1,0.609,1,High School,Mortgage,Divorced,Home,0,7541.95,3746.77,492.56,0
45,Female,227633.82,18969.48,Salaried,20,34070.91,24,708,0,0.0821,0,Master,Rent,Single,Personal,0,92285.84,19235.48,1556.52,0
61,Male,10149.48,845.79,Unemployed,0,5393.06,36,666,1,0.4459,2,High School,Rent,Single,Education,0,7731.42,5910.63,181.71,0
30,Male,56282.13,4690.18,Salaried,0,142764.86,24,626,0,1.4471,1,High School,Mortgage,Single,Home,1,20500.29,6732.74,6787.3,1
42,Male,6805.88,567.16,Student,0,20126.86,36,673,0,1.1285,4,High School,Rent,Divorced,Home,0,5149.67,6309.71,640.03,0
39,Female,111262.22,9271.85,Salaried,18,426933.85,12,649,0,1.5,2,High School,Mortgage,Married,Home,1,45214.65,12617.78,38132.57,1
21,Female,139979.06,11664.92,Salaried,0,349563.3,36,629,1,1.0396,4,Master,Rent,Married,Home,1,45147.03,28090.99,11778.17,1
27,Female,91837.49,7653.12,Salaried,2,30015.13,12,644,2,0.4451,1,Bachelor,Mortgage,Married,Education,0,47742.29,19765.96,2680.87,0
24,Male,65109.9,5425.82,Salaried,3,182476.51,60,729,2,0.8239,0,Bachelor,Rent,Single,Home,0,10387.96,6177.25,3787.91,0
21,Male,84920.09,7076.67,Salaried,0,41904.59,60,700,2,0.2289,2,PhD,Rent,Married,Auto,0,42477.72,16991.15,869.87,0
35,Female,65831.67,5485.97,Salaried,5,5493.92,36,564,0,0.0362,2,Bachelor,Mortgage,Single,Auto,0,21756.85,15811.49,198.62,0
60,Male,98211.81,8184.32,Salaried,13,203420.77,60,782,2,0.5298,3,PhD,Mortgage,Married,Home,1,51287.98,24706.11,3932.69,0
32,Female,36732.14,3061.01,Salaried,11,20157.47,36,759,0,0.2003,0,High School,Mortgage,Married,Auto,0,15199.98,8292.83,613.23,0
42,Female,146655.07,12221.26,Salaried,21,48051.85,24,686,3,0.2648,1,Master,Rent,Single,Education,0,66115.83,27374.73,2195.24,0
42,Male,128066.37,10672.2,Self-Employed,20,83836.76,12,670,0,0.7016,3,High School,Mortgage,Single,Auto,0,15038.56,13261.43,7488.07,0
67,Male,161471.15,13455.93,Self-Employed,23,239293.98,60,732,0,0.3692,3,Bachelor,Rent,Married,Business,0,12275.63,8685.89,4967.35,0
37,Male,98357.88,8196.49,Self-Employed,12,203628.83,24,749,0,1.135,0,Bachelor,Own,Single,Home,0,29118.63,14955.0,9302.73,0
49,Male,2108.48,175.71,Unemployed,0,2000.0,48,540,2,1.1523,2,Bachelor,Own,Single,Education,0,5660.51,3581.41,58.75,1
66,Female,303898.83,25324.9,Self-Employed,43,114924.95,36,700,1,0.1583,1,Bachelor,Rent,Single,Auto,0,154840.54,80304.49,3654.58,0
34,Male,106098.73,8841.56,Salaried,12,62175.08,24,644,0,0.3343,0,Bachelor,Mortgage,Married,Auto,0,26700.74,11136.92,2955.92,0
40,Male,253555.48,21129.62,Salaried,9,406567.22,24,773,0,0.8528,3,PhD,Rent,Divorced,Business,0,0.0,4882.03,18019.31,0
68,Female,213524.49,17793.71,Salaried,10,133829.0,48,756,1,0.1835,1,PhD,Mortgage,Married,Personal,0,46536.8,19327.33,3142.98,0
53,Male,132297.32,11024.78,Salaried,23,383193.41,48,657,0,0.9325,2,PhD,Own,Married,Home,0,31915.66,14790.6,10280.12,0
63,Female,326166.15,27180.51,Salaried,23,321879.18,48,776,0,0.2781,3,PhD,Mortgage,Married,Business,0,0.0,1809.54,7559.34,0
35,Male,111283.13,9273.59,Salaried,11,171953.4,48,668,1,0.5262,0,Bachelor,Rent,Single,Home,0,10574.21,4895.1,4613.08,0
32,Male,147672.9,12306.08,Salaried,6,374526.78,12,721,0,1.5,3,PhD,Rent,Single,Home,0,0.0,1937.89,32752.92,1
60,Male,322010.04,26834.17,Salaried,39,620093.58,24,570,0,1.1537,2,Master,Rent,Married,Home,0,83529.24,20849.95,30957.62,0
40,Male,156800.51,13066.71,Self-Employed,16,45488.25,48,668,1,0.1063,2,Bachelor,Mortgage,Married,Auto,0,18051.3,11100.17,1220.34,0
50,Female,105010.81,8750.9,Salaried,2,14246.78,60,664,0,0.037,1,Bachelor,Own,Married,Auto,0,8199.1,3774.16,324.16,0
58,Female,151264.36,12605.36,Salaried,5,517297.38,48,850,0,0.9638,0,Master,Mortgage,Married,Home,0,63017.73,26776.94,12148.74,0
23,Male,92442.87,7703.57,Salaried,2,72903.66,36,548,0,0.3421,2,Bachelor,Mortgage,Divorced,Education,2,0.0,795.91,2635.64,1
48,Male,165762.75,13813.56,Salaried,22,78367.74,48,709,3,0.2096,0,Bachelor,Rent,Divorced,Auto,0,58114.24,9871.88,1950.18,0
46,Male,84232.12,7019.34,Salaried,6,69856.06,24,688,0,0.4547,1,High School,Mortgage,Single,Business,0,28205.55,15639.62,3191.36,0
50,Male,242870.29,20239.19,Salaried,26,140874.94,36,658,0,0.2345,1,Master,Rent,Single,Business,0,97985.46,36756.59,4746.63,0
33,Male,90203.62,7516.97,Salaried,5,55810.92,48,651,0,0.1992,1,PhD,Own,Married,Education,0,4000.45,2652.16,1497.27,0
33,Female,127150.57,10595.88,Salaried,12,350059.86,36,665,1,1.1426,2,Bachelor,Rent,Single,Home,0,58837.87,19861.22,11794.9,0
22,Female,34839.68,2903.31,Salaried,1,17394.79,24,565,2,0.4657,2,High School,Mortgage,Divorced,Auto,0,9951.33,9757.84,868.42,0
57,Male,80223.46,6685.29,Salaried,27,15529.84,60,701,1,0.0861,2,Bachelor,Mortgage,Single,Personal,0,0.0,2165.42,322.37,0
69,Female,77130.01,6427.5,Salaried,11,70994.53,48,701,1,0.3122,2,Bachelor,Mortgage,Married,Business,0,26093.73,4595.95,1766.7,0
58,Female,100123.96,8343.66,Self-Employed,26,67078.4,24,697,0,0.3673,2,Bachelor,Rent,Married,Auto,0,47762.05,26190.48,3064.46,0
22,Male,46963.47,3913.62,Salaried,1,158475.79,12,672,1,1.5,0,Bachelor,Mortgage,Married,Home,0,11680.11,7183.18,13858.94,0
56,Female,160872.02,13406.0,Salaried,20,43569.62,48,727,0,0.0809,2,PhD,Mortgage,Single,Auto,0,39753.73,22370.55,1084.23,0
46,Female,105293.36,8774.45,Salaried,8,32252.8,36,603,0,0.1239,0,Bachelor,Own,Divorced,Education,0,18835.58,7958.73,1086.72,0
31,Male,48860.24,4071.69,Salaried,0,95449.05,36,664,2,0.8804,1,Bachelor,Mortgage,Single,Home,0,3376.92,2205.45,3216.06,0
28,Female,7794.38,649.53,Student,0,3587.76,60,629,1,0.4552,1,Master,Rent,Married,Education,1,5075.58,4931.64,81.63,0
64,Male,234829.03,19569.09,Salaried,33,80613.74,24,719,0,0.1882,1,Bachelor,Rent,Married,Education,0,114391.12,67532.01,3682.82,0
60,Male,169342.26,14111.86,Salaried,36,108598.23,12,689,0,0.673,0,High School,Mortgage,Single,Auto,0,31535.5,9981.06,9497.08,0
63,Female,112466.39,9372.2,Salaried,20,13876.29,24,623,2,0.1244,0,Bachelor,Own,Divorced,Auto,0,2282.73,1003.64,659.7,0
42,Male,10989.51,915.79,Unemployed,0,47106.5,48,558,0,1.5,0,Bachelor,Mortgage,Married,Home,0,10166.92,3399.47,1383.75,1
40,Male,7857.28,654.77,Unemployed,0,4314.16,60,620,0,0.1499,1,Master,Rent,Married,Personal,0,8321.43,6175.78,98.16,0
28,Male,81353.26,6779.44,Self-Employed,3,34341.45,36,522,1,0.2167,0,Master,Mortgage,Married,Education,0,25533.29,4383.44,1241.53,0
49,Female,176855.37,14737.95,Salaried,22,268698.49,12,676,2,1.5,0,Bachelor,Rent,Married,Home,0,5561.8,4066.35,23498.08,0
60,Female,11220.94,935.08,Unemployed,0,25730.02,48,698,2,1.028,0,High School,Rent,Single,Home,0,13924.31,7771.54,640.29,0
46,Female,111286.64,9273.89,Salaried,23,62742.08,24,702,2,0.3678,0,High School,Rent,Married,Auto,0,15401.3,7151.32,2866.36,0
50,Female,71535.73,5961.31,Self-Employed,9,45176.89,24,680,0,0.3462,3,Bachelor,Mortgage,Married,Personal,0,0.0,1223.34,2063.89,0
37,Male,2858.8,238.23,Unemployed,0,2000.0,36,567,0,0.1446,2,Bachelor,Own,Single,Auto,0,4339.16,2913.56,72.3,1
40,Male,65647.08,5470.59,Self-Employed,5,16676.01,36,648,1,0.1293,3,Bachelor,Rent,Married,Education,0,31973.2,10562.23,561.88,0
36,Female,75465.77,6288.81,Salaried,5,48780.49,60,610,2,0.2909,1,Bachelor,Mortgage,Married,Personal,0,37263.91,18862.83,1109.91,0
66,Female,187590.44,15632.54,Self-Employed,20,505455.21,48,638,0,0.8674,2,PhD,Mortgage,Married,Home,0,63877.66,34553.14,13560.1,0
63,Male,243645.21,20303.77,Salaried,36,157939.99,36,656,1,0.2784,1,Master,Rent,Single,Auto,0,47580.99,18138.11,5321.62,0
27,Male,58299.81,4858.32,Salaried,4,122970.54,36,726,3,0.8796,1,High School,Rent,Single,Business,0,15728.24,6704.6,3910.43,0
36,Female,102000.42,8500.04,Self-Employed,10,161273.86,24,563,3,0.9935,1,Bachelor,Rent,Single,Home,0,5872.85,2782.92,8051.45,1
65,Female,162014.18,13501.18,Salaried,39,90473.94,24,724,1,0.333,0,Bachelor,Rent,Married,Personal,0,26793.43,10277.05,4133.28,0
67,Female,54614.74,4551.23,Salaried,20,149607.48,36,742,1,1.1331,2,High School,Mortgage,Divorced,Home,0,6028.88,3582.49,4757.48,0
68,Male,126727.92,10560.66,Salaried,21,93515.34,48,652,1,0.2707,3,Bachelor,Rent,Single,Education,0,25126.25,13106.05,2508.78,0
47,Female,80231.06,6685.92,Salaried,2,57002.81,24,706,2,0.5037,2,High School,Rent,Single,Business,0,23694.01,13491.5,2604.16,0
43,Female,87694.49,7307.87,Salaried,13,20588.19,60,627,1,0.1156,1,High School,Rent,Married,Education,0,11988.61,8926.39,468.44,0
44,Female,81760.63,6813.39,Salaried,4,327272.61,24,690,0,1.5,4,Bachelor,Mortgage,Single,Home,0,44282.72,22707.23,14951.36,0
29,Female,2834.91,236.24,Unemployed,0,8202.57,48,618,0,0.4401,4,Bachelor,Rent,Single,Home,1,6454.32,6636.74,220.05,1
55,Female,83450.1,6954.18,Salaried,14,301570.85,48,624,0,1.1634,1,Bachelor,Own,Married,Home,0,6154.38,4420.52,8090.39,0
40,Female,106390.08,8865.84,Salaried,8,18597.3,48,741,1,0.0775,3,Bachelor,Mortgage,Married,Auto,0,7265.75,2762.1,462.79,0
57,Female,9978.74,831.56,Student,0,3773.29,24,682,1,0.4411,0,High School,Mortgage,Married,Education,0,7229.8,5134.74,172.38,0
62,Female,66976.16,5581.35,Salaried,18,29902.84,36,727,0,0.1704,0,Bachelor,Rent,Married,Personal,0,37560.52,14406.59,950.9,0
37,Female,70348.3,5862.36,Salaried,15,19358.45,36,701,1,0.1369,0,Bachelor,Rent,Single,Education,0,7359.16,3196.61,615.59,0
67,Male,164353.65,13696.14,Salaried,39,197136.22,60,650,1,0.3564,2,Bachelor,Rent,Divorced,Business,1,5933.93,3422.31,4485.45,0
51,Female,124961.03,10413.42,Salaried,14,43263.27,60,678,0,0.0862,0,PhD,Own,Single,Education,0,5324.81,2942.38,898.07,0
28,Female,118085.26,9840.44,Self-Employed,2,30211.49,48,544,3,0.1977,0,Bachelor,Rent,Single,Education,2,16396.26,7123.93,887.46,1
35,Female,49672.95,4139.41,Salaried,6,188669.25,24,650,0,1.5,0,Bachelor,Rent,Single,Home,0,15205.49,10730.92,8969.68,1
51,Male,123820.15,10318.35,Salaried,3,11630.03,36,627,0,0.038,0,Bachelor,Rent,Single,Personal,1,0.0,2603.84,391.86,0
50,Female,208179.67,17348.31,Salaried,20,28448.83,48,685,0,0.0408,1,Master,Mortgage,Single,Auto,0,3781.42,4639.3,707.95,0
66,Male,174187.72,14515.64,Salaried,23,153513.87,60,695,1,0.2367,0,Master,Rent,Married,Auto,0,91042.74,19689.8,3186.7,0
40,Female,70681.41,5890.12,Self-Employed,9,247612.75,36,634,0,1.4164,1,High School,Rent,Married,Home,1,27534.74,11611.15,8343.05,1
59,Female,136518.71,11376.56,Salaried,25,559403.65,36,720,0,1.5,0,Bachelor,Rent,Single,Home,0,283.33,1828.75,17788.89,1
32,Male,72978.12,6081.51,Salaried,9,28509.86,60,690,0,0.0973,0,High School,Mortgage,Married,Auto,0,22716.13,10057.73,591.82,0
69,Female,84760.8,7063.4,Self-Employed,1,162261.1,48,742,1,0.6062,2,PhD,Rent,Married,Home,0,5904.01,5165.04,4037.87,0
37,Male,59521.27,4960.11,Salaried,7,49172.41,12,612,1,0.9429,4,Bachelor,Mortgage,Single,Auto,0,36647.06,20178.75,4391.95,0
62,Male,7285.91,607.16,Unemployed,0,3492.15,60,543,2,0.9961,1,Master,Rent,Single,Personal,0,3998.19,3910.64,88.68,1
50,Female,54848.61,4570.72,Salaried,7,20411.19,24,670,1,0.2485,0,Bachelor,Rent,Single,Auto,0,2753.35,3913.55,970.39,0
49,Male,78455.95,6538.0,Salaried,8,15628.96,48,815,0,0.0561,3,Bachelor,Mortgage,Single,Education,0,24848.04,12744.22,367.05,0
39,Male,185496.35,15458.03,Salaried,1,61578.47,24,714,0,0.182,1,PhD,Mortgage,Married,Personal,0,2290.3,1782.01,2813.2,0
66,Male,209184.39,17432.03,Self-Employed,13,493762.44,24,767,1,1.2622,2,Master,Own,Single,Home,1,49697.32,28289.93,21883.85,0
31,Male,74558.53,6213.21,Self-Employed,3,57337.58,48,556,0,0.2711,1,High School,Own,Single,Business,0,36872.08,11622.33,1684.29,0
54,Female,78558.77,6546.56,Self-Employed,1,36776.13,12,557,0,0.515,0,Bachelor,Rent,Single,Education,0,15906.3,7820.99,3371.64,0
27,Male,44342.32,3695.19,Salaried,3,6672.09,36,746,4,0.302,2,Bachelor,Mortgage,Married,Education,0,12688.04,6383.14,212.17,0
64,Female,109982.36,9165.2,Salaried,34,82221.52,24,799,1,0.4348,2,Bachelor,Mortgage,Single,Personal,0,0.0,2203.67,3644.11,0
54,Male,161817.42,13484.79,Salaried,13,79008.19,24,767,1,0.2685,1,Bachelor,Rent,Married,Personal,0,49695.51,30574.58,3501.69,0
40,Male,160368.88,13364.07,Self-Employed,15,295670.69,36,665,1,0.7558,0,Bachelor,Rent,Single,Home,0,45.88,1801.71,9962.31,0
58,Male,102553.05,8546.09,Salaried,14,198942.96,60,691,2,0.5756,2,Bachelor,Rent,Married,Home,0,14855.37,10021.7,4129.73,0
44,Female,76196.48,6349.71,Salaried,6,297629.55,60,709,0,0.973,0,High School,Own,Divorced,Home,0,33070.27,17587.7,6178.3,0
30,Female,105653.17,8804.43,Salaried,1,127739.73,12,656,2,1.3599,2,Bachelor,Mortgage,Married,Home,0,5381.04,3010.45,11409.36,1
52,Female,98589.53,8215.79,Salaried,19,50222.0,48,725,0,0.1521,0,High School,Rent,Married,Personal,0,43980.72,6522.3,1249.78,0
35,Female,81211.62,6767.63,Salaried,5,12292.4,36,696,3,0.145,1,High School,Mortgage,Married,Education,0,30675.31,17511.03,390.9,0
57,Male,116169.15,9680.76,Salaried,27,365970.37,24,750,2,1.5,0,Bachelor,Mortgage,Married,Home,0,2890.86,3463.4,16719.26,0
40,Female,76970.86,6414.24,Salaried,15,72569.02,12,611,0,1.0105,1,High School,Mortgage,Married,Auto,0,2930.09,2479.25,6481.67,0
23,Female,87402.38,7283.53,Salaried,2,202102.41,36,707,0,0.8824,0,Bachelor,Mortgage,Single,Home,0,31590.75,6844.26,6426.8,0
57,Male,88230.28,7352.52,Self-Employed,1,32107.09,48,612,0,0.1172,1,Bachelor,Mortgage,Married,Personal,0,36874.78,13695.05,861.35,0
60,Male,231970.49,19330.87,Salaried,27,120853.04,12,828,1,0.5445,0,Bachelor,Own,Divorced,Education,0,73913.71,39461.93,10401.39,0
28,Female,10459.31,871.61,Unemployed,0,34698.93,24,555,1,1.5,4,Bachelor,Mortgage,Single,Home,1,10950.04,6432.64,1732.31,1
60,Male,2552.61,212.72,Unemployed,0,2000.0,12,566,0,0.3667,4,Bachelor,Mortgage,Divorced,Personal,0,3748.27,3900.42,183.36,0
64,Female,77619.47,6468.29,Salaried,33,11330.61,12,772,0,0.1508,2,High School,Mortgage,Married,Personal,0,0.0,2247.54,975.19,0
43,Male,175885.58,14657.13,Salaried,13,160691.13,24,713,0,0.5009,4,Master,Mortgage,Married,Education,0,45679.3,21886.59,7341.13,0
60,Male,122184.15,10182.01,Salaried,8,27934.98,48,612,0,0.0736,0,PhD,Own,Married,Auto,1,37067.07,10463.01,749.43,0
31,Female,40856.01,3404.67,Salaried,6,30422.42,36,643,0,0.3011,4,High School,Rent,Married,Personal,0,19945.64,9400.46,1025.05,0
66,Female,237996.78,19833.06,Salaried,43,126750.52,48,706,0,0.159,0,Bachelor,Mortgage,Single,Auto,0,14443.65,8762.37,3154.19,0
28,Male,83950.39,6995.87,Salaried,2,45874.48,60,601,1,0.1698,1,Bachelor,Rent,Single,Auto,0,7489.92,6157.17,1043.79,0
49,Female,120077.48,10006.46,Salaried,21,41506.75,12,675,0,0.3627,0,High School,Rent,Married,Auto,0,54206.74,20830.55,3629.83,0
50,Male,71284.42,5940.37,Salaried,4,78753.38,48,596,0,0.3557,4,Bachelor,Mortgage,Divorced,Business,0,33250.64,8771.53,2112.76,0
30,Male,82140.69,6845.06,Salaried,8,35133.52,12,689,0,0.4489,1,Bachelor,Rent,Married,Auto,0,44731.44,6416.19,3072.48,0
59,Female,3504.92,292.08,Unemployed,0,3070.34,12,597,3,1.5,1,High School,Mortgage,Single,Auto,0,6547.12,5556.87,274.23,1
48,Female,124443.88,10370.32,Salaried,2,17238.32,36,638,1,0.0794,4,Master,Own,Single,Personal,1,0.0,748.7,580.83,0
69,Male,210347.18,17528.93,Salaried,33,496474.27,48,647,2,0.8025,1,Bachelor,Rent,Divorced,Home,0,44480.14,11806.58,13319.16,0
56,Male,53627.85,4468.99,Salaried,3,201816.28,48,706,2,1.1884,1,Bachelor,Rent,Single,Home,0,15121.66,10711.38,5022.21,0
33,Female,83706.59,6975.55,Salaried,12,62267.16,24,668,1,0.4439,0,Bachelor,Rent,Married,Personal,0,0.0,1752.25,2960.29,0
52,Male,53650.25,4470.85,Salaried,16,27267.16,24,701,0,0.2786,3,High School,Own,Single,Education,0,18003.19,8167.01,1245.69,0
56,Female,123520.02,10293.34,Salaried,8,58952.91,12,640,0,0.5115,4,Bachelor,Rent,Single,Education,0,10975.02,4659.21,5265.51,0
57,Female,80837.14,6736.43,Salaried,13,26954.54,24,631,1,0.2185,4,Bachelor,Rent,Single,Education,1,3233.75,3541.3,1281.47,0
46,Male,72399.37,6033.28,Salaried,12,154812.04,36,712,1,0.8607,0,Bachelor,Rent,Single,Home,0,24439.14,7175.85,4922.98,0
42,Female,49577.1,4131.42,Salaried,4,17027.6,60,730,1,0.1391,0,Bachelor,Mortgage,Married,Education,0,7923.83,4622.7,353.46,0
24,Female,69227.57,5768.96,Salaried,1,150508.22,60,783,0,0.5044,0,High School,Mortgage,Single,Home,0,21103.26,13934.23,2909.75,0
51,Male,59902.0,4991.83,Self-Employed,23,151777.19,12,732,1,1.5,0,High School,Rent,Single,Business,0,0.0,1794.01,13273.14,1
38,Male,41314.03,3442.84,Salaried,14,28011.56,12,770,0,0.7003,0,High School,Own,Married,Education,0,11475.99,5889.49,2410.85,0
58,Male,143897.86,11991.49,Salaried,26,566643.39,36,645,0,1.5,1,PhD,Rent,Divorced,Home,0,64354.2,35568.11,19092.46,1
44,Female,60678.16,5056.51,Self-Employed,10,26635.24,36,684,1,0.191,2,High School,Rent,Married,Education,0,24604.05,11999.59,846.99,0
43,Female,94312.12,7859.34,Salaried,18,37945.21,36,673,2,0.231,3,High School,Rent,Single,Education,1,40911.99,10363.91,1206.65,0
42,Male,130239.68,10853.31,Self-Employed,4,203176.2,60,710,1,0.4153,0,PhD,Mortgage,Single,Business,0,51356.66,28365.33,4217.6,0
22,Male,71655.52,5971.29,Salaried,0,205758.03,48,627,2,1.0388,0,Bachelor,Mortgage,Married,Home,0,28144.87,8967.54,5519.97,0
51,Male,14193.05,1182.75,Student,0,56319.65,24,783,1,1.5,0,Bachelor,Own,Divorced,Home,0,13707.56,9648.39,2496.12,1
31,Female,65463.9,5455.32,Salaried,1,165358.65,60,662,1,0.7299,0,High School,Mortgage,Single,Home,0,1703.41,3942.41,3762.42,0
48,Male,108494.33,9041.19,Salaried,18,83691.65,36,750,2,0.369,1,Bachelor,Own,Single,Auto,0,26149.47,7940.37,2661.37,0
66,Female,62814.2,5234.52,Salaried,23,251873.53,36,646,0,1.5,0,High School,Rent,Married,Home,1,36822.83,6250.49,8486.61,1
52,Male,149900.69,12491.72,Salaried,15,55814.04,60,720,3,0.135,4,Bachelor,Own,Married,Education,0,4392.84,4660.49,1158.61,0
25,Female,139558.09,11629.84,Self-Employed,1,385895.29,12,551,1,1.5,1,PhD,Rent,Married,Home,0,47705.81,15019.93,35378.88,1
58,Female,236883.96,19740.33,Salaried,29,400504.19,12,729,0,1.5,1,Bachelor,Rent,Single,Home,0,94089.44,25938.38,35024.68,0
30,Female,14084.42,1173.7,Student,0,11851.08,24,610,0,0.48,2,High School,Rent,Single,Auto,0,10050.73,2564.97,563.42,0
60,Male,153164.55,12763.71,Salaried,23,37658.53,24,789,0,0.1308,2,Bachelor,Rent,Single,Education,0,71643.1,35518.36,1669.05,0
66,Female,46162.73,3846.89,Salaried,2,168075.21,36,838,0,1.3292,1,Bachelor,Own,Single,Home,0,19275.67,5075.62,5113.17,0
44,Male,54157.89,4513.16,Self-Employed,9,42612.98,36,602,0,0.3181,3,Bachelor,Rent,Divorced,Education,0,27890.55,10679.5,1435.8,0
55,Male,10375.2,864.6,Unemployed,0,2000.0,36,604,1,0.4424,1,Bachelor,Rent,Single,Auto,0,6940.14,4627.51,67.39,0
64,Female,129388.55,10782.38,Salaried,11,103799.16,36,688,0,0.3061,3,Bachelor,Rent,Married,Personal,0,9012.93,4859.84,3300.79,0
68,Female,10601.57,883.46,Student,0,6689.42,36,703,1,0.5183,0,Bachelor,Mortgage,Married,Education,1,5893.15,2559.63,212.72,0
43,Male,8889.25,740.77,Unemployed,0,7695.04,24,507,1,0.9419,0,PhD,Mortgage,Single,Personal,1,5223.81,5169.22,384.17,1
37,Male,10397.87,866.49,Student,0,14951.78,48,551,0,0.5069,2,Master,Rent,Divorced,Business,0,5805.0,5600.76,439.21,1
21,Female,7783.38,648.62,Unemployed,0,2909.85,60,611,0,0.1021,0,High School,Own,Married,Personal,0,7592.1,4857.0,66.21,0
51,Female,4258.89,354.91,Unemployed,0,2094.79,12,538,1,0.8771,2,Bachelor,Own,Divorced,Personal,0,7890.45,4803.99,192.05,1
51,Male,89817.41,7484.78,Salaried,22,56868.31,24,662,0,0.3612,2,High School,Mortgage,Single,Auto,0,22805.77,8989.13,2703.62,0
62,Female,78194.25,6516.19,Self-Employed,26,29465.54,48,636,0,0.1213,0,Bachelor,Mortgage,Single,Auto,1,32827.94,8756.57,790.49,0
62,Male,123885.77,10323.81,Salaried,28,285495.98,24,661,0,1.3147,1,High School,Rent,Single,Home,1,23285.03,7867.36,13573.0,1
54,Female,64919.6,5409.97,Salaried,1,30422.98,24,648,0,0.2674,3,Bachelor,Mortgage,Single,Auto,1,31176.75,17208.5,1446.36,0
29,Female,114476.09,9539.67,Salaried,8,80814.72,60,619,0,0.1928,3,Bachelor,Mortgage,Married,Auto,0,43020.0,16002.64,1838.78,0
42,Male,14264.62,1188.72,Student,0,23211.61,48,630,1,0.7675,2,High School,Own,Divorced,Home,0,11183.3,7252.04,622.71,1
33,Female,161563.21,13463.6,Salaried,12,584425.83,60,720,3,0.9313,2,Master,Mortgage,Single,Home,0,56727.9,13072.44,12131.72,0
45,Male,79496.16,6624.68,Self-Employed,7,68096.64,60,694,0,0.2134,3,Bachelor,Mortgage,Divorced,Auto,0,16804.18,7900.67,1413.57,0
68,Female,70008.7,5834.06,Salaried,8,55694.88,24,627,1,0.4735,2,Bachelor,Mortgage,Married,Business,0,35905.97,17266.87,2647.84,0
38,Female,81184.52,6765.38,Salaried,11,52331.1,48,755,4,0.4053,0,Bachelor,Own,Married,Education,0,7771.57,3885.11,1229.0,0
32,Female,214170.77,17847.56,Salaried,11,430419.12,24,666,1,1.1611,0,Master,Rent,Single,Business,0,104808.83,25190.84,20462.91,0
60,Male,136074.29,11339.52,Salaried,36,41832.16,48,780,1,0.1032,1,High School,Mortgage,Single,Auto,0,0.0,551.39,982.43,0
37,Male,9405.46,783.79,Student,0,7561.54,48,607,0,0.2588,0,Bachelor,Rent,Divorced,Business,1,8709.71,6986.75,202.86,1
35,Male,67980.68,5665.06,Salaried,6,241513.92,60,815,0,0.8242,0,Bachelor,Mortgage,Single,Home,0,0.0,1335.74,4669.14,0
62,Female,188411.51,15700.96,Self-Employed,12,133664.03,60,664,0,0.1937,4,Master,Rent,Married,Education,1,6305.44,5947.16,3041.27,0
35,Female,77207.57,6433.96,Salaried,4,87594.07,36,639,2,0.5763,2,Bachelor,Own,Married,Home,0,13404.59,5908.85,2951.39,0
35,Female,5011.27,417.61,Unemployed,0,12972.67,48,597,0,0.696,3,Bachelor,Rent,Divorced,Home,1,2252.04,2624.46,348.02,1
59,Male,161796.26,13483.02,Self-Employed,31,292003.42,48,758,0,0.5086,1,Master,Rent,Married,Business,0,82640.16,13176.48,6857.71,0
33,Female,98730.9,8227.57,Salaried,11,32345.31,48,696,1,0.1127,1,Master,Rent,Single,Education,0,42749.41,19122.74,804.91,0
37,Female,90485.11,7540.43,Salaried,14,186906.48,36,639,0,0.8352,0,Bachelor,Own,Married,Home,0,39710.61,19101.96,6297.62,0
52,Female,108211.48,9017.62,Salaried,23,17466.1,24,609,2,0.1146,4,High School,Mortgage,Single,Auto,0,56800.39,23683.82,830.37,0
29,Male,64366.76,5363.9,Salaried,4,48963.25,48,634,1,0.2739,0,Bachelor,Rent,Married,Personal,0,22160.36,9513.46,1313.56,0
60,Male,48772.06,4064.34,Salaried,4,191020.13,36,679,0,1.4946,1,Bachelor,Rent,Single,Home,0,8631.8,4156.62,6074.39,0
40,Female,8590.25,715.85,Student,0,24195.06,36,721,1,1.4236,0,Bachelor,Rent,Married,Home,0,9420.05,2683.88,769.4,1
46,Female,94382.12,7865.18,Self-Employed,4,57888.22,36,617,2,0.3329,0,Bachelor,Rent,Single,Personal,0,29834.94,12343.69,1950.48,0
47,Male,31372.21,2614.35,Salaried,3,19865.77,60,814,3,0.4827,0,High School,Mortgage,Divorced,Education,0,6732.87,3607.96,384.06,0
41,Female,9526.25,793.85,Student,0,19557.73,48,647,0,0.6609,1,Bachelor,Rent,Married,Home,0,6567.86,3580.85,524.68,0
38,Male,44183.1,3681.92,Salaried,15,157270.71,12,690,0,1.5,3,High School,Mortgage,Divorced,Home,0,18566.27,8620.06,13753.56,0
33,Female,65945.34,5495.44,Salaried,1,188888.04,24,689,1,1.5,1,High School,Rent,Single,Home,0,13343.09,5535.35,8629.3,0
36,Female,139932.01,11661.0,Salaried,9,641513.35,36,692,0,1.5,2,Bachelor,Mortgage,Married,Home,0,10385.2,6883.68,20399.95,1
29,Male,122959.88,10246.66,Salaried,3,178078.74,36,531,0,0.6283,3,Bachelor,Rent,Single,Business,1,26466.93,5975.87,6437.97,1
32,Female,125082.68,10423.56,Salaried,10,29026.26,24,658,1,0.1483,2,Bachelor,Mortgage,Married,Personal,0,9832.0,3367.4,1379.96,0
64,Male,133583.6,11131.97,Salaried,34,49142.98,36,714,2,0.1901,3,High School,Mortgage,Divorced,Auto,0,61935.14,25640.92,1562.73,0
58,Male,114631.4,9552.62,Self-Employed,23,43398.88,24,757,0,0.2014,1,High School,Rent,Divorced,Auto,0,43937.02,28026.45,1923.46,0
39,Female,10546.48,878.87,Unemployed,0,2000.0,24,671,2,0.7891,3,Bachelor,Rent,Single,Education,0,5580.27,3604.97,91.37,0
27,Male,121559.63,10129.97,Salaried,6,262273.87,36,657,0,0.8724,1,Bachelor,Rent,Divorced,Home,1,63377.18,10205.77,8837.04,1
55,Male,76018.21,6334.85,Salaried,2,194097.08,24,720,0,1.3998,0,Bachelor,Mortgage,Married,Home,0,16517.8,7112.4,8867.28,0
68,Male,138128.78,11510.73,Salaried,35,74270.33,60,742,0,0.1339,0,High School,Rent,Divorced,Auto,0,39243.76,16120.24,1541.73,0
38,Male,73473.15,6122.76,Salaried,12,26182.99,60,701,2,0.1832,0,Bachelor,Mortgage,Married,Personal,0,20503.23,15408.87,543.52,0
36,Male,181628.69,15135.72,Self-Employed,13,58034.58,36,714,3,0.1657,0,Master,Mortgage,Divorced,Education,0,0.0,1076.98,1845.48,0
59,Male,68923.15,5743.6,Salaried,3,46891.52,12,703,1,0.7752,2,High School,Mortgage,Divorced,Personal,0,19367.5,11220.93,4100.73,0
24,Female,109310.03,9109.17,Salaried,3,460524.29,24,653,1,1.5,2,Bachelor,Mortgage,Single,Home,0,0.0,2336.63,21894.16,1
45,Male,158117.83,13176.49,Salaried,15,215924.61,48,700,2,0.4401,4,Bachelor,Rent,Single,Business,0,6616.62,4871.29,5373.29,0
52,Female,9399.08,783.26,Student,0,28633.06,24,703,0,1.5,1,High School,Mortgage,Single,Home,0,10482.02,3321.67,1308.09,1
60,Male,157193.88,13099.49,Salaried,31,118738.54,48,671,1,0.2526,2,High School,Mortgage,Married,Auto,0,18555.35,9107.66,2954.81,0
33,Male,11809.5,984.12,Unemployed,0,6399.18,12,582,3,1.1867,0,Bachelor,Mortgage,Married,Auto,0,6973.47,5349.8,571.56,1
65,Male,130067.62,10838.97,Salaried,19,58486.13,24,693,0,0.2465,2,High School,Mortgage,Married,Education,0,49934.45,16223.23,2671.92,0
37,Female,89032.4,7419.37,Self-Employed,16,84189.1,24,669,4,0.6924,2,High School,Mortgage,Married,Business,0,35287.1,22175.17,4002.5,0
69,Female,168457.76,14038.15,Salaried,28,420154.41,60,695,1,0.6459,2,Bachelor,Mortgage,Single,Home,0,46540.86,9467.38,8721.71,0
57,Female,6573.34,547.78,Unemployed,0,15373.12,48,672,1,1.4141,1,High School,Mortgage,Single,Home,1,3696.37,3604.33,382.56,1
26,Male,59984.56,4998.71,Salaried,0,24123.36,12,600,0,0.431,1,Bachelor,Own,Single,Auto,0,29002.97,16750.83,2154.63,0
39,Female,51692.98,4307.75,Salaried,6,8922.69,36,663,0,0.0698,0,High School,Mortgage,Married,Education,1,15256.31,8726.3,300.64,0
33,Male,60123.18,5010.27,Salaried,3,91749.49,36,606,0,0.617,2,Bachelor,Mortgage,Single,Home,0,23699.59,10365.02,3091.4,0
46,Male,209624.06,17468.67,Salaried,23,928409.51,36,684,3,1.5,2,Bachelor,Mortgage,Single,Home,0,25755.4,7611.67,29523.17,1
34,Female,8198.27,683.19,Unemployed,0,3232.47,36,630,1,0.3793,1,Bachelor,Mortgage,Married,Personal,0,8620.08,6905.9,108.91,0
51,Male,154922.02,12910.17,Self-Employed,11,94040.9,24,656,1,0.3543,0,Bachelor,Rent,Single,Personal,1,77070.46,27231.7,4470.88,0
24,Female,46130.53,3844.21,Self-Employed,1,45815.16,24,582,0,0.5666,0,High School,Mortgage,Single,Education,1,26875.82,15009.71,2178.14,0
59,Male,62259.2,5188.27,Salaried,1,34213.87,48,598,0,0.1769,1,Bachelor,Rent,Single,Auto,1,13677.16,8994.85,917.87,0
28,Female,37964.7,3163.72,Salaried,5,22163.82,48,541,0,0.2058,2,High School,Mortgage,Divorced,Education,1,22309.74,5875.89,651.06,0
45,Female,8002.46,666.87,Student,0,2241.3,36,624,0,0.1132,0,High School,Rent,Single,Education,0,7987.02,4804.07,75.52,0
33,Female,133455.42,11121.29,Self-Employed,7,96508.91,60,669,0,0.1974,2,Bachelor,Mortgage,Divorced,Education,0,0.0,1837.41,2195.87,0
52,Male,147189.56,12265.8,Salaried,9,288230.42,60,606,0,0.5347,0,Master,Rent,Single,Home,0,54839.7,12455.3,6558.13,0
58,Male,177160.91,14763.41,Self-Employed,37,83189.56,48,668,0,0.1512,0,Bachelor,Mortgage,Divorced,Auto,0,88942.36,17796.07,2231.77,0
58,Female,123916.95,10326.41,Self-Employed,33,143227.08,24,608,1,0.6957,2,High School,Rent,Married,Business,0,14833.38,2344.56,6809.28,0
48,Male,211688.77,17640.73,Salaried,13,804045.33,48,686,1,1.1512,1,Master,Own,Married,Home,0,20029.16,12121.07,20008.7,0
50,Female,48497.59,4041.47,Salaried,10,154302.79,36,720,0,1.2141,2,High School,Mortgage,Divorced,Home,0,17169.19,11415.83,4906.79,0
23,Female,152428.57,12702.38,Salaried,1,512870.08,24,569,1,1.5,0,Master,Mortgage,Married,Home,0,593.93,2570.49,25604.58,1
48,Male,8661.94,721.83,Unemployed,0,2327.01,48,558,0,0.0947,0,Bachelor,Rent,Divorced,Education,0,8842.62,8517.47,68.36,0
23,Female,105717.32,8809.78,Salaried,1,41867.2,36,632,2,0.2104,0,Bachelor,Mortgage,Married,Personal,0,9244.18,3882.65,1410.67,0
65,Female,184573.24,15381.1,Salaried,35,574347.19,24,790,0,1.5,0,Bachelor,Mortgage,Married,Home,0,40523.43,19921.34,25455.42,0
54,Male,169426.71,14118.89,Self-Employed,21,557650.76,36,701,1,1.2832,2,PhD,Rent,Married,Home,0,79313.93,35516.97,17733.15,0
36,Male,123822.39,10318.53,Self-Employed,4,26063.11,12,674,0,0.2209,0,Master,Mortgage,Divorced,Education,0,54713.54,29849.52,2279.26,0
42,Male,5679.4,473.28,Student,0,4760.95,24,682,1,0.8823,4,Bachelor,Rent,Married,Education,0,8540.87,4464.73,217.5,1
52,Male,121697.56,10141.46,Salaried,5,218174.2,24,731,0,0.9828,2,Bachelor,Mortgage,Single,Home,0,48158.88,8068.25,9967.23,0
58,Female,158641.92,13220.16,Self-Employed,21,350090.5,36,585,0,0.8923,1,Bachelor,Rent,Married,Home,0,34326.22,19598.29,11795.93,0
28,Male,75154.28,6262.86,Salaried,7,38711.23,36,506,0,0.2235,4,Bachelor,Rent,Divorced,Personal,1,44925.09,5814.81,1399.5,0
28,Female,83642.69,6970.22,Salaried,2,12817.72,36,582,0,0.062,0,Master,Rent,Married,Auto,0,9625.62,7699.13,431.88,0
26,Male,75751.53,6312.63,Salaried,2,20419.99,12,628,0,0.2889,0,High School,Mortgage,Divorced,Auto,0,21325.58,14332.74,1823.86,0
34,Female,128727.08,10727.26,Salaried,7,21244.68,36,702,2,0.1003,2,Bachelor,Mortgage,Single,Personal,0,17172.98,5953.33,675.58,0
52,Female,347354.88,28946.24,Self-Employed,30,949205.08,36,676,0,1.0428,0,PhD,Own,Single,Home,0,93481.24,22609.38,30184.47,0
55,Male,193935.88,16161.32,Salaried,28,553316.89,24,647,0,1.5,4,Master,Own,Married,Home,0,18782.67,4955.65,26305.69,1
30,Male,68625.25,5718.77,Salaried,0,28637.57,48,682,0,0.1246,4,High School,Rent,Single,Education,0,37450.33,7266.75,712.65,0
23,Female,38838.29,3236.52,Salaried,1,29734.02,48,522,0,0.2699,3,High School,Rent,Single,Education,0,14227.22,5534.22,873.44,0
32,Female,65531.74,5460.98,Salaried,0,45294.9,36,696,0,0.2638,3,PhD,Mortgage,Married,Auto,0,33833.99,16478.01,1440.37,0
69,Male,142713.8,11892.82,Salaried,26,321635.39,48,693,2,0.7234,1,Bachelor,Rent,Single,Home,0,46884.25,27013.86,8003.91,0
51,Male,136274.43,11356.2,Salaried,7,416748.81,12,826,4,1.5,2,Bachelor,Own,Single,Home,0,9724.82,5795.45,35868.08,0
49,Male,107122.7,8926.89,Salaried,25,344045.45,24,640,2,1.5,0,High School,Mortgage,Single,Home,0,0.0,1382.69,16356.55,1
25,Male,72943.58,6078.63,Salaried,0,290640.36,36,565,0,1.5,2,Master,Rent,Married,Home,0,18030.27,13775.57,10507.35,1
45,Female,69049.28,5754.11,Salaried,5,36291.54,60,766,0,0.1219,0,High School,Rent,Single,Auto,0,35753.76,18419.32,701.62,0
61,Female,122008.6,10167.38,Salaried,24,50694.58,48,632,1,0.1617,2,High School,Rent,Single,Auto,0,58527.14,18983.44,1360.01,0
51,Male,7503.38,625.28,Unemployed,0,20892.94,24,608,1,1.5,4,High School,Mortgage,Married,Home,0,6752.1,5290.28,993.29,1
41,Female,139630.19,11635.85,Salaried,1,368721.08,12,681,0,1.5,0,Master,Rent,Single,Home,0,36452.7,16643.51,32245.2,0
40,Male,108144.89,9012.07,Salaried,8,93691.14,36,726,1,0.371,0,Bachelor,Rent,Divorced,Personal,0,0.0,861.58,2979.35,0
59,Female,107283.71,8940.31,Salaried,35,221710.33,36,668,2,0.861,1,Bachelor,Rent,Single,Home,0,0.0,790.8,7470.3,0
42,Male,168931.32,14077.61,Salaried,18,360824.31,24,672,1,1.1963,2,Bachelor,Rent,Divorced,Home,0,72621.91,39367.52,16484.17,0
24,Male,64635.62,5386.3,Self-Employed,0,20686.85,24,668,1,0.2325,2,Master,Mortgage,Married,Auto,0,6461.12,1852.46,983.49,0
33,Male,103706.64,8642.22,Self-Employed,0,277966.99,24,549,1,1.5,2,Bachelor,Mortgage,Divorced,Home,0,0.0,1019.24,13877.25,1
65,Male,7218.45,601.54,Unemployed,0,4807.07,36,667,0,0.2693,2,Bachelor,Mortgage,Single,Personal,0,8698.77,2737.72,161.97,0
62,Female,12318.67,1026.56,Student,0,24577.0,24,727,1,1.2358,0,PhD,Own,Single,Home,0,3472.4,3000.79,1122.79,1
69,Female,211981.67,17665.14,Salaried,23,157523.66,12,758,1,0.774,2,Bachelor,Mortgage,Married,Auto,0,76430.94,25043.4,13557.5,0
40,Male,72691.57,6057.63,Salaried,1,21020.71,36,698,1,0.1533,1,Bachelor,Mortgage,Single,Auto,0,8077.09,4937.75,668.45,0
33,Female,95972.18,7997.68,Salaried,0,352445.47,60,629,1,1.0313,0,Master,Own,Married,Home,0,15036.28,3944.47,8019.22,0
37,Male,10258.46,854.87,Unemployed,0,7306.89,24,547,0,0.4267,1,Bachelor,Rent,Single,Education,2,5022.06,5028.76,364.79,1
56,Female,106181.37,8848.45,Salaried,33,385436.29,48,714,1,1.1226,3,Bachelor,Rent,Married,Home,0,43931.54,23573.19,9591.6,0
53,Male,39049.72,3254.14,Salaried,12,12508.11,48,698,0,0.0957,4,High School,Rent,Divorced,Education,1,11613.41,5975.15,311.26,0
21,Male,82823.74,6901.98,Salaried,0,46020.44,36,620,2,0.3131,2,Bachelor,Own,Divorced,Personal,0,6227.22,4344.94,1550.61,0
35,Male,70089.58,5840.8,Salaried,10,109874.02,24,727,2,0.9371,3,Bachelor,Rent,Single,Home,0,876.08,2175.02,5019.57,0
33,Female,49878.72,4156.56,Salaried,8,16982.46,48,717,0,0.1017,0,High School,Mortgage,Single,Education,0,27548.73,16822.85,422.61,0
37,Female,212584.31,17715.36,Salaried,11,122627.79,12,739,0,0.6053,4,Master,Mortgage,Divorced,Personal,0,78105.8,16550.27,10723.98,0
44,Male,155674.99,12972.92,Salaried,20,269310.84,36,827,0,0.6315,0,Bachelor,Rent,Divorced,Home,0,52574.0,16958.8,8192.96,0
28,Male,117951.35,9829.28,Salaried,4,394413.82,36,773,0,1.2207,1,Bachelor,Own,Single,Home,0,27982.54,16893.35,11998.83,0
47,Male,159348.18,13279.02,Salaried,13,337392.96,36,667,0,0.8561,0,Bachelor,Rent,Married,Home,0,33066.28,16307.74,11368.1,0
65,Female,115571.1,9630.93,Salaried,37,467093.85,12,712,1,1.5,2,Bachelor,Mortgage,Single,Home,0,49982.51,10613.66,40848.05,0
43,Female,71388.88,5949.07,Salaried,0,65859.36,12,639,0,0.9888,0,High School,Mortgage,Divorced,Education,0,34363.99,6349.55,5882.38,0
66,Male,122986.73,10248.89,Salaried,5,23496.91,24,802,0,0.1016,0,Bachelor,Rent,Single,Auto,0,0.0,3463.98,1041.4,0
28,Male,2453.43,204.45,Unemployed,0,2000.0,48,558,0,0.1175,1,High School,Rent,Married,Auto,0,8399.56,6182.03,58.75,0
28,Female,85678.04,7139.84,Salaried,4,300375.37,60,654,0,0.9572,0,High School,Rent,Married,Home,0,33420.53,15365.02,6834.46,0
46,Male,70915.45,5909.62,Salaried,12,41098.65,36,695,1,0.2422,0,High School,Mortgage,Divorced,Personal,0,17382.82,5980.57,1306.93,0
67,Male,103214.19,8601.18,Salaried,10,58567.45,36,722,0,0.2165,1,High School,Rent,Married,Auto,0,27295.84,6067.16,1862.43,0
33,Male,119146.9,9928.91,Salaried,5,50336.57,60,601,1,0.1427,0,Bachelor,Mortgage,Single,Personal,0,51344.62,25387.47,1145.31,0
59,Male,6401.34,533.45,Unemployed,0,17623.45,24,715,1,1.5,0,Bachelor,Mortgage,Married,Home,0,5239.66,3904.55,805.12,1
57,Female,141618.04,11801.5,Salaried,10,88416.58,12,823,0,0.6448,0,Master,Rent,Divorced,Education,0,3435.69,4170.2,7609.7,0
69,Female,141842.84,11820.24,Self-Employed,36,54131.78,24,664,1,0.2451,0,Bachelor,Mortgage,Married,Auto,0,36705.21,10297.48,2573.52,0
48,Male,148037.97,12336.5,Salaried,25,283238.62,24,783,0,1.0176,1,Bachelor,Rent,Married,Home,0,77529.85,24021.8,12553.31,0
45,Female,89301.38,7441.78,Salaried,24,40551.92,36,666,1,0.233,2,Bachelor,Own,Married,Education,0,35159.53,12420.41,1366.35,0
36,Male,143680.78,11973.4,Self-Employed,9,90809.88,24,733,3,0.4149,1,Bachelor,Rent,Single,Auto,0,73644.84,41033.59,4148.63,0
22,Female,94630.54,7885.88,Salaried,1,14390.84,36,729,1,0.1025,0,Bachelor,Mortgage,Married,Education,0,37655.75,16312.53,457.62,0
38,Female,152709.19,12725.77,Salaried,14,130608.62,12,629,2,0.9668,1,Bachelor,Own,Single,Education,1,38809.67,22519.2,11665.61,0
37,Female,7311.22,609.27,Unemployed,0,17189.57,60,610,1,0.8216,1,High School,Own,Married,Home,1,6470.13,3562.17,391.12,1
50,Male,58183.95,4848.66,Salaried,6,10856.96,36,752,0,0.0681,0,Bachelor,Mortgage,Divorced,Education,0,24290.45,12398.45,330.29,0
59,Male,183592.3,15299.36,Salaried,34,115366.7,36,817,2,0.2496,0,Bachelor,Rent,Single,Auto,0,65324.5,8183.08,3509.68,0
33,Male,87066.66,7255.56,Salaried,10,144870.99,48,790,0,0.4689,0,Bachelor,Mortgage,Married,Business,0,36223.14,19227.81,3402.3,0
52,Female,5101.06,425.09,Student,0,2378.52,60,760,2,0.9996,0,Master,Mortgage,Single,Personal,0,7310.13,4044.97,45.98,0
49,Male,73592.36,6132.7,Self-Employed,8,12322.99,36,668,0,0.0677,0,High School,Rent,Single,Personal,0,11129.6,5292.09,415.21,0
66,Female,178681.7,14890.14,Salaried,41,166741.63,36,741,0,0.3561,0,High School,Mortgage,Married,Education,1,77049.18,46984.03,5302.34,0
50,Female,9105.52,758.79,Unemployed,0,5247.47,24,613,1,0.7886,1,Bachelor,Own,Married,Personal,0,3056.31,4149.45,249.47,1
38,Female,81035.63,6752.97,Salaried,3,11442.01,48,625,1,0.0818,1,Master,Rent,Single,Personal,0,37837.57,22645.77,306.96,0
33,Female,142466.39,11872.2,Salaried,11,351099.93,48,698,1,0.7531,3,Bachelor,Mortgage,Married,Business,0,44326.46,7120.65,8737.14,0
63,Male,118996.42,9916.37,Salaried,24,67294.27,12,697,1,0.6281,1,Bachelor,Rent,Married,Personal,0,60137.52,21660.23,5884.98,0
41,Male,63226.72,5268.89,Self-Employed,19,34445.98,48,633,0,0.1754,1,High School,Rent,Single,Auto,0,15465.74,9008.7,924.1,0
50,Male,219171.27,18264.27,Self-Employed,25,64157.12,24,603,1,0.1822,0,Bachelor,Mortgage,Married,Education,0,0.0,1190.26,3050.15,0
41,Female,65091.25,5424.27,Salaried,17,9467.52,24,673,1,0.0997,0,Bachelor,Rent,Single,Personal,1,24295.74,7498.89,432.52,0
68,Male,141524.66,11793.72,Salaried,28,18400.9,24,662,0,0.0742,1,Master,Own,Married,Personal,0,55817.38,22469.07,874.81,0
37,Female,9670.01,805.83,Student,0,4341.83,60,754,0,0.1042,1,High School,Mortgage,Single,Education,0,6519.08,3694.97,83.94,0
60,Male,112067.63,9338.97,Self-Employed,31,46683.92,36,680,4,0.3073,2,Bachelor,Mortgage,Single,Auto,0,43692.03,26906.02,1484.54,0
39,Male,80024.34,6668.7,Self-Employed,15,182448.05,60,695,1,0.5949,2,Bachelor,Own,Single,Home,0,0.0,1397.1,3787.32,0
35,Female,79404.38,6617.03,Salaried,10,12536.99,12,588,1,0.2198,0,High School,Rent,Single,Auto,1,44368.87,27060.67,1119.77,0
29,Male,102884.35,8573.7,Self-Employed,1,22474.16,36,634,0,0.0883,0,Bachelor,Own,Divorced,Education,0,11385.59,8544.39,757.24,0
30,Male,108030.42,9002.54,Self-Employed,6,59340.17,36,535,0,0.2383,1,Bachelor,Rent,Single,Education,0,21716.88,8427.95,2145.29,0
64,Female,6014.52,501.21,Student,0,4503.91,36,775,0,0.2734,1,High School,Mortgage,Single,Education,0,6598.02,5215.17,137.02,0
51,Male,173026.93,14418.91,Salaried,6,133169.2,60,700,1,0.2082,0,Master,Rent,Divorced,Personal,0,83676.83,40698.53,2764.37,0
43,Male,82519.37,6876.61,Self-Employed,4,36322.49,36,698,1,0.2053,1,High School,Rent,Married,Education,0,36557.59,20508.29,1155.05,0
50,Male,7810.03,650.84,Student,0,3771.14,24,635,3,1.5,0,PhD,Mortgage,Single,Education,1,9260.47,8039.5,179.29,1
53,Male,189560.26,15796.69,Salaried,20,119858.54,36,735,1,0.2656,1,Master,Rent,Divorced,Auto,0,0.0,1815.95,3811.47,0
29,Female,94582.72,7881.89,Self-Employed,7,317504.64,24,746,0,1.5,0,Bachelor,Mortgage,Single,Home,0,12924.61,8397.47,14505.12,1
67,Female,11682.25,973.52,Student,0,4254.44,12,721,2,0.8713,1,High School,Rent,Married,Auto,0,10706.63,5974.16,372.06,0
21,Male,147794.64,12316.22,Salaried,0,34307.62,36,641,1,0.1149,2,Master,Mortgage,Single,Auto,0,0.0,2385.58,1155.96,0
64,Male,205120.49,17093.37,Self-Employed,21,164272.77,48,669,1,0.2691,4,Bachelor,Mortgage,Married,Auto,0,53937.45,15192.87,4407.03,0
55,Male,70640.1,5886.68,Salaried,10,58292.14,36,608,1,0.3853,3,High School,Rent,Married,Education,1,10806.36,5988.15,1964.09,0
31,Female,49723.77,4143.65,Salaried,3,7357.69,24,674,0,0.0811,1,Bachelor,Rent,Single,Education,0,22289.38,4790.57,336.13,0
54,Male,68426.75,5702.23,Salaried,16,193953.0,24,716,0,1.5,1,High School,Rent,Married,Home,0,30622.14,9009.37,8860.69,0
36,Male,132467.14,11038.93,Salaried,4,575785.55,48,723,1,1.3324,1,PhD,Mortgage,Married,Home,0,39157.29,18358.2,14328.45,0
29,Female,120017.47,10001.46,Self-Employed,4,215800.88,48,679,2,0.5576,0,Master,Mortgage,Married,Home,0,16199.73,5051.73,5370.21,0
52,Female,163561.48,13630.12,Salaried,3,21123.1,24,684,3,0.1335,0,Master,Mortgage,Divorced,Auto,0,0.0,2822.45,965.0,0
35,Male,4624.18,385.35,Unemployed,0,2000.0,36,637,4,1.5,0,Bachelor,Mortgage,Married,Auto,1,7345.23,6193.65,67.39,1
32,Male,102632.08,8552.67,Salaried,8,20777.39,24,763,2,0.1835,2,Bachelor,Rent,Married,Education,0,45344.12,7945.91,920.87,0
53,Male,75940.58,6328.38,Salaried,23,58168.43,48,807,0,0.2159,1,High School,Own,Married,Education,0,30229.05,12850.5,1366.09,0
65,Male,153301.88,12775.16,Salaried,29,192259.15,60,695,1,0.3261,0,High School,Own,Married,Home,0,35279.23,17476.86,3990.98,0
34,Female,101317.12,8443.09,Salaried,9,20654.3,24,683,1,0.1522,2,High School,Rent,Single,Education,0,3354.63,4027.31,943.59,0
28,Female,123366.53,10280.54,Salaried,5,52761.78,12,717,1,0.461,1,Bachelor,Own,Married,Business,0,0.0,539.97,4614.1,0
28,Female,90584.31,7548.69,Salaried,2,144103.33,12,600,1,1.5,2,Master,Mortgage,Married,Business,0,2921.78,1676.08,12870.92,0
47,Male,4778.84,398.24,Unemployed,0,2000.0,24,613,0,0.1902,1,PhD,Rent,Divorced,Auto,0,3257.24,2891.75,95.08,0
32,Male,54007.9,4500.66,Self-Employed,4,141425.61,48,621,0,0.843,0,High School,Mortgage,Married,Home,0,5067.51,4488.38,3794.09,0
21,Male,9475.76,789.65,Unemployed,0,7107.28,24,612,3,0.924,0,Bachelor,Rent,Single,Business,0,4319.7,5021.61,337.89,1
63,Male,45838.39,3819.87,Self-Employed,5,27937.78,60,667,2,0.3743,2,Bachelor,Mortgage,Married,Personal,0,20800.4,8925.87,635.67,0
60,Female,201840.01,16820.0,Salaried,20,623888.99,12,707,2,1.5,0,Bachelor,Rent,Married,Home,0,5476.75,5104.19,54560.01,0
62,Male,132807.49,11067.29,Salaried,7,62231.11,36,675,0,0.1788,1,Bachelor,Rent,Divorced,Auto,0,48636.98,10445.67,1978.93,0
31,Male,45571.95,3797.66,Salaried,4,23153.91,36,523,1,0.3118,1,Bachelor,Mortgage,Married,Auto,1,13156.87,3734.38,837.07,0
59,Male,119965.62,9997.14,Self-Employed,9,56618.77,24,647,1,0.294,3,Master,Rent,Divorced,Auto,0,49022.21,30170.14,2691.76,0
63,Male,195992.62,16332.72,Salaried,30,73138.25,36,792,0,0.1362,1,Bachelor,Mortgage,Single,Education,0,844.4,1652.66,2225.01,0
51,Male,111210.88,9267.57,Salaried,25,53837.33,24,608,0,0.2762,1,Bachelor,Own,Married,Education,1,0.0,705.85,2559.52,0
37,Female,35998.97,2999.91,Salaried,3,31885.2,36,697,0,0.338,0,High School,Mortgage,Married,Personal,0,6913.25,2471.28,1013.94,0
53,Male,115190.48,9599.21,Salaried,26,460884.36,60,712,1,1.0319,4,High School,Own,Single,Home,0,61411.35,20712.62,9567.2,0
52,Female,126317.29,10526.44,Salaried,5,75297.88,24,665,0,0.3401,1,Bachelor,Mortgage,Single,Auto,0,32749.37,12187.03,3579.8,0
49,Male,117903.06,9825.25,Salaried,2,14824.56,24,754,0,0.0669,0,Bachelor,Rent,Married,Education,0,38340.52,15112.2,657.03,0
41,Male,57149.49,4762.46,Salaried,3,23574.96,48,673,2,0.2872,1,Master,Own,Married,Education,0,31838.73,11927.32,586.66,0
41,Female,115454.42,9621.2,Salaried,3,15004.03,24,676,1,0.1089,0,Bachelor,Rent,Divorced,Personal,1,49003.54,17355.16,685.46,0
60,Male,194120.53,16176.71,Salaried,36,135692.48,60,802,1,0.176,0,Bachelor,Own,Divorced,Education,0,0.0,2294.88,2623.32,0
43,Female,86311.4,7192.62,Salaried,14,237359.58,36,561,0,1.193,1,Bachelor,Mortgage,Single,Home,0,17376.96,13097.22,8581.12,1
26,Male,67016.62,5584.72,Salaried,5,24281.31,12,553,0,0.3986,2,High School,Mortgage,Divorced,Education,0,29642.84,5535.62,2226.11,0
42,Female,11957.89,996.49,Unemployed,0,28632.12,24,695,0,1.3127,1,Bachelor,Rent,Single,Home,0,5739.21,2516.94,1308.05,1
58,Female,97797.71,8149.81,Salaried,17,10458.51,24,782,0,0.0569,1,Bachelor,Mortgage,Married,Education,0,6492.91,4603.77,463.53,0
57,Female,4768.88,397.41,Unemployed,0,3549.76,24,684,2,0.7519,1,High School,Mortgage,Single,Education,0,6498.49,4724.67,162.17,0
65,Female,179841.37,14986.78,Salaried,25,118706.59,36,850,2,0.2862,2,Bachelor,Rent,Single,Personal,0,46131.15,22484.45,3611.28,0
28,Female,45629.44,3802.45,Salaried,3,26715.37,12,720,1,0.7098,0,Bachelor,Own,Divorced,Education,0,23003.06,13396.77,2336.3,0
61,Male,126772.53,10564.38,Salaried,23,57588.26,36,733,2,0.2245,0,High School,Own,Single,Education,0,40173.3,16121.27,1831.29,0
69,Female,142913.59,11909.47,Salaried,6,332256.21,36,649,0,0.94,0,Master,Mortgage,Married,Home,0,29386.51,5409.19,11195.02,0
55,Female,152895.81,12741.32,Salaried,13,543665.0,36,717,0,1.3569,0,Bachelor,Mortgage,Single,Home,0,58862.53,31597.57,17288.4,0
31,Male,49690.33,4140.86,Self-Employed,9,124207.68,36,598,1,1.0404,4,High School,Rent,Single,Home,0,27342.5,14617.27,4185.05,0
44,Male,94303.32,7858.61,Self-Employed,10,182136.91,24,653,4,1.1711,2,High School,Mortgage,Single,Home,0,22638.11,4877.76,8659.12,1
69,Female,317785.53,26482.13,Salaried,42,120693.19,60,566,1,0.1237,0,PhD,Mortgage,Married,Auto,0,0.0,2755.21,3064.81,0
41,Male,49352.33,4112.69,Salaried,1,5061.63,12,589,0,0.1099,1,Bachelor,Mortgage,Single,Auto,0,18294.33,11122.87,452.09,0
22,Male,109310.96,9109.25,Self-Employed,1,32757.5,48,611,0,0.0965,3,Bachelor,Rent,Single,Auto,1,1246.13,4281.99,878.8,0
60,Female,113271.24,9439.27,Salaried,22,45192.51,24,732,0,0.2187,0,High School,Rent,Married,Personal,0,17412.69,3621.23,2064.61,0
39,Male,3682.85,306.9,Unemployed,0,6609.34,12,551,0,1.2119,1,Master,Mortgage,Single,Home,0,4962.89,3191.3,605.94,1
59,Male,4465.05,372.09,Unemployed,0,6984.98,48,618,0,0.3748,0,Bachelor,Mortgage,Married,Home,1,7926.52,6706.33,187.39,1
48,Female,4688.64,390.72,Unemployed,0,3421.59,48,564,0,0.201,1,Bachelor,Mortgage,Divorced,Auto,1,7527.15,3160.98,100.51,1
37,Male,182916.77,15243.06,Salaried,0,505673.42,12,622,0,1.5,3,PhD,Rent,Single,Home,0,0.0,1258.42,45165.37,1
26,Female,77625.92,6468.83,Salaried,3,139076.71,36,710,0,0.6837,3,High School,Rent,Married,Home,0,7157.88,3188.15,4422.6,0
39,Male,5463.45,455.29,Unemployed,0,7296.78,48,540,0,0.4287,1,Bachelor,Mortgage,Married,Business,2,4932.96,3619.15,214.34,1
58,Male,114063.16,9505.26,Salaried,34,60071.81,24,643,0,0.3005,1,High School,Rent,Married,Auto,0,10812.4,10292.56,2855.92,0
48,Male,117791.99,9816.0,Salaried,25,213234.77,36,835,2,0.7005,1,Bachelor,Rent,Married,Home,0,36012.61,21517.07,6487.01,0
22,Female,62132.43,5177.7,Salaried,0,129017.03,60,680,1,0.5661,0,High School,Mortgage,Divorced,Home,1,20837.21,9520.77,2678.18,0
58,Male,95214.12,7934.51,Salaried,11,18643.3,48,727,2,0.1161,0,Master,Mortgage,Single,Education,0,37897.81,21482.34,463.94,0
57,Male,133339.67,11111.64,Self-Employed,28,61849.75,60,647,0,0.1266,4,Bachelor,Mortgage,Divorced,Auto,0,7831.87,4512.04,1407.27,0
24,Male,8061.04,671.75,Unemployed,0,25085.59,36,619,1,1.5,0,Bachelor,Rent,Divorced,Home,0,6315.84,4354.24,845.23,1
42,Male,159771.96,13314.33,Self-Employed,4,93228.52,36,659,1,0.2563,0,Master,Mortgage,Divorced,Education,1,27940.6,17563.34,3141.24,0
46,Male,153299.28,12774.94,Self-Employed,2,108969.07,60,595,3,0.2775,1,PhD,Rent,Married,Education,0,23380.77,8887.72,2479.38,0
69,Male,133894.56,11157.88,Salaried,6,14552.77,36,832,0,0.0397,4,Bachelor,Own,Divorced,Auto,0,31118.72,17082.19,442.72,0
63,Female,171697.11,14308.09,Salaried,15,245682.18,36,629,1,0.5904,2,Bachelor,Rent,Single,Business,0,35230.31,16053.02,8278.0,0
56,Male,136449.54,11370.8,Salaried,31,41154.64,36,744,0,0.1151,1,High School,Mortgage,Married,Auto,0,43198.58,20258.31,1308.71,0
33,Female,43607.31,3633.94,Salaried,3,29611.22,12,583,0,0.7278,1,High School,Mortgage,Single,Auto,0,15652.76,4795.06,2644.79,0
52,Female,145518.73,12126.56,Salaried,16,96425.69,36,738,1,0.2757,2,Bachelor,Rent,Married,Personal,0,44961.98,25720.71,3066.31,0
37,Male,44335.21,3694.6,Salaried,7,36923.07,60,776,3,0.4806,2,High School,Own,Married,Personal,0,25595.25,15265.34,713.83,0
61,Male,97484.95,8123.75,Salaried,14,323826.43,48,633,0,1.0694,3,Bachelor,Rent,Single,Home,0,41444.35,7435.5,8687.45,0
56,Female,12578.99,1048.25,Student,0,8587.45,36,767,0,0.2492,1,High School,Rent,Divorced,Education,0,7374.22,4391.65,261.25,0
66,Female,13506.32,1125.53,Student,0,4917.41,36,672,0,0.1389,1,Bachelor,Rent,Married,Education,0,9249.19,7850.31,156.37,0
39,Male,88009.81,7334.15,Salaried,7,389821.79,36,691,0,1.5,2,Bachelor,Mortgage,Married,Home,0,6286.24,6449.36,12396.23,1
55,Female,100296.81,8358.07,Salaried,24,353412.02,24,571,1,1.5,2,High School,Rent,Single,Home,0,22722.61,4944.26,17643.78,1
66,Male,62029.3,5169.11,Self-Employed,10,127526.33,24,731,0,1.1271,0,High School,Mortgage,Divorced,Home,0,23544.09,11361.79,5826.01,0
60,Male,9793.0,816.08,Student,0,5055.15,24,631,1,0.7587,0,Bachelor,Rent,Married,Personal,0,6925.39,3186.19,240.33,1
48,Male,7124.88,593.74,Unemployed,0,10708.75,60,588,0,0.4104,4,Bachelor,Mortgage,Married,Business,0,4296.38,3428.05,243.66,0
21,Female,89387.58,7448.96,Salaried,0,63366.85,24,715,0,0.3886,1,Bachelor,Mortgage,Married,Personal,0,0.0,487.21,2894.9,0
62,Female,225094.4,18757.87,Salaried,20,17718.78,36,693,1,0.0491,1,Master,Rent,Married,Auto,1,34607.48,5198.27,563.45,0
38,Female,100301.1,8358.43,Salaried,9,11928.01,48,600,0,0.0383,0,High School,Rent,Married,Personal,0,38633.58,11770.26,320.0,0
68,Male,61885.0,5157.08,Salaried,8,176805.72,48,811,1,0.8505,1,High School,Rent,Single,Home,0,15869.99,10972.87,4152.29,0
60,Male,29156.99,2429.75,Salaried,0,20239.27,24,695,0,0.3805,2,High School,Own,Single,Education,0,11313.27,7061.53,924.63,0
53,Male,163966.95,13663.91,Self-Employed,21,601689.27,24,656,0,1.5,1,Bachelor,Own,Married,Home,0,45609.35,12897.6,28605.4,1
32,Female,89844.7,7487.06,Salaried,5,353215.35,24,716,2,1.5,0,Bachelor,Rent,Divorced,Home,0,0.0,2063.54,16136.55,1
28,Male,10410.22,867.52,Unemployed,0,33341.58,12,626,1,1.5,0,High School,Own,Married,Home,1,7477.45,5101.06,2977.98,1
44,Male,91162.75,7596.9,Salaried,22,103890.15,36,817,2,0.4633,3,Bachelor,Mortgage,Single,Business,0,46255.88,11757.72,3160.54,0
36,Male,89303.29,7441.94,Salaried,1,41162.84,48,649,0,0.1484,3,Bachelor,Rent,Single,Personal,0,21626.38,11935.41,1104.3,0
24,Female,119907.3,9992.28,Salaried,0,22453.67,24,605,0,0.1068,2,PhD,Mortgage,Married,Auto,0,22437.33,7919.24,1067.49,0
58,Male,126863.82,10571.98,Salaried,21,215245.81,12,732,1,1.5,2,Bachelor,Mortgage,Divorced,Business,0,51224.05,32450.86,18823.56,0
64,Male,95837.93,7986.49,Self-Employed,5,75809.02,48,732,2,0.3355,1,Bachelor,Rent,Single,Auto,0,367.72,3449.63,1886.51,0
47,Male,117234.09,9769.51,Salaried,8,304819.5,48,698,1,0.8003,3,Bachelor,Rent,Married,Home,0,52262.43,10040.61,7585.45,0
29,Female,10509.27,875.77,Unemployed,0,8173.03,48,585,0,0.2504,2,PhD,Mortgage,Single,Education,0,5967.38,3317.6,219.26,0
67,Female,7351.12,612.59,Student,0,3630.28,36,713,1,0.8184,2,PhD,Own,Single,Personal,0,6149.28,2082.38,115.44,0
36,Female,4930.95,410.91,Unemployed,0,15786.01,12,579,0,1.5,0,Bachelor,Rent,Single,Home,1,1522.28,2332.98,1447.26,1
32,Male,100663.83,8388.65,Salaried,7,55417.73,36,635,0,0.2226,1,Bachelor,Mortgage,Divorced,Auto,0,0.0,1512.08,1867.24,0
51,Male,114285.21,9523.77,Salaried,20,31477.53,12,653,0,0.2952,2,Bachelor,Rent,Divorced,Education,0,14123.32,2168.44,2811.49,0
44,Female,99356.04,8279.67,Salaried,6,50038.67,36,641,0,0.2036,0,Bachelor,Rent,Single,Personal,0,14368.61,5313.58,1686.0,0
34,Male,65114.02,5426.17,Salaried,6,43745.36,24,700,3,0.5177,1,Bachelor,Rent,Married,Auto,0,9856.13,5327.71,1998.5,0
65,Male,8076.48,673.04,Student,0,12305.87,12,601,2,1.5,1,High School,Mortgage,Single,Home,1,6451.12,2235.01,1099.13,1
45,Male,95681.67,7973.47,Salaried,4,32157.2,12,747,1,0.3704,1,Master,Rent,Married,Education,0,28699.82,17859.52,2812.19,0
54,Female,138785.81,11565.48,Self-Employed,6,65266.92,36,750,3,0.2505,2,Bachelor,Rent,Married,Auto,0,1226.93,2186.86,2075.47,0
23,Male,10543.48,878.62,Unemployed,0,10610.43,48,602,0,0.324,0,Master,Rent,Single,Business,0,5088.77,6112.8,284.65,0
44,Female,13377.01,1114.75,Student,0,26155.19,48,565,0,0.6892,2,Bachelor,Rent,Single,Home,0,9121.6,2400.85,768.31,1
62,Female,82099.16,6841.6,Salaried,2,42230.53,24,658,0,0.2935,0,Bachelor,Rent,Married,Auto,0,31669.89,10856.99,2007.72,0
29,Male,89916.87,7493.07,Salaried,6,31102.96,12,601,4,0.4821,3,Bachelor,Rent,Married,Education,0,44911.37,25265.35,2778.03,0
46,Male,63283.94,5273.66,Salaried,12,142323.24,60,613,2,0.7442,0,Bachelor,Own,Single,Home,0,21233.54,10298.35,3238.29,0
40,Female,75311.27,6275.94,Self-Employed,11,181587.65,48,636,0,0.7762,2,Bachelor,Rent,Married,Home,0,2178.66,3197.02,4871.54,0
60,Female,125581.21,10465.1,Salaried,5,53752.88,36,802,3,0.248,1,Bachelor,Mortgage,Married,Education,0,33884.63,14231.77,1635.27,0
30,Female,106666.71,8888.89,Salaried,1,241464.6,24,732,1,1.2596,0,Master,Rent,Married,Home,0,53882.66,24344.67,11031.25,0
39,Female,116020.18,9668.35,Salaried,14,213594.57,48,739,0,0.5498,1,High School,Rent,Married,Home,0,53793.41,23200.34,5315.31,0
23,Male,88434.83,7369.57,Salaried,2,146891.11,24,518,2,1.0763,3,Bachelor,Rent,Married,Home,0,38108.61,17613.55,7333.41,0
44,Female,73708.92,6142.41,Salaried,17,33389.25,36,798,2,0.2086,0,High School,Own,Married,Personal,0,30788.43,8366.44,1015.77,0
25,Male,77410.99,6450.92,Salaried,0,7362.31,36,756,0,0.0347,0,Master,Rent,Married,Personal,0,28022.62,13800.93,223.98,0
23,Female,11183.6,931.97,Unemployed,0,47366.99,36,500,0,1.5,1,High School,Own,Divorced,Home,2,7147.98,3224.87,1712.43,1
47,Female,127997.65,10666.47,Salaried,24,377898.57,36,586,1,1.2052,0,Bachelor,Mortgage,Single,Home,0,32699.72,10318.86,12732.9,1
36,Female,34891.65,2907.64,Self-Employed,2,14147.35,60,658,1,0.1847,3,High School,Own,Married,Personal,0,16170.95,9431.22,321.9,0
69,Female,107399.7,8949.98,Self-Employed,21,144121.5,60,825,0,0.3113,0,Bachelor,Own,Single,Business,0,586.02,1747.42,2786.27,0
35,Female,123727.3,10310.61,Salaried,2,74320.52,36,706,0,0.2292,2,Master,Own,Single,Auto,0,61905.74,38790.56,2363.37,0
55,Male,65833.09,5486.09,Self-Employed,27,6707.81,60,660,0,0.0278,0,High School,Rent,Married,Personal,1,5493.64,2284.81,152.62,0
32,Female,58565.07,4880.42,Salaried,8,11739.84,36,677,0,0.0765,0,Bachelor,Rent,Divorced,Personal,0,816.9,1937.21,373.32,0
61,Male,68949.12,5745.76,Self-Employed,11,29956.24,48,736,0,0.1297,0,High School,Rent,Single,Auto,0,4443.62,5502.63,745.46,0
64,Female,43773.88,3647.82,Self-Employed,0,26726.83,48,645,1,0.2506,1,Bachelor,Mortgage,Divorced,Auto,0,13832.61,5146.67,717.01,0
46,Male,75006.8,6250.57,Self-Employed,3,56776.19,60,697,0,0.1886,1,Bachelor,Mortgage,Single,Education,0,22130.42,12977.11,1178.58,0
67,Male,133281.49,11106.79,Salaried,29,31268.51,24,811,2,0.1822,0,Bachelor,Rent,Single,Personal,0,0.0,2666.88,1385.84,0
54,Female,125698.28,10474.86,Salaried,22,64313.4,48,643,0,0.1647,2,Bachelor,Mortgage,Single,Auto,0,52060.63,27592.67,1725.37,0
43,Female,85937.58,7161.46,Self-Employed,4,41727.43,60,685,1,0.1421,1,Bachelor,Rent,Married,Auto,0,7993.23,913.15,866.19,0
51,Male,71274.21,5939.52,Salaried,27,231406.69,12,777,2,1.5,0,High School,Mortgage,Married,Home,0,23743.72,4873.54,19916.35,0
40,Female,115918.21,9659.85,Self-Employed,16,332814.09,60,550,1,0.9115,0,Bachelor,Mortgage,Married,Home,0,23576.66,5051.98,8451.29,1
32,Female,49968.11,4164.01,Self-Employed,4,6952.96,60,633,2,0.1905,0,High School,Own,Married,Education,0,27130.34,16660.17,158.2,0
43,Female,112706.2,9392.18,Salaried,4,29055.52,36,639,0,0.1042,0,Bachelor,Mortgage,Married,Auto,1,54580.1,27775.39,979.0,0
24,Male,133805.18,11150.43,Salaried,3,273661.13,36,606,0,0.8269,1,Master,Own,Married,Home,0,10546.29,6110.78,9220.72,1
43,Female,126273.84,10522.82,Salaried,21,421363.41,12,786,0,1.5,3,High School,Own,Single,Home,0,33367.9,19033.1,36265.24,0
68,Female,165999.37,13833.28,Self-Employed,46,69954.17,12,755,1,0.4441,3,High School,Mortgage,Divorced,Education,0,86256.89,37107.8,6020.71,0
68,Male,42233.78,3519.48,Salaried,9,21701.59,12,803,3,0.842,2,High School,Rent,Married,Auto,0,8020.28,4032.59,1867.78,0
21,Female,125884.63,10490.39,Salaried,0,68707.11,36,720,0,0.2083,0,PhD,Rent,Single,Personal,0,0.0,2293.19,2184.87,0
45,Female,144126.47,12010.54,Salaried,4,105118.34,12,711,1,0.7915,0,Master,Own,Single,Auto,0,50967.53,29621.1,9192.75,0
22,Female,104650.92,8720.91,Salaried,1,209896.09,48,695,0,0.5989,4,Bachelor,Mortgage,Married,Home,0,25247.09,13717.84,5223.27,0
50,Male,98103.7,8175.31,Salaried,23,143798.94,24,775,0,0.7796,2,Bachelor,Rent,Single,Home,0,53990.56,30822.78,6373.26,0
23,Male,39069.14,3255.76,Salaried,2,129449.95,24,655,0,1.5,0,High School,Rent,Married,Home,0,15985.38,5708.74,6154.29,1
41,Female,183902.49,15325.21,Salaried,20,136746.82,24,735,0,0.4076,0,Bachelor,Rent,Single,Auto,0,42405.7,13218.89,6247.24,0
45,Male,109379.87,9114.99,Salaried,12,24536.03,24,822,3,0.2406,1,Bachelor,Rent,Married,Auto,0,53131.68,19612.6,1087.45,0
40,Female,122862.57,10238.55,Self-Employed,18,393722.28,48,708,2,0.9859,1,Bachelor,Rent,Single,Home,0,21013.99,9665.86,9797.8,0
69,Male,254493.49,21207.79,Salaried,39,766917.69,24,713,0,1.5,3,Master,Mortgage,Divorced,Home,0,69540.15,26095.1,35036.44,0
42,Male,72719.94,6060.0,Salaried,11,113934.0,48,674,2,0.5652,0,Bachelor,Rent,Divorced,Business,0,37633.22,17013.8,2835.25,0
41,Male,99232.01,8269.33,Self-Employed,19,177083.65,48,619,0,0.5745,0,High School,Own,Divorced,Business,0,31506.82,19786.4,4750.71,0
53,Female,10079.74,839.98,Unemployed,0,6182.23,36,531,0,0.2661,1,Bachelor,Mortgage,Single,Auto,0,2807.92,3443.78,223.5,0
58,Male,224626.28,18718.86,Salaried,31,890297.03,36,531,2,1.5,0,Bachelor,Own,Married,Home,2,54899.31,10670.42,32186.37,1
35,Female,2303.78,191.98,Unemployed,0,4616.97,24,526,0,0.461,1,Master,Rent,Married,Home,1,3362.47,2454.8,230.5,1
66,Female,226025.18,18835.43,Salaried,37,896287.16,36,702,2,1.5,2,Bachelor,Mortgage,Married,Home,0,115427.98,30263.59,28501.69,0
35,Female,56757.57,4729.8,Salaried,7,103703.47,36,699,2,0.7913,0,Bachelor,Rent,Single,Home,0,0.0,2611.78,3297.74,0
66,Female,290440.1,24203.34,Salaried,41,1632002.33,48,757,0,1.5,2,Bachelor,Own,Married,Home,0,110332.05,57109.4,38327.62,0
45,Male,132602.52,11050.21,Self-Employed,20,77453.31,36,655,0,0.2362,0,Bachelor,Rent,Divorced,Auto,0,0.0,936.88,2609.71,0
41,Male,156876.06,13073.0,Salaried,16,103986.7,36,665,2,0.3147,1,Bachelor,Mortgage,Single,Education,0,44841.17,12226.85,3503.72,0
44,Male,140232.21,11686.02,Salaried,0,310190.35,48,780,1,0.6525,1,PhD,Own,Single,Home,0,27511.5,4355.23,7284.83,0
25,Female,117606.86,9800.57,Salaried,2,25455.74,36,610,1,0.1248,0,Bachelor,Rent,Single,Auto,0,61809.88,15148.82,857.7,0
26,Female,82524.85,6877.07,Salaried,3,339203.04,48,816,0,1.1584,1,High School,Rent,Single,Home,0,22018.96,4726.0,7966.19,0
69,Male,162006.98,13500.58,Salaried,27,106957.21,24,672,0,0.3619,0,Master,Mortgage,Married,Education,0,72859.52,20067.94,4886.31,0
63,Male,51109.19,4259.1,Salaried,1,22701.4,48,703,1,0.2202,0,High School,Mortgage,Married,Auto,0,19727.45,9943.82,564.93,0
68,Female,82347.72,6862.31,Salaried,16,13694.25,24,697,0,0.0912,0,High School,Mortgage,Single,Personal,0,17666.53,5939.2,625.62,0
64,Male,128084.87,10673.74,Self-Employed,38,64821.38,24,643,0,0.2887,0,Bachelor,Rent,Married,Personal,1,16850.21,5679.59,3081.73,0
67,Female,106699.26,8891.6,Salaried,13,268250.59,48,648,1,0.8456,2,High School,Mortgage,Married,Home,0,3870.66,4679.21,7196.49,0
43,Male,161425.24,13452.1,Salaried,13,95513.53,24,648,0,0.3376,0,PhD,Rent,Single,Auto,0,0.0,1506.16,4540.89,0
24,Female,49346.37,4112.2,Salaried,3,41993.73,48,774,1,0.3184,2,Bachelor,Rent,Married,Auto,0,0.0,1288.81,986.22,0
47,Male,6545.33,545.44,Student,0,11495.18,24,755,0,0.9341,3,Bachelor,Rent,Single,Business,0,260.92,1650.88,509.47,0
38,Male,81064.31,6755.36,Self-Employed,15,183910.16,24,661,0,1.2943,0,High School,Own,Married,Business,0,21335.09,12035.35,8743.42,0
41,Male,116061.57,9671.8,Self-Employed,17,76581.68,36,634,1,0.2793,0,High School,Mortgage,Single,Business,0,63362.59,37261.52,2580.34,0
48,Male,108308.99,9025.75,Salaried,7,65912.36,12,844,4,0.8039,0,Bachelor,Mortgage,Married,Auto,0,42562.25,8617.65,5672.84,0
55,Male,124380.68,10365.06,Salaried,33,159165.52,36,609,0,0.5174,0,Bachelor,Rent,Single,Business,0,619.47,3390.58,5362.92,0
42,Male,83664.31,6972.03,Salaried,10,263343.0,48,666,1,1.0548,0,Bachelor,Own,Divorced,Home,0,26959.59,12889.76,7064.83,1
60,Female,73801.25,6150.1,Self-Employed,0,66673.06,60,535,1,0.3119,2,High School,Rent,Married,Business,2,20287.34,8890.32,1693.06,1
43,Male,56390.59,4699.22,Salaried,9,127414.28,48,794,0,0.6368,0,Bachelor,Rent,Single,Home,0,19201.51,3415.47,2992.33,0
23,Female,77705.59,6475.47,Salaried,1,107650.14,48,714,3,0.5071,2,High School,Own,Married,Business,0,28842.4,11227.14,2678.88,0
60,Male,244619.24,20384.94,Self-Employed,33,36847.12,24,709,1,0.0999,0,Bachelor,Rent,Single,Auto,0,3294.49,1313.58,1683.35,0
30,Female,109598.94,9133.25,Salaried,6,86796.62,24,639,0,0.4518,0,Bachelor,Mortgage,Married,Education,0,54834.28,19244.44,4126.47,0
45,Female,11432.02,952.67,Unemployed,0,10032.26,60,705,0,0.2186,0,High School,Rent,Single,Business,0,5664.69,2578.34,208.25,0
69,Male,142890.46,11907.54,Self-Employed,48,268530.85,36,731,1,0.7387,0,Bachelor,Rent,Married,Business,0,53293.62,26970.8,8539.21,0
28,Male,92325.72,7693.81,Salaried,7,228316.57,36,667,2,1.0947,0,High School,Rent,Single,Home,1,17556.02,6460.87,7692.89,0
31,Male,57718.58,4809.88,Salaried,2,40016.46,36,792,1,0.3268,1,Bachelor,Own,Single,Education,0,4794.92,3491.13,1217.38,0
25,Male,91020.52,7585.04,Salaried,4,63333.4,60,732,0,0.1733,2,Bachelor,Rent,Single,Education,0,30699.0,14211.84,1314.7,0
65,Female,59325.7,4943.81,Salaried,5,27880.18,48,658,0,0.1513,0,High School,Rent,Single,Education,0,30260.3,15135.66,747.96,0
57,Female,194391.95,16199.33,Salaried,23,608626.8,48,757,4,0.9219,2,Master,Own,Married,Home,0,52432.52,8575.4,14293.62,0
65,Female,4673.8,389.48,Unemployed,0,10218.04,60,558,0,0.5189,0,Bachelor,Own,Single,Home,0,10950.53,5422.26,259.47,0
58,Female,210024.75,17502.06,Salaried,16,79661.75,24,798,4,0.2398,0,Master,Rent,Divorced,Auto,0,59957.82,14762.27,3530.66,0
49,Female,99406.66,8283.89,Self-Employed,15,10855.71,48,774,1,0.0716,2,High School,Rent,Married,Personal,0,19677.32,5248.28,254.95,0
25,Female,145396.51,12116.38,Self-Employed,0,267836.31,12,530,1,1.5,3,Master,Mortgage,Single,Business,1,24652.99,15185.46,24555.23,1
29,Female,10069.91,839.16,Student,0,5358.05,12,656,0,0.5703,2,High School,Mortgage,Married,Auto,0,12266.63,2669.71,478.57,0
68,Male,94328.29,7860.69,Salaried,5,70643.64,12,699,4,0.8745,0,Bachelor,Rent,Married,Business,0,37903.36,21402.94,6177.89,0
22,Male,145950.78,12162.56,Salaried,1,23464.69,12,586,0,0.1723,4,Master,Mortgage,Married,Education,0,31851.79,11522.72,2095.8,0
21,Male,11194.4,932.87,Unemployed,0,37206.73,36,661,2,1.5,2,High School,Mortgage,Married,Home,0,5893.27,3354.28,1253.64,1
60,Female,75869.42,6322.45,Self-Employed,8,39610.55,60,628,1,0.1919,1,High School,Rent,Single,Auto,0,7493.84,4354.43,901.26,0
50,Male,209942.82,17495.24,Self-Employed,28,137052.45,24,617,1,0.3807,4,Bachelor,Mortgage,Single,Education,0,24245.64,12354.49,6515.72,0
31,Male,84431.74,7035.98,Self-Employed,3,32637.12,24,602,0,0.2205,2,Bachelor,Mortgage,Married,Auto,0,23962.2,11173.91,1551.63,0
48,Male,138558.5,11546.54,Salaried,27,26559.37,36,606,0,0.0775,2,Bachelor,Mortgage,Divorced,Education,0,0.0,633.27,894.89,0
64,Male,136406.83,11367.24,Salaried,25,59338.04,48,754,1,0.1364,2,High School,Mortgage,Divorced,Personal,0,22756.35,7376.88,1393.56,0
32,Female,114954.48,9579.54,Salaried,5,217194.44,12,626,2,1.5,0,Bachelor,Rent,Single,Business,0,28588.88,19806.32,19399.22,1
59,Male,92059.04,7671.59,Salaried,37,88760.23,36,721,0,0.3679,2,High School,Mortgage,Married,Business,0,27033.15,18530.48,2822.55,0
46,Female,109529.02,9127.42,Salaried,25,21580.0,36,672,2,0.1032,0,Master,Own,Divorced,Auto,0,42545.35,7459.65,686.24,0
33,Female,86313.59,7192.8,Salaried,2,40906.44,36,743,0,0.1808,4,Bachelor,Mortgage,Single,Personal,0,598.61,1640.74,1300.81,0
28,Male,124770.34,10397.53,Salaried,6,50036.76,36,720,0,0.153,1,Bachelor,Mortgage,Married,Auto,0,15378.49,8747.02,1591.16,0
48,Female,61270.52,5105.88,Salaried,16,29777.57,24,704,0,0.2664,2,High School,Mortgage,Married,Education,0,9402.3,7123.55,1360.38,0
50,Female,177435.35,14786.28,Salaried,10,704488.33,24,666,0,1.5,1,Master,Rent,Married,Home,0,41081.92,19554.8,33492.66,0
29,Male,87744.69,7312.06,Self-Employed,7,57620.34,36,585,1,0.3189,2,Bachelor,Rent,Married,Personal,0,19530.1,12431.49,1941.46,0
59,Male,5357.09,446.42,Unemployed,0,7963.09,60,552,0,0.4044,0,Master,Own,Divorced,Business,0,3054.57,1961.39,202.21,1
51,Male,43060.24,3588.35,Self-Employed,7,14812.14,36,645,1,0.2167,1,High School,Mortgage,Single,Auto,0,20429.09,5837.01,499.08,0
41,Female,137692.19,11474.35,Salaried,7,145562.39,24,583,1,0.6192,2,Bachelor,Mortgage,Married,Business,0,48342.69,12309.08,6920.3,0
67,Female,106677.61,8889.8,Salaried,24,16819.43,24,705,0,0.0864,0,Bachelor,Rent,Single,Personal,0,47149.04,17500.01,768.39,0
54,Male,43634.56,3636.21,Self-Employed,3,188651.04,36,716,0,1.5,0,High School,Rent,Married,Home,0,5724.56,5745.04,5999.05,0
51,Male,97284.08,8107.01,Salaried,14,352466.75,36,677,0,1.3826,1,Bachelor,Mortgage,Divorced,Home,0,25192.72,7945.87,11208.35,0
45,Male,62772.95,5231.08,Salaried,15,28483.57,48,596,1,0.1902,0,High School,Rent,Married,Auto,0,17458.7,9437.83,764.14,0
32,Female,59661.5,4971.79,Salaried,5,217164.19,36,659,2,1.5,0,Bachelor,Own,Single,Home,0,0.0,3286.82,7317.12,1
21,Male,64083.75,5340.31,Salaried,0,33675.64,12,691,0,0.5515,0,Bachelor,Rent,Married,Auto,0,35229.48,14258.9,2944.98,0
42,Female,102036.14,8503.01,Salaried,10,13636.06,36,731,1,0.0815,0,Bachelor,Own,Single,Auto,0,42359.97,14306.94,433.62,0
60,Male,164076.51,13673.04,Salaried,27,82711.05,24,627,0,0.2876,2,Bachelor,Mortgage,Single,Auto,0,12147.66,4353.58,3932.23,0
57,Female,61054.46,5087.87,Salaried,6,212578.75,60,762,0,0.8078,3,Bachelor,Mortgage,Married,Home,0,20602.02,9187.23,4109.74,0
67,Female,158647.31,13220.61,Salaried,37,548622.2,12,769,0,1.5,2,High School,Mortgage,Married,Home,0,5295.33,3228.93,47217.95,0
21,Female,60864.71,5072.06,Self-Employed,0,27992.67,24,603,0,0.2624,0,Bachelor,Mortgage,Married,Auto,0,28122.81,17762.69,1330.82,0
21,Male,141794.87,11816.24,Salaried,0,67998.47,36,697,1,0.2067,2,Master,Own,Married,Education,0,0.0,2522.54,2162.33,0
62,Female,119455.55,9954.63,Salaried,23,41673.28,24,641,0,0.199,1,Bachelor,Mortgage,Single,Education,0,54771.41,19718.8,1981.22,0
62,Male,149916.68,12493.06,Self-Employed,30,267741.08,48,530,0,0.6295,2,High School,Own,Single,Home,1,66022.68,11919.77,7864.89,1
41,Male,8525.33,710.44,Student,0,26549.48,36,612,1,1.5,1,Bachelor,Rent,Married,Home,1,3529.92,1165.59,894.56,1
35,Female,84489.95,7040.83,Salaried,3,17680.38,12,672,4,0.4404,0,Bachelor,Mortgage,Divorced,Auto,0,30725.22,5016.78,1546.18,0
37,Female,75894.86,6324.57,Salaried,4,36816.89,36,685,4,0.2975,2,Bachelor,Rent,Divorced,Auto,0,8334.8,7196.99,1170.77,0
42,Female,71854.72,5987.89,Salaried,2,49113.16,36,515,2,0.39,1,Bachelor,Rent,Married,Auto,0,13850.55,8079.21,1775.56,0
58,Male,67114.93,5592.91,Self-Employed,5,18462.02,36,677,0,0.105,3,High School,Rent,Single,Auto,0,7840.99,8368.98,587.09,0
55,Female,11929.29,994.11,Student,0,5377.8,36,652,1,0.5507,2,Master,Rent,Married,Personal,0,11008.9,5453.59,181.2,0
65,Female,234350.97,19529.25,Salaried,32,173292.48,48,817,0,0.2084,0,Bachelor,Rent,Married,Personal,0,23930.51,7045.37,4069.78,0
36,Female,59866.94,4988.91,Self-Employed,3,36033.77,24,666,2,0.4033,2,High School,Rent,Single,Business,1,10208.46,5880.73,1713.11,0
28,Female,45878.03,3823.17,Salaried,7,20112.06,36,689,0,0.1673,1,High School,Own,Married,Auto,0,9445.07,7058.91,639.56,0
67,Female,312811.82,26067.65,Salaried,45,644228.38,24,756,2,1.1231,0,Bachelor,Mortgage,Divorced,Home,0,137878.9,21267.8,28552.59,0
37,Male,8837.73,736.48,Unemployed,0,4113.63,60,696,1,0.4691,1,Bachelor,Rent,Married,Education,0,6006.59,4929.59,85.39,0
37,Female,78727.7,6560.64,Salaried,5,46829.5,24,711,0,0.3261,0,Bachelor,Own,Single,Personal,0,33022.49,15381.29,2139.39,0
46,Female,198207.6,16517.3,Salaried,2,57020.62,48,775,3,0.1296,0,PhD,Mortgage,Married,Auto,1,85165.55,25573.76,1339.13,0
33,Female,14584.74,1215.4,Student,0,2000.0,24,542,2,0.2716,0,High School,Rent,Single,Personal,0,3637.56,2948.8,99.85,0
37,Male,118805.54,9900.46,Salaried,16,73775.6,60,789,1,0.1736,0,PhD,Mortgage,Single,Education,0,50166.42,17620.34,1426.29,0
58,Male,87330.71,7277.56,Salaried,31,182043.68,60,676,0,0.5193,0,Bachelor,Rent,Divorced,Business,0,26288.88,16866.46,3778.93,0
37,Male,62068.05,5172.34,Salaried,13,31213.82,24,638,1,0.3452,2,Bachelor,Rent,Single,Auto,0,20543.17,12521.84,1483.96,0
68,Female,203874.08,16989.51,Salaried,18,198598.99,24,747,0,0.534,0,Master,Rent,Single,Business,0,0.0,1977.39,9072.94,0
34,Female,116244.39,9687.03,Salaried,7,70678.34,48,665,1,0.2271,1,Bachelor,Rent,Married,Auto,1,31580.28,8985.94,1896.12,0
65,Male,231341.25,19278.44,Salaried,38,107674.94,36,710,3,0.2153,1,Bachelor,Mortgage,Divorced,Personal,0,4022.3,1788.14,3424.03,0
26,Female,122065.85,10172.15,Self-Employed,2,54909.94,48,671,0,0.1343,0,Master,Mortgage,Married,Auto,0,57399.74,21863.01,1366.44,0
55,Female,4854.91,404.58,Unemployed,0,8618.71,12,577,0,1.5,4,Bachelor,Mortgage,Single,Business,0,7703.51,5491.29,790.16,1
66,Female,62042.99,5170.25,Salaried,6,126460.08,36,748,2,0.8775,1,Bachelor,Mortgage,Married,Home,0,14567.77,10283.78,4021.4,0
34,Male,211323.03,17610.25,Salaried,12,113397.98,36,572,0,0.2328,2,Master,Rent,Married,Auto,0,41603.07,8264.4,4099.61,0
67,Female,203492.18,16957.68,Salaried,23,776427.14,24,760,0,1.5,1,Bachelor,Rent,Married,Home,0,45479.48,26754.78,34411.72,0
28,Male,69051.21,5754.27,Salaried,6,45774.14,36,692,3,0.3121,2,Bachelor,Rent,Married,Auto,0,0.0,2506.85,1455.61,0
35,Female,58110.53,4842.54,Salaried,4,29171.1,36,650,1,0.2804,4,Bachelor,Mortgage,Single,Auto,0,5656.09,4670.67,982.89,0
47,Male,131301.15,10941.76,Self-Employed,25,146593.93,24,601,0,0.6369,0,Bachelor,Own,Divorced,Business,0,65540.97,30211.8,6969.34,0
33,Male,35098.02,2924.83,Self-Employed,7,4094.52,48,596,0,0.0376,1,High School,Rent,Married,Personal,0,12050.63,9652.37,109.85,0
69,Female,75483.86,6290.32,Salaried,13,176897.22,24,690,1,1.3037,1,Bachelor,Own,Single,Home,0,21952.7,7641.15,8081.5,0
51,Male,84508.7,7042.39,Salaried,23,16306.26,12,656,1,0.2556,4,High School,Rent,Married,Personal,0,28831.06,7882.53,1456.43,0
55,Male,77568.12,6464.01,Salaried,10,141763.96,48,708,0,0.5458,0,Bachelor,Own,Single,Home,0,41399.0,14253.15,3527.8,0
26,Female,138523.87,11543.66,Salaried,3,35425.96,60,682,0,0.0637,2,Master,Mortgage,Married,Education,0,9973.34,6588.82,735.38,0
25,Female,109586.85,9132.24,Salaried,1,227917.0,24,685,2,1.2028,0,Bachelor,Rent,Single,Home,0,54686.23,9912.3,10412.33,0
42,Female,129640.89,10803.41,Salaried,21,139428.7,24,640,0,0.6136,3,High School,Rent,Single,Business,0,22219.85,10913.12,6628.69,0
69,Male,57422.45,4785.2,Self-Employed,1,36032.73,60,723,0,0.1563,1,High School,Rent,Married,Business,0,34144.75,14429.61,747.98,0
43,Male,9034.9,752.91,Unemployed,0,6920.02,24,503,1,0.6621,3,Bachelor,Rent,Married,Auto,0,8411.27,4471.7,345.48,1
45,Male,9940.31,828.36,Student,0,33693.13,48,541,1,1.5,3,Master,Mortgage,Single,Home,2,4962.94,2105.7,989.74,1
54,Male,93123.03,7760.25,Self-Employed,23,11774.44,12,725,2,0.227,1,Bachelor,Mortgage,Married,Education,0,0.0,986.5,1029.69,0
46,Female,83992.65,6999.39,Salaried,12,158270.91,60,603,1,0.5364,2,High School,Mortgage,Married,Home,0,43526.59,14215.9,3601.15,0
67,Male,86695.29,7224.61,Salaried,9,141766.11,48,610,0,0.5264,2,Bachelor,Mortgage,Married,Home,0,0.0,2300.37,3803.23,0
25,Male,37934.51,3161.21,Salaried,0,44573.39,12,554,2,1.4893,1,Bachelor,Rent,Single,Business,0,13486.43,6394.72,4086.49,1
46,Male,158018.19,13168.18,Salaried,24,116492.85,48,714,1,0.2341,1,Bachelor,Own,Married,Education,0,40032.01,23302.83,2898.93,0
40,Male,6983.69,581.97,Student,0,11931.5,48,667,0,0.55,0,Bachelor,Rent,Single,Business,0,7586.85,4312.33,320.09,0
26,Female,103987.92,8665.66,Salaried,0,315560.83,12,689,1,1.5,0,Bachelor,Mortgage,Divorced,Home,0,25187.62,16995.08,27596.26,0
26,Female,129055.03,10754.59,Self-Employed,5,80371.06,48,652,0,0.2005,4,Bachelor,Rent,Married,Auto,1,26198.54,11874.42,2156.15,0
38,Male,6621.73,551.81,Student,0,4243.33,60,613,1,0.3662,0,Bachelor,Rent,Divorced,Business,0,4451.58,4039.32,96.55,0
24,Male,27529.46,2294.12,Self-Employed,1,15922.73,60,597,3,0.5675,2,High School,Rent,Single,Auto,0,16249.85,8520.58,362.29,0
37,Male,60485.33,5040.44,Self-Employed,5,215924.31,24,543,0,1.5,0,Master,Rent,Married,Home,0,10625.65,5466.1,10779.83,1
34,Female,148369.57,12364.13,Salaried,10,65492.28,36,721,0,0.1684,1,Bachelor,Rent,Single,Auto,0,13068.08,8029.34,2082.64,0
34,Female,36513.04,3042.75,Salaried,3,7902.33,36,694,1,0.2126,0,High School,Mortgage,Married,Auto,0,8921.73,7159.11,251.29,0
33,Male,93533.24,7794.44,Salaried,0,58499.59,12,615,0,0.6704,1,Master,Rent,Single,Personal,0,29217.46,12081.31,5225.02,0
27,Male,41787.1,3482.26,Self-Employed,0,10741.71,24,731,0,0.1409,0,Bachelor,Rent,Married,Auto,0,17227.87,3716.7,490.73,0
64,Female,43667.29,3638.94,Salaried,0,70726.4,36,629,1,0.756,1,High School,Rent,Single,Home,0,4520.83,4062.74,2383.05,0
35,Female,111831.97,9319.33,Salaried,4,63707.95,36,697,2,0.2535,1,Bachelor,Mortgage,Single,Education,0,34442.21,20060.48,2025.9,0
39,Female,141440.31,11786.69,Salaried,14,59965.81,24,554,1,0.2647,2,Master,Mortgage,Married,Personal,0,23097.22,9122.67,2993.74,0
63,Male,95668.52,7972.38,Salaried,0,142696.93,36,650,0,0.6031,1,Bachelor,Own,Married,Business,0,44222.0,17939.7,4808.02,0
67,Male,97484.82,8123.74,Salaried,16,46402.13,60,616,0,0.13,3,High School,Rent,Married,Auto,0,50113.79,9827.13,1055.79,0
64,Male,10173.08,847.76,Student,0,38839.0,36,740,2,1.5,2,Bachelor,Mortgage,Single,Home,0,9954.85,5510.35,1235.07,1
55,Female,96541.37,8045.11,Salaried,1,24175.08,48,850,2,0.1183,0,Bachelor,Rent,Single,Education,0,27270.52,11814.64,567.75,0
37,Female,198592.42,16549.37,Salaried,11,51743.84,48,615,1,0.0979,0,Master,Rent,Married,Auto,0,79080.79,28338.74,1388.16,0
55,Male,137059.21,11421.6,Salaried,28,113374.88,24,660,0,0.4719,0,High School,Mortgage,Married,Business,0,33332.87,20134.79,5390.05,0
39,Male,139432.4,11619.37,Salaried,14,41024.33,12,830,0,0.3039,0,Bachelor,Rent,Single,Personal,0,0.0,2649.31,3530.82,0
40,Male,79320.26,6610.02,Salaried,8,56152.29,36,640,0,0.2862,1,High School,Rent,Married,Personal,0,32213.88,22877.8,1891.99,0
56,Male,63465.45,5288.79,Self-Employed,7,24929.81,36,772,0,0.1434,3,Bachelor,Rent,Married,Personal,0,24816.47,5645.76,758.41,0
55,Male,290134.4,24177.87,Self-Employed,15,619727.87,48,725,0,0.6379,1,PhD,Mortgage,Divorced,Home,0,4255.36,3542.2,15421.95,0
52,Female,76211.74,6350.98,Salaried,29,22024.23,36,747,1,0.1304,2,High School,Rent,Single,Education,0,6219.18,4139.96,700.36,0
68,Male,119702.26,9975.19,Self-Employed,22,54486.51,36,812,1,0.2061,0,Bachelor,Rent,Married,Personal,0,10778.87,4413.7,1657.59,0
64,Male,7179.87,598.32,Unemployed,0,3420.79,24,673,0,0.2612,0,Bachelor,Own,Single,Personal,0,9756.59,5420.29,156.28,0
60,Female,99562.74,8296.9,Salaried,28,73076.43,36,622,0,0.2968,2,Bachelor,Rent,Married,Personal,0,24467.21,9767.44,2462.23,0
44,Male,111544.74,9295.4,Salaried,9,56911.39,12,637,0,0.5468,0,Bachelor,Rent,Single,Auto,0,0.0,3204.99,5083.17,0
37,Male,73729.28,6144.11,Salaried,11,209080.06,24,621,0,1.5,3,Bachelor,Mortgage,Married,Home,0,35164.62,6712.8,9940.05,1
27,Male,170804.13,14233.68,Salaried,5,354653.07,60,617,2,0.5883,0,Master,Rent,Married,Home,0,55188.17,26283.38,8069.45,0
63,Female,149977.02,12498.08,Salaried,11,403379.53,12,788,0,1.5,3,Bachelor,Rent,Married,Home,0,53211.95,14024.34,34717.44,0
21,Female,78331.91,6527.66,Salaried,0,207168.35,60,605,0,0.7221,2,Bachelor,Own,Married,Home,0,40935.71,14632.34,4713.72,0
55,Male,6494.76,541.23,Unemployed,0,4346.08,36,640,2,1.1163,1,Bachelor,Rent,Married,Auto,1,4094.03,2899.31,146.44,1
52,Female,130162.01,10846.83,Salaried,29,174383.82,48,671,1,0.4155,3,Master,Mortgage,Married,Business,0,38606.26,8476.19,4339.55,0
56,Male,13233.0,1102.75,Student,0,22530.77,36,710,1,0.8273,0,High School,Rent,Single,Home,0,11183.42,6742.82,716.47,0
33,Female,59797.17,4983.1,Salaried,9,83296.49,12,605,0,1.493,0,High School,Rent,Single,Business,0,13823.93,6060.99,7439.82,1
26,Female,67169.16,5597.43,Salaried,5,76196.39,48,762,0,0.3197,0,Bachelor,Rent,Married,Business,0,18619.12,4408.02,1789.47,0
34,Female,125605.03,10467.09,Salaried,3,302663.68,48,778,0,0.6791,0,Bachelor,Mortgage,Married,Home,0,65416.83,35620.79,7108.07,0
57,Male,8682.97,723.58,Unemployed,0,3074.64,48,572,0,0.1248,1,Master,Mortgage,Married,Personal,0,8431.83,6050.92,90.32,1
68,Female,81488.49,6790.71,Salaried,46,154987.24,36,701,2,0.7973,3,High School,Rent,Single,Business,0,31949.79,13641.04,4928.55,0
35,Female,145745.12,12145.43,Self-Employed,3,682262.31,24,610,3,1.5,0,Master,Mortgage,Married,Home,0,76963.56,19232.08,32435.99,1
67,Female,325104.6,27092.05,Salaried,40,191315.64,60,772,0,0.1365,3,Master,Mortgage,Single,Auto,0,18042.33,8363.44,3698.67,0
24,Female,72997.22,6083.1,Salaried,2,19532.38,60,684,0,0.0667,3,Bachelor,Mortgage,Divorced,Personal,0,17207.62,4499.33,405.46,0
60,Male,58003.1,4833.59,Salaried,6,154913.15,48,680,0,0.7975,2,Bachelor,Rent,Single,Home,0,33061.68,19405.42,3855.02,0
36,Male,75805.81,6317.15,Salaried,13,45006.72,24,632,0,0.3387,3,High School,Rent,Married,Education,1,0.0,1747.49,2139.7,0
48,Male,111172.06,9264.34,Salaried,19,307582.55,24,771,0,1.4715,2,High School,Own,Married,Home,0,34898.77,20919.42,13632.25,0
36,Male,76033.95,6336.16,Salaried,8,15740.79,48,717,0,0.0618,1,Master,Mortgage,Divorced,Personal,0,17643.55,12196.99,391.71,0
24,Female,55729.08,4644.09,Salaried,3,12358.19,24,692,3,0.3299,1,Bachelor,Rent,Single,Education,0,26299.0,16233.17,564.58,0
65,Female,76086.98,6340.58,Salaried,9,70962.43,24,802,1,0.5314,1,High School,Mortgage,Single,Education,0,7022.33,2011.37,3145.1,0
46,Female,139859.91,11654.99,Self-Employed,19,145655.91,12,660,1,1.1252,0,Bachelor,Rent,Married,Business,0,22507.11,7002.62,13009.59,0
48,Male,207952.98,17329.42,Salaried,12,146012.72,36,782,0,0.2563,0,Master,Rent,Married,Education,0,47619.19,20108.13,4441.99,0
52,Male,118331.3,9860.94,Self-Employed,5,235855.32,36,676,0,0.7606,1,Bachelor,Rent,Single,Home,0,17210.18,10436.33,7500.14,0
65,Female,255389.36,21282.45,Self-Employed,35,937941.57,24,654,0,1.5,0,Bachelor,Mortgage,Married,Home,0,22182.04,5399.65,44591.45,1
22,Male,72446.91,6037.24,Salaried,0,309749.1,36,655,2,1.5,4,Bachelor,Mortgage,Married,Home,0,11079.14,8004.21,10436.67,1
51,Male,173853.11,14487.76,Salaried,20,380058.95,36,661,1,0.9021,1,Bachelor,Rent,Married,Home,0,80483.24,12261.15,12805.69,0
23,Female,28533.27,2377.77,Self-Employed,1,15960.89,24,571,0,0.3351,0,High School,Own,Single,Auto,0,11519.62,5297.44,796.83,0
28,Female,47669.51,3972.46,Self-Employed,5,25448.83,12,572,1,0.6588,0,High School,Mortgage,Single,Auto,0,25607.19,5803.94,2333.15,1
44,Male,92686.07,7723.84,Self-Employed,2,60326.64,48,505,0,0.2294,1,Bachelor,Mortgage,Married,Education,2,9187.51,3389.71,1772.1,1
35,Female,94776.29,7898.02,Salaried,0,9683.23,24,678,0,0.056,0,Bachelor,Rent,Married,Auto,0,34101.34,19798.09,442.38,0
63,Female,134882.04,11240.17,Salaried,17,49163.0,48,748,0,0.1088,0,Bachelor,Own,Married,Personal,0,52004.97,8845.58,1223.42,0
51,Female,50998.26,4249.86,Salaried,1,21215.5,36,617,1,0.2574,4,High School,Mortgage,Married,Auto,0,1560.11,1998.77,714.83,0
29,Female,46929.02,3910.75,Salaried,7,69807.57,36,590,2,0.6752,0,High School,Mortgage,Single,Business,1,17878.62,3365.83,2352.09,0
59,Male,37754.46,3146.2,Salaried,3,12986.55,36,700,1,0.2371,2,High School,Own,Single,Auto,0,3120.1,3294.11,412.97,0
65,Female,154054.03,12837.84,Self-Employed,31,96957.37,36,748,1,0.2689,0,High School,Mortgage,Single,Personal,0,74583.88,39311.09,3083.22,0
22,Male,48165.92,4013.83,Salaried,0,110138.81,24,619,1,1.333,3,Bachelor,Rent,Divorced,Home,0,15352.1,10990.94,5236.2,0
28,Male,78564.11,6547.01,Salaried,3,158122.55,24,717,1,1.1349,1,Bachelor,Own,Married,Home,0,126.27,2008.83,7223.79,1
27,Female,108301.54,9025.13,Salaried,1,40645.05,36,776,0,0.137,2,Bachelor,Rent,Single,Auto,0,36909.32,16319.01,1236.5,0
64,Female,60237.22,5019.77,Salaried,6,6246.42,36,618,0,0.0419,2,Bachelor,Rent,Single,Auto,0,27654.91,9481.13,210.47,0
59,Female,41418.05,3451.5,Salaried,8,66572.89,24,833,0,0.8549,1,High School,Own,Divorced,Business,0,19420.63,8586.48,2950.55,0
62,Female,110903.34,9241.94,Salaried,6,440835.56,48,815,0,1.1202,0,Bachelor,Mortgage,Married,Home,0,1287.82,2312.66,10353.04,0
36,Female,58210.27,4850.86,Self-Employed,10,158964.85,24,655,0,1.5,1,High School,Rent,Divorced,Home,0,19805.2,8672.11,7557.48,1
55,Female,84213.55,7017.8,Salaried,20,50937.29,48,812,1,0.2138,0,High School,Rent,Single,Auto,1,33063.11,6816.66,1196.26,0
50,Male,60782.05,5065.17,Salaried,2,30280.19,36,721,0,0.1901,1,High School,Rent,Married,Auto,0,25492.04,4908.17,962.9,0
30,Male,140636.13,11719.68,Salaried,7,60816.07,24,597,1,0.2705,1,PhD,Rent,Single,Education,0,0.0,2918.32,2891.31,0
58,Male,218373.36,18197.78,Salaried,31,529567.09,48,650,0,0.7807,2,Bachelor,Rent,Single,Home,0,17844.48,7713.41,14206.96,0
38,Male,211533.79,17627.82,Salaried,11,741029.48,24,619,0,1.5,0,Master,Rent,Single,Home,0,97038.18,59252.13,35229.89,0
25,Male,120377.11,10031.43,Salaried,3,13932.45,12,721,0,0.1215,0,Bachelor,Mortgage,Single,Personal,0,7415.74,2996.7,1218.41,0
49,Female,128590.6,10715.88,Salaried,16,92993.79,24,763,0,0.3846,4,Bachelor,Rent,Married,Auto,0,28646.79,5376.9,4121.54,0
59,Female,135915.83,11326.32,Salaried,28,229734.18,12,792,2,1.5,3,Bachelor,Rent,Divorced,Business,0,49026.65,14452.88,19772.4,0
54,Female,50421.54,4201.8,Self-Employed,2,9707.96,36,630,0,0.0778,4,High School,Rent,Single,Education,0,27373.64,14215.4,327.1,0
63,Female,111240.96,9270.08,Salaried,42,487741.7,36,828,1,1.5,1,High School,Own,Divorced,Home,0,24839.12,12160.72,14838.05,0
65,Female,150675.87,12556.32,Salaried,7,275090.72,24,719,1,1.0182,0,PhD,Mortgage,Single,Home,0,32375.45,16332.74,12567.45,0
43,Male,40011.89,3334.32,Salaried,1,20920.87,60,793,2,0.2469,3,Bachelor,Rent,Married,Personal,0,15022.23,4046.63,404.46,0
25,Male,2552.14,212.68,Unemployed,0,4352.22,12,595,0,0.7775,0,High School,Rent,Single,Home,0,1930.32,1531.51,388.73,1
50,Male,124591.03,10382.59,Self-Employed,24,323544.84,24,627,1,1.4944,0,High School,Mortgage,Married,Home,0,17946.52,11036.04,15381.91,1
26,Female,100177.57,8348.13,Salaried,5,13058.76,24,723,0,0.0715,0,Master,Rent,Single,Personal,0,21752.16,5499.61,596.59,0
66,Male,310657.49,25888.12,Salaried,35,430925.12,24,731,2,0.7836,2,Master,Own,Married,Business,0,0.0,1426.06,19686.7,0
64,Female,164630.63,13719.22,Salaried,31,101401.9,24,577,0,0.369,0,Bachelor,Mortgage,Married,Education,0,0.0,3374.94,5062.4,0
24,Female,70519.54,5876.63,Self-Employed,2,128336.9,24,621,1,1.0586,2,High School,Rent,Married,Home,0,8919.17,3150.52,6101.37,0
49,Male,158247.5,13187.29,Salaried,9,281951.75,36,617,1,0.7441,0,Master,Mortgage,Single,Home,0,35285.94,7157.31,9500.07,0
43,Male,75708.13,6309.01,Salaried,11,30168.91,48,702,1,0.1448,0,Bachelor,Rent,Married,Education,0,37790.66,16680.09,750.75,0
26,Male,6477.23,539.77,Unemployed,0,19330.88,36,617,0,1.2067,1,Bachelor,Rent,Married,Home,0,9412.72,7771.83,651.33,1
52,Male,169810.87,14150.91,Salaried,22,100088.24,36,658,0,0.2383,0,Bachelor,Rent,Divorced,Auto,0,50462.87,26744.64,3372.37,0
62,Female,159478.48,13289.87,Salaried,39,92973.56,24,706,0,0.3196,4,Bachelor,Own,Married,Auto,0,65758.02,13187.37,4247.47,0
38,Female,3933.02,327.75,Unemployed,0,6572.97,24,611,1,0.9645,4,Bachelor,Rent,Divorced,Home,0,6486.6,3441.05,312.49,1
35,Female,128942.75,10745.23,Self-Employed,6,181452.55,48,610,0,0.453,0,Master,Mortgage,Married,Business,0,57621.97,13929.43,4867.92,0
60,Female,81233.06,6769.42,Salaried,10,291637.91,36,714,1,1.3893,3,Bachelor,Own,Married,Home,0,23947.66,7928.87,9274.01,0
52,Female,7943.42,661.95,Unemployed,0,3888.03,24,496,0,0.2932,2,Bachelor,Mortgage,Single,Auto,1,4892.2,2869.66,194.11,1
29,Female,7717.34,643.11,Student,0,2124.65,48,597,0,0.0886,1,High School,Rent,Married,Personal,0,4290.07,3705.32,57.0,0
57,Male,11065.79,922.15,Unemployed,0,19081.42,36,657,0,0.6972,2,High School,Mortgage,Married,Business,1,6053.88,5682.74,642.93,1
30,Female,70887.77,5907.31,Salaried,3,262396.37,12,660,1,1.5,3,Bachelor,Rent,Single,Home,0,16748.37,4971.35,23436.53,0
40,Male,156226.99,13018.92,Salaried,12,72409.16,24,645,0,0.2644,0,Bachelor,Mortgage,Single,Business,0,50115.52,25219.9,3442.46,0
26,Male,65476.47,5456.37,Salaried,3,25807.01,60,669,0,0.1076,0,Bachelor,Rent,Divorced,Auto,0,27474.24,10917.21,587.19,0
68,Male,68476.18,5706.35,Self-Employed,6,121128.6,36,623,1,0.7354,1,High School,Rent,Married,Home,0,1705.4,758.26,4081.3,0
23,Female,31510.92,2625.91,Salaried,0,4283.53,48,603,1,0.1227,0,High School,Mortgage,Single,Personal,0,17450.47,4968.9,114.92,0
62,Male,130393.93,10866.16,Salaried,9,15460.36,24,727,1,0.0974,0,Bachelor,Mortgage,Married,Education,0,9165.95,3485.18,706.3,0
31,Male,65120.25,5426.69,Salaried,6,171620.28,48,650,1,0.877,1,Bachelor,Rent,Single,Home,0,0.0,2531.44,4604.14,0
63,Female,208695.15,17391.26,Salaried,26,189015.1,48,713,2,0.2995,2,Bachelor,Own,Married,Education,1,41640.62,10158.13,4703.65,0
37,Female,88577.47,7381.46,Self-Employed,6,17074.58,24,693,1,0.1539,0,Bachelor,Own,Married,Personal,0,468.16,1688.26,780.05,0
52,Female,83830.08,6985.84,Salaried,22,60590.37,36,727,1,0.3279,0,Bachelor,Mortgage,Single,Auto,0,41942.33,7339.55,1926.76,0
24,Female,67356.0,5613.0,Self-Employed,1,31782.08,24,554,0,0.2827,2,Bachelor,Own,Married,Auto,1,8503.68,5980.57,1586.69,0
24,Female,107496.98,8958.08,Salaried,3,455214.32,24,593,0,1.5,0,Bachelor,Own,Single,Home,0,10292.79,6941.77,21641.72,1
37,Female,41493.24,3457.77,Salaried,11,17568.03,48,727,1,0.1977,2,High School,Own,Divorced,Personal,0,8930.3,2957.69,437.18,0
61,Male,11257.29,938.11,Student,0,3997.83,36,712,0,0.1355,4,Bachelor,Rent,Divorced,Auto,0,9890.23,6897.37,127.13,0
39,Female,84610.36,7050.86,Salaried,3,47380.29,24,698,1,0.3306,4,Bachelor,Rent,Single,Personal,0,44.83,1902.56,2164.56,0
25,Female,40493.48,3374.46,Salaried,0,7940.73,48,721,1,0.1021,2,High School,Rent,Married,Personal,0,14632.6,3597.04,197.61,0
52,Male,12556.17,1046.35,Student,0,6384.72,24,777,0,0.2704,0,PhD,Mortgage,Married,Personal,0,5657.01,3746.73,282.97,0
42,Male,41433.06,3452.75,Salaried,0,30672.97,60,771,2,0.2806,0,Bachelor,Own,Married,Personal,0,15431.01,11351.33,592.99,0
26,Male,86794.84,7232.9,Salaried,4,55445.81,24,850,0,0.3398,2,Bachelor,Mortgage,Single,Education,0,36055.5,10236.7,2457.39,0
55,Female,93638.27,7803.19,Self-Employed,6,28380.6,60,730,0,0.0755,4,Bachelor,Mortgage,Married,Personal,0,18462.28,12847.67,589.13,0
42,Male,43394.05,3616.17,Salaried,12,17260.3,24,688,1,0.2574,0,High School,Rent,Divorced,Personal,0,22899.35,14483.17,788.53,0
21,Female,31801.14,2650.1,Salaried,0,18076.8,48,615,1,0.2289,0,High School,Rent,Single,Auto,0,16458.52,5625.77,484.96,0
40,Female,103700.6,8641.72,Salaried,13,316681.94,24,711,2,1.5,2,Bachelor,Mortgage,Single,Home,0,1000.2,3721.45,14467.53,1
42,Female,60118.31,5009.86,Salaried,4,15623.07,60,773,0,0.0603,0,High School,Own,Single,Auto,0,34094.63,18673.91,302.04,0
68,Female,49787.59,4148.97,Salaried,20,20047.23,48,736,1,0.2119,0,High School,Rent,Married,Education,0,28568.05,20064.46,498.88,0
31,Male,66528.35,5544.03,Salaried,1,264293.85,24,620,2,1.5,3,PhD,Mortgage,Divorced,Home,0,30587.62,14113.46,12565.01,0
33,Male,60256.57,5021.38,Self-Employed,4,246705.14,36,661,1,1.5,0,Bachelor,Mortgage,Married,Home,0,22365.13,10539.66,8312.47,0
62,Male,126439.61,10536.63,Salaried,39,433050.46,24,766,1,1.5,0,High School,Rent,Single,Home,0,39233.69,6723.9,19193.06,0
23,Female,42141.74,3511.81,Self-Employed,1,37353.79,24,619,2,0.6369,1,Bachelor,Mortgage,Married,Education,0,27996.6,20178.83,1775.87,0
29,Male,118390.59,9865.88,Salaried,7,58228.57,48,761,1,0.1774,2,Bachelor,Mortgage,Single,Personal,0,27930.49,6730.9,1367.5,0
32,Male,54761.97,4563.5,Salaried,3,19910.84,12,616,0,0.3897,0,Bachelor,Mortgage,Single,Personal,0,1913.76,3184.44,1778.38,0
43,Male,73811.45,6150.95,Salaried,4,61720.13,36,654,0,0.3381,1,High School,Mortgage,Married,Education,0,10722.59,4809.8,2079.6,0
34,Female,7047.33,587.28,Student,0,17446.52,36,676,1,1.5,1,Bachelor,Rent,Single,Home,1,4689.15,3990.95,554.79,1
53,Male,91434.9,7619.58,Self-Employed,29,72497.5,48,724,1,0.2708,1,High School,Mortgage,Married,Education,0,14845.76,4358.25,1804.1,0
38,Female,6790.93,565.91,Unemployed,0,3603.46,12,606,0,0.5687,0,Bachelor,Rent,Married,Auto,0,3195.01,1793.4,321.85,0
69,Male,91505.24,7625.44,Salaried,11,10709.24,24,653,0,0.0668,0,Bachelor,Rent,Married,Personal,0,25.0,2082.76,509.14,0
61,Female,65976.04,5498.0,Salaried,38,30616.24,24,752,1,0.2661,1,High School,Mortgage,Divorced,Auto,0,0.0,0.0,1356.93,0
29,Male,81697.3,6808.11,Salaried,4,58691.31,36,774,0,0.2623,2,High School,Rent,Divorced,Education,0,28368.87,20601.8,1785.5,0
43,Female,87297.78,7274.82,Salaried,12,134500.07,36,740,1,0.6025,2,Bachelor,Mortgage,Single,Home,0,28824.81,8894.65,4277.07,0
30,Female,64875.68,5406.31,Self-Employed,9,127403.63,12,732,0,1.5,2,Bachelor,Mortgage,Divorced,Business,0,0.0,1516.84,11141.64,1
39,Male,35421.02,2951.75,Salaried,3,108167.04,36,635,1,1.3094,2,High School,Mortgage,Married,Home,1,11483.98,8440.91,3644.58,1
67,Female,162207.38,13517.28,Self-Employed,30,706402.35,24,815,0,1.5,0,High School,Own,Married,Home,0,17584.5,8200.77,31308.18,0
25,Female,90343.37,7528.61,Self-Employed,4,178670.72,48,660,0,0.6367,3,PhD,Rent,Single,Home,0,20530.65,11837.28,4793.29,0
67,Female,101585.68,8465.47,Salaried,35,184618.61,36,699,2,0.7696,3,High School,Rent,Single,Home,0,18563.77,8349.87,5870.82,0
43,Female,2676.22,223.02,Unemployed,0,9176.35,36,574,1,1.0333,1,PhD,Rent,Divorced,Home,0,8529.36,3455.38,331.75,1
50,Male,123547.28,10295.61,Salaried,25,276437.85,48,767,0,0.6306,0,High School,Mortgage,Single,Home,0,58017.75,33646.63,6492.15,0
45,Female,78966.12,6580.51,Self-Employed,11,38379.28,36,767,0,0.1774,1,High School,Own,Single,Education,0,7654.47,6668.67,1167.57,0
48,Female,136431.1,11369.26,Self-Employed,19,25262.54,36,655,0,0.0749,1,Bachelor,Rent,Single,Auto,0,0.0,2770.5,851.19,0
54,Female,157277.48,13106.46,Salaried,33,29043.06,36,797,0,0.0674,0,High School,Mortgage,Divorced,Education,0,71884.11,12964.38,883.55,0
65,Female,130947.09,10912.26,Salaried,36,98214.18,48,779,0,0.2114,1,High School,Rent,Married,Personal,0,31394.8,9802.79,2306.56,0
68,Male,93153.98,7762.83,Self-Employed,7,38568.95,48,701,0,0.1236,2,High School,Mortgage,Divorced,Auto,0,16115.91,3506.79,959.79,0
67,Female,157189.21,13099.1,Salaried,3,55524.73,24,720,0,0.1936,2,PhD,Rent,Single,Education,0,0.0,1941.41,2536.63,0
45,Female,8543.4,711.95,Student,0,7058.92,60,760,0,0.1917,0,Bachelor,Rent,Single,Personal,0,7576.88,4689.88,136.47,0
30,Male,41866.26,3488.86,Salaried,1,107313.1,48,691,1,0.8231,0,Bachelor,Rent,Married,Home,0,8304.49,4931.02,2670.49,0
34,Female,121302.29,10108.52,Salaried,8,26625.46,36,804,0,0.0801,2,Bachelor,Rent,Married,Auto,0,0.0,706.39,810.0,0
62,Female,8736.45,728.04,Student,0,5815.48,12,613,1,0.9884,3,Bachelor,Own,Single,Auto,0,5664.02,3180.62,519.42,1
66,Male,204451.61,17037.63,Salaried,37,88578.18,60,681,0,0.1079,1,Bachelor,Rent,Single,Education,0,59532.76,14884.6,1838.74,0
50,Male,111484.21,9290.35,Salaried,2,39520.25,36,737,2,0.1768,2,Bachelor,Rent,Single,Auto,0,4586.9,519.65,1256.73,0
61,Female,29444.18,2453.68,Self-Employed,4,6345.71,36,669,1,0.1604,0,High School,Own,Single,Auto,1,15977.13,3884.43,213.81,0
45,Male,115884.35,9657.03,Salaried,21,271684.81,48,658,4,0.8166,1,High School,Mortgage,Married,Home,1,7372.24,6457.97,7288.62,1
34,Male,61728.8,5144.07,Salaried,8,16746.18,24,670,2,0.2358,4,High School,Rent,Single,Auto,0,3923.57,2538.24,796.14,0
55,Male,41187.97,3432.33,Salaried,8,136976.44,24,726,0,1.5,2,High School,Mortgage,Single,Home,0,4373.02,5019.77,6257.73,0
68,Male,7824.58,652.05,Unemployed,0,5579.34,48,698,1,0.5053,3,High School,Rent,Single,Auto,0,6973.66,4823.54,138.84,0
54,Female,148696.55,12391.38,Salaried,11,239923.03,24,736,0,0.8846,1,Master,Own,Single,Business,0,47393.23,22307.7,10960.82,0
